INFO 2025-10-01 22:01:38,379 google_sheets ✓ Google Sheets API connected
ERROR 2025-10-01 22:01:47,750 google_sheets ✗ Failed to extract data from FINAL STATUS!A:G: <HttpError 400 when requesting https://sheets.googleapis.com/v4/spreadsheets/12Tl-Plep7xBJqpC9iuSe1lncWJzxb6J8gKkI-NAjfUY/values/FINAL%20STATUS%21A%3AG?alt=json returned "Unable to parse range: FINAL STATUS!A:G". Details: "Unable to parse range: FINAL STATUS!A:G">
INFO 2025-10-01 22:02:21,322 views Starting migration in FAST mode for user flamefusion
INFO 2025-10-01 22:02:21,424 google_sheets ✓ Google Sheets API connected
INFO 2025-10-01 22:02:21,444 migration_service 🚀 [FAST] Starting migration: FINAL STATUS!A:G → vendor_data
INFO 2025-10-01 22:02:21,445 migration_service 📥 Loading data from FINAL STATUS!A:G...
INFO 2025-10-01 22:02:21,454 migration_service 🚀 [FAST] Starting migration: Sheet1!A:I → charging_station_data
INFO 2025-10-01 22:02:21,459 migration_service 🚀 [FAST] Starting migration: 3DE TECH!A:M → vqc_data
INFO 2025-10-01 22:02:21,460 migration_service 🚀 [FAST] Starting migration: Sheet1!A:O → ft_data
INFO 2025-10-01 22:02:21,460 migration_service 📥 Loading data from Sheet1!A:I...
INFO 2025-10-01 22:02:21,460 migration_service 🚀 [FAST] Starting migration: IHC!A:M → vqc_data
INFO 2025-10-01 22:02:21,460 migration_service 🚀 [FAST] Starting migration: MAKENICA!A:M → vqc_data
INFO 2025-10-01 22:02:21,476 migration_service 📥 Loading data from 3DE TECH!A:M...
INFO 2025-10-01 22:02:21,491 migration_service 📥 Loading data from Sheet1!A:O...
INFO 2025-10-01 22:02:21,531 migration_service 📥 Loading data from IHC!A:M...
INFO 2025-10-01 22:02:21,559 migration_service 📥 Loading data from MAKENICA!A:M...
ERROR 2025-10-01 22:02:24,992 google_sheets ✗ Failed to extract data from Sheet1!A:I: <HttpError 400 when requesting https://sheets.googleapis.com/v4/spreadsheets/1Hl3Vt4rDarzZPpxgNwlU62etIKygt70zntrVeighRGw/values/Sheet1%21A%3AI?alt=json returned "Unable to parse range: Sheet1!A:I". Details: "Unable to parse range: Sheet1!A:I">
ERROR 2025-10-01 22:02:24,999 migration_service ❌ [FAST] Failed: Sheet1!A:I - No data found in sheet
ERROR 2025-10-01 22:02:24,999 migration_service ✗ Migration failed for Sheet1!A:I: No data found in sheet
INFO 2025-10-01 22:26:24,583 google_sheets ✓ Google Sheets API connected
ERROR 2025-10-01 22:26:32,586 google_sheets ✗ Failed to extract data from FINAL STATUS!A:G: <HttpError 400 when requesting https://sheets.googleapis.com/v4/spreadsheets/12Tl-Plep7xBJqpC9iuSe1lncWJzxb6J8gKkI-NAjfUY/values/FINAL%20STATUS%21A%3AG?alt=json returned "Unable to parse range: FINAL STATUS!A:G". Details: "Unable to parse range: FINAL STATUS!A:G">
INFO 2025-10-01 22:26:53,081 views Starting migration in FAST mode for user flamefusion
INFO 2025-10-01 22:26:53,147 google_sheets ✓ Google Sheets API connected
INFO 2025-10-01 22:26:53,160 migration_service 🚀 [FAST] Starting migration: FINAL STATUS!A:G → vendor_data
INFO 2025-10-01 22:26:53,160 migration_service 📥 Loading data from FINAL STATUS!A:G...
INFO 2025-10-01 22:26:53,169 migration_service 🚀 [FAST] Starting migration: 3DE TECH!A:M → vqc_data
INFO 2025-10-01 22:26:53,169 migration_service 🚀 [FAST] Starting migration: Sheet1!A:I → charging_station_data
INFO 2025-10-01 22:26:53,169 migration_service 🚀 [FAST] Starting migration: Sheet1!A:O → ft_data
INFO 2025-10-01 22:26:53,169 migration_service 🚀 [FAST] Starting migration: IHC!A:M → vqc_data
INFO 2025-10-01 22:26:53,180 migration_service 🚀 [FAST] Starting migration: MAKENICA!A:M → vqc_data
INFO 2025-10-01 22:26:53,195 migration_service 📥 Loading data from 3DE TECH!A:M...
INFO 2025-10-01 22:26:53,211 migration_service 📥 Loading data from Sheet1!A:I...
INFO 2025-10-01 22:26:53,245 migration_service 📥 Loading data from Sheet1!A:O...
INFO 2025-10-01 22:26:53,256 migration_service 📥 Loading data from IHC!A:M...
INFO 2025-10-01 22:26:53,261 migration_service 📥 Loading data from MAKENICA!A:M...
ERROR 2025-10-01 22:27:55,767 google_sheets ✗ Failed to extract data from Sheet1!A:I: The read operation timed out
ERROR 2025-10-01 22:27:55,774 migration_service ❌ [FAST] Failed: Sheet1!A:I - No data found in sheet
ERROR 2025-10-01 22:27:55,774 migration_service ✗ Migration failed for Sheet1!A:I: No data found in sheet
ERROR 2025-10-01 22:27:55,782 google_sheets ✗ Failed to extract data from FINAL STATUS!A:G: The read operation timed out
ERROR 2025-10-01 22:27:55,788 migration_service ❌ [FAST] Failed: FINAL STATUS!A:G - No data found in sheet
ERROR 2025-10-01 22:27:55,788 migration_service ✗ Migration failed for FINAL STATUS!A:G: No data found in sheet
ERROR 2025-10-01 22:27:55,790 google_sheets ✗ Failed to extract data from IHC!A:M: The read operation timed out
ERROR 2025-10-01 22:27:55,792 google_sheets ✗ Failed to extract data from Sheet1!A:O: The read operation timed out
ERROR 2025-10-01 22:27:55,793 google_sheets ✗ Failed to extract data from 3DE TECH!A:M: The read operation timed out
ERROR 2025-10-01 22:27:55,793 google_sheets ✗ Failed to extract data from MAKENICA!A:M: The read operation timed out
ERROR 2025-10-01 22:27:55,797 migration_service ❌ [FAST] Failed: IHC!A:M - No data found in sheet
ERROR 2025-10-01 22:27:55,797 migration_service ✗ Migration failed for IHC!A:M: No data found in sheet
ERROR 2025-10-01 22:27:55,801 migration_service ❌ [FAST] Failed: 3DE TECH!A:M - No data found in sheet
ERROR 2025-10-01 22:27:55,801 migration_service ❌ [FAST] Failed: MAKENICA!A:M - No data found in sheet
ERROR 2025-10-01 22:27:55,801 migration_service ❌ [FAST] Failed: Sheet1!A:O - No data found in sheet
ERROR 2025-10-01 22:27:55,801 migration_service ✗ Migration failed for 3DE TECH!A:M: No data found in sheet
ERROR 2025-10-01 22:27:55,802 migration_service ✗ Migration failed for MAKENICA!A:M: No data found in sheet
ERROR 2025-10-01 22:27:55,802 migration_service ✗ Migration failed for Sheet1!A:O: No data found in sheet
INFO 2025-10-01 23:01:24,855 google_sheets ✓ Google Sheets API connected
ERROR 2025-10-01 23:01:34,623 google_sheets ✗ Failed to extract data from FINAL STATUS!A:G: <HttpError 400 when requesting https://sheets.googleapis.com/v4/spreadsheets/12Tl-Plep7xBJqpC9iuSe1lncWJzxb6J8gKkI-NAjfUY/values/FINAL%20STATUS%21A%3AG?alt=json returned "Unable to parse range: FINAL STATUS!A:G". Details: "Unable to parse range: FINAL STATUS!A:G">
INFO 2025-10-01 23:01:49,558 views Starting migration in FAST mode for user flamefusion
INFO 2025-10-01 23:01:49,646 google_sheets ✓ Google Sheets API connected
INFO 2025-10-01 23:01:49,660 migration_service 🚀 [FAST] Starting migration: FINAL STATUS!A:G → vendor_data
INFO 2025-10-01 23:01:49,660 migration_service 📥 Loading data from FINAL STATUS!A:G...
INFO 2025-10-01 23:01:49,669 migration_service 🚀 [FAST] Starting migration: Sheet1!A:O → ft_data
INFO 2025-10-01 23:01:49,670 migration_service 🚀 [FAST] Starting migration: 3DE TECH!A:M → vqc_data
INFO 2025-10-01 23:01:49,670 migration_service 🚀 [FAST] Starting migration: Sheet1!A:I → charging_station_data
INFO 2025-10-01 23:01:49,670 migration_service 🚀 [FAST] Starting migration: IHC!A:M → vqc_data
INFO 2025-10-01 23:01:49,670 migration_service 📥 Loading data from Sheet1!A:O...
INFO 2025-10-01 23:01:49,680 migration_service 🚀 [FAST] Starting migration: MAKENICA!A:M → vqc_data
INFO 2025-10-01 23:01:49,696 migration_service 📥 Loading data from 3DE TECH!A:M...
INFO 2025-10-01 23:01:49,713 migration_service 📥 Loading data from Sheet1!A:I...
INFO 2025-10-01 23:01:49,730 migration_service 📥 Loading data from IHC!A:M...
INFO 2025-10-01 23:01:49,780 migration_service 📥 Loading data from MAKENICA!A:M...
INFO 2025-10-01 23:02:07,017 google_sheets ✓ Extracted 1418 rows from MAKENICA!A:M
INFO 2025-10-01 23:02:07,017 migration_service ✓ Loaded 1417 rows
INFO 2025-10-01 23:02:07,017 migration_service 🔄 Transforming 1417 records...
WARNING 2025-10-01 23:02:07,027 migration_service Invalid serial format: 
INFO 2025-10-01 23:02:07,029 migration_service ✓ Transformed 1409 records
INFO 2025-10-01 23:02:07,029 migration_service 🔍 Checking for duplicates...
WARNING 2025-10-01 23:02:07,043 migration_service ⚠ Found 1 duplicates (skipped)
INFO 2025-10-01 23:02:07,043 migration_service 💾 Bulk inserting 1408 records...
ERROR 2025-10-01 23:02:07,058 migration_service ❌ [FAST] Failed: MAKENICA!A:M - null value in column "created_at" of relation "vqc_data" violates not-null constraint
DETAIL:  Failing row contains (6, null, null, RA-CH2-IBE-W1-RT07-0000007, RT07, null, null, null, null, MAKENICA, ACCEPTED, null, null, null, null, null).
CONTEXT:  COPY vqc_data, line 1: ",,RA-CH2-IBE-W1-RT07-0000007,RT07,,,,,MAKENICA,ACCEPTED,,,"

ERROR 2025-10-01 23:02:07,058 migration_service ✗ Migration failed for MAKENICA!A:M: null value in column "created_at" of relation "vqc_data" violates not-null constraint
DETAIL:  Failing row contains (6, null, null, RA-CH2-IBE-W1-RT07-0000007, RT07, null, null, null, null, MAKENICA, ACCEPTED, null, null, null, null, null).
CONTEXT:  COPY vqc_data, line 1: ",,RA-CH2-IBE-W1-RT07-0000007,RT07,,,,,MAKENICA,ACCEPTED,,,"

INFO 2025-10-01 23:02:10,242 google_sheets ✓ Extracted 66832 rows from 3DE TECH!A:M
INFO 2025-10-01 23:02:10,243 migration_service ✓ Loaded 66831 rows
INFO 2025-10-01 23:02:10,243 migration_service 🔄 Transforming 66831 records...
WARNING 2025-10-01 23:02:10,258 migration_service Invalid serial format: R2-CH2-MBE-WB-AS10-357
WARNING 2025-10-01 23:02:10,267 migration_service Invalid serial format: 
WARNING 2025-10-01 23:02:10,279 migration_service Invalid serial format: ACH2-IBE-W1-MG06-0000103
WARNING 2025-10-01 23:02:10,286 migration_service Invalid serial format: 
WARNING 2025-10-01 23:02:10,286 migration_service Invalid serial format: 
WARNING 2025-10-01 23:02:10,304 migration_service Invalid serial format: 
WARNING 2025-10-01 23:02:10,322 migration_service Invalid serial format: 
WARNING 2025-10-01 23:02:10,330 migration_service Invalid serial format: 
WARNING 2025-10-01 23:02:10,339 migration_service Invalid serial format: 
WARNING 2025-10-01 23:02:10,356 migration_service Invalid serial format: 
WARNING 2025-10-01 23:02:10,373 migration_service Invalid serial format: 
WARNING 2025-10-01 23:02:10,385 migration_service Invalid serial format: 
WARNING 2025-10-01 23:02:10,390 migration_service Invalid serial format: 
WARNING 2025-10-01 23:02:10,391 migration_service Invalid serial format: 
WARNING 2025-10-01 23:02:10,423 migration_service Invalid serial format: 
WARNING 2025-10-01 23:02:10,423 migration_service Invalid serial format: 
WARNING 2025-10-01 23:02:10,424 migration_service Invalid serial format: 
WARNING 2025-10-01 23:02:10,428 migration_service Invalid serial format: 
WARNING 2025-10-01 23:02:10,437 migration_service Invalid serial format: 
WARNING 2025-10-01 23:02:10,438 migration_service Invalid serial format: 
WARNING 2025-10-01 23:02:10,453 migration_service Invalid serial format: 
WARNING 2025-10-01 23:02:10,462 migration_service Invalid serial format: 
WARNING 2025-10-01 23:02:10,475 migration_service Invalid serial format: 
WARNING 2025-10-01 23:02:10,496 migration_service Invalid serial format: 
WARNING 2025-10-01 23:02:10,503 migration_service Invalid serial format: R2-CH2-MBE-WB-AS10-501
WARNING 2025-10-01 23:02:10,505 migration_service Invalid serial format: 
WARNING 2025-10-01 23:02:10,515 migration_service Invalid serial format: 
WARNING 2025-10-01 23:02:10,519 migration_service Invalid serial format: 
WARNING 2025-10-01 23:02:10,526 migration_service Invalid serial format: 
WARNING 2025-10-01 23:02:10,530 migration_service Invalid serial format: 
WARNING 2025-10-01 23:02:10,532 migration_service Invalid serial format: 
WARNING 2025-10-01 23:02:10,545 migration_service Invalid serial format: 
WARNING 2025-10-01 23:02:10,550 migration_service Invalid serial format: 
WARNING 2025-10-01 23:02:10,554 migration_service Invalid serial format: 
WARNING 2025-10-01 23:02:10,556 migration_service Invalid serial format: 
WARNING 2025-10-01 23:02:10,560 migration_service Invalid serial format: 
WARNING 2025-10-01 23:02:10,565 migration_service Invalid serial format: 
WARNING 2025-10-01 23:02:10,569 migration_service Invalid serial format: 
WARNING 2025-10-01 23:02:10,572 migration_service Invalid serial format: 
WARNING 2025-10-01 23:02:10,582 migration_service Invalid serial format: 
WARNING 2025-10-01 23:02:10,585 migration_service Invalid serial format: 
WARNING 2025-10-01 23:02:10,593 migration_service Invalid serial format: 
WARNING 2025-10-01 23:02:10,593 migration_service Invalid serial format: 
WARNING 2025-10-01 23:02:10,596 migration_service Invalid serial format: 
WARNING 2025-10-01 23:02:10,602 migration_service Invalid serial format: 
WARNING 2025-10-01 23:02:10,611 migration_service Invalid serial format: 
WARNING 2025-10-01 23:02:10,625 migration_service Invalid serial format: 
WARNING 2025-10-01 23:02:10,640 migration_service Invalid serial format: 
WARNING 2025-10-01 23:02:10,652 migration_service Invalid serial format: 
WARNING 2025-10-01 23:02:10,666 migration_service Invalid serial format: 
WARNING 2025-10-01 23:02:10,683 migration_service Invalid serial format: 
WARNING 2025-10-01 23:02:10,701 migration_service Invalid serial format: 
WARNING 2025-10-01 23:02:10,714 migration_service Invalid serial format: 
INFO 2025-10-01 23:02:10,885 migration_service ✓ Transformed 66754 records
INFO 2025-10-01 23:02:10,885 migration_service 🔍 Checking for duplicates...
WARNING 2025-10-01 23:02:10,913 migration_service ⚠ Found 1 duplicates (skipped)
INFO 2025-10-01 23:02:10,914 migration_service 💾 Bulk inserting 66753 records...
ERROR 2025-10-01 23:02:11,220 migration_service ❌ [FAST] Failed: 3DE TECH!A:M - null value in column "created_at" of relation "vqc_data" violates not-null constraint
DETAIL:  Failing row contains (7, null, null, RA-CH2-OZE-W1-AG07-0015359, AG07, 07, null, null, null, 3DE TECH, ACCEPTED, null, OZE, null, null, null).
CONTEXT:  COPY vqc_data, line 1: ",,RA-CH2-OZE-W1-AG07-0015359,AG07,07,,,,3DE TECH,ACCEPTED,,OZE,"

ERROR 2025-10-01 23:02:11,220 migration_service ✗ Migration failed for 3DE TECH!A:M: null value in column "created_at" of relation "vqc_data" violates not-null constraint
DETAIL:  Failing row contains (7, null, null, RA-CH2-OZE-W1-AG07-0015359, AG07, 07, null, null, null, 3DE TECH, ACCEPTED, null, OZE, null, null, null).
CONTEXT:  COPY vqc_data, line 1: ",,RA-CH2-OZE-W1-AG07-0015359,AG07,07,,,,3DE TECH,ACCEPTED,,OZE,"

ERROR 2025-10-01 23:02:13,159 google_sheets ✗ Failed to extract data from Sheet1!A:O: <HttpError 400 when requesting https://sheets.googleapis.com/v4/spreadsheets/1l5GLOA_PiMe8qSTkHE3URGB3ttgrJWvLk_EDUO0cpBI/values/Sheet1%21A%3AO?alt=json returned "Unable to parse range: Sheet1!A:O". Details: "Unable to parse range: Sheet1!A:O">
ERROR 2025-10-01 23:02:13,167 migration_service ❌ [FAST] Failed: Sheet1!A:O - No data found in sheet
ERROR 2025-10-01 23:02:13,167 migration_service ✗ Migration failed for Sheet1!A:O: No data found in sheet
ERROR 2025-10-01 23:02:51,711 google_sheets ✗ Failed to extract data from IHC!A:M: The read operation timed out
ERROR 2025-10-01 23:02:51,719 migration_service ❌ [FAST] Failed: IHC!A:M - No data found in sheet
ERROR 2025-10-01 23:02:51,719 migration_service ✗ Migration failed for IHC!A:M: No data found in sheet
ERROR 2025-10-01 23:02:52,294 google_sheets ✗ Failed to extract data from FINAL STATUS!A:G: The read operation timed out
ERROR 2025-10-01 23:02:52,302 migration_service ❌ [FAST] Failed: FINAL STATUS!A:G - No data found in sheet
ERROR 2025-10-01 23:02:52,302 migration_service ✗ Migration failed for FINAL STATUS!A:G: No data found in sheet
ERROR 2025-10-01 23:02:52,328 google_sheets ✗ Failed to extract data from Sheet1!A:I: The read operation timed out
ERROR 2025-10-01 23:02:52,334 migration_service ❌ [FAST] Failed: Sheet1!A:I - No data found in sheet
ERROR 2025-10-01 23:02:52,335 migration_service ✗ Migration failed for Sheet1!A:I: No data found in sheet
INFO 2025-10-01 23:32:02,123 google_sheets ✓ Google Sheets API connected
INFO 2025-10-01 23:32:20,155 google_sheets ✓ Extracted 392243 rows from Working!A:G
INFO 2025-10-01 23:32:40,573 views Starting migration in FAST mode for user flamefusion
INFO 2025-10-01 23:32:40,662 google_sheets ✓ Google Sheets API connected
INFO 2025-10-01 23:32:40,680 migration_service 🚀 [FAST] Starting migration: Working!A:O → ft_data
INFO 2025-10-01 23:32:40,680 migration_service 🚀 [FAST] Starting migration: 3DE TECH!A:M → vqc_data
INFO 2025-10-01 23:32:40,680 migration_service 🚀 [FAST] Starting migration: Working!A:G → vendor_data
INFO 2025-10-01 23:32:40,680 migration_service 🚀 [FAST] Starting migration: MAKENICA!A:M → vqc_data
INFO 2025-10-01 23:32:40,681 migration_service 📥 Loading data from Working!A:O...
INFO 2025-10-01 23:32:40,682 migration_service 🚀 [FAST] Starting migration: IHC!A:M → vqc_data
INFO 2025-10-01 23:32:40,682 migration_service 🚀 [FAST] Starting migration: FINAL STATUS!A:I → charging_station_data
INFO 2025-10-01 23:32:40,682 migration_service 📥 Loading data from 3DE TECH!A:M...
INFO 2025-10-01 23:32:40,683 migration_service 📥 Loading data from Working!A:G...
INFO 2025-10-01 23:32:40,683 migration_service 📥 Loading data from MAKENICA!A:M...
INFO 2025-10-01 23:32:40,694 migration_service 📥 Loading data from IHC!A:M...
INFO 2025-10-01 23:32:40,700 migration_service 📥 Loading data from FINAL STATUS!A:I...
INFO 2025-10-01 23:32:55,198 google_sheets ✓ Extracted 392243 rows from Working!A:G
INFO 2025-10-01 23:32:55,204 migration_service ✓ Loaded 392242 rows
INFO 2025-10-01 23:32:55,204 migration_service 🔄 Transforming 392242 records...
WARNING 2025-10-01 23:32:55,248 migration_service Invalid serial format: 
WARNING 2025-10-01 23:32:55,484 migration_service Invalid serial format: 
WARNING 2025-10-01 23:32:55,484 migration_service Invalid serial format: 
WARNING 2025-10-01 23:32:55,484 migration_service Invalid serial format: 
WARNING 2025-10-01 23:32:55,484 migration_service Invalid serial format: 
WARNING 2025-10-01 23:32:55,484 migration_service Invalid serial format: 
WARNING 2025-10-01 23:32:55,484 migration_service Invalid serial format: 
WARNING 2025-10-01 23:32:55,484 migration_service Invalid serial format: 
WARNING 2025-10-01 23:32:55,484 migration_service Invalid serial format: 
WARNING 2025-10-01 23:32:55,484 migration_service Invalid serial format: 
WARNING 2025-10-01 23:32:55,484 migration_service Invalid serial format: 
WARNING 2025-10-01 23:32:55,484 migration_service Invalid serial format: 
WARNING 2025-10-01 23:32:55,485 migration_service Invalid serial format: 
WARNING 2025-10-01 23:32:55,485 migration_service Invalid serial format: 
WARNING 2025-10-01 23:32:55,485 migration_service Invalid serial format: 
WARNING 2025-10-01 23:32:55,485 migration_service Invalid serial format: 
WARNING 2025-10-01 23:32:55,485 migration_service Invalid serial format: 
WARNING 2025-10-01 23:32:55,485 migration_service Invalid serial format: 
WARNING 2025-10-01 23:32:55,485 migration_service Invalid serial format: 
WARNING 2025-10-01 23:32:55,485 migration_service Invalid serial format: 
WARNING 2025-10-01 23:32:55,485 migration_service Invalid serial format: 
WARNING 2025-10-01 23:32:55,485 migration_service Invalid serial format: 
WARNING 2025-10-01 23:32:55,485 migration_service Invalid serial format: 
WARNING 2025-10-01 23:32:55,485 migration_service Invalid serial format: 
WARNING 2025-10-01 23:32:55,485 migration_service Invalid serial format: 
WARNING 2025-10-01 23:32:55,485 migration_service Invalid serial format: 
WARNING 2025-10-01 23:32:55,486 migration_service Invalid serial format: 
WARNING 2025-10-01 23:32:55,486 migration_service Invalid serial format: 
WARNING 2025-10-01 23:32:55,486 migration_service Invalid serial format: 
WARNING 2025-10-01 23:32:55,486 migration_service Invalid serial format: 
WARNING 2025-10-01 23:32:55,486 migration_service Invalid serial format: 
WARNING 2025-10-01 23:32:55,486 migration_service Invalid serial format: 
WARNING 2025-10-01 23:32:55,486 migration_service Invalid serial format: 
WARNING 2025-10-01 23:32:55,486 migration_service Invalid serial format: 
WARNING 2025-10-01 23:32:55,486 migration_service Invalid serial format: 
WARNING 2025-10-01 23:32:55,487 migration_service Invalid serial format: 
WARNING 2025-10-01 23:32:55,487 migration_service Invalid serial format: 
WARNING 2025-10-01 23:32:55,487 migration_service Invalid serial format: 
WARNING 2025-10-01 23:32:55,487 migration_service Invalid serial format: 
WARNING 2025-10-01 23:32:55,487 migration_service Invalid serial format: 
WARNING 2025-10-01 23:32:55,487 migration_service Invalid serial format: 
WARNING 2025-10-01 23:32:55,487 migration_service Invalid serial format: 
WARNING 2025-10-01 23:32:55,502 migration_service Invalid serial format: 
WARNING 2025-10-01 23:32:55,554 migration_service Invalid serial format: 
WARNING 2025-10-01 23:32:55,555 migration_service Invalid serial format: 
WARNING 2025-10-01 23:32:55,555 migration_service Invalid serial format: 
WARNING 2025-10-01 23:32:55,555 migration_service Invalid serial format: 
WARNING 2025-10-01 23:32:55,555 migration_service Invalid serial format: 
WARNING 2025-10-01 23:32:55,555 migration_service Invalid serial format: 
WARNING 2025-10-01 23:32:55,555 migration_service Invalid serial format: 
WARNING 2025-10-01 23:32:55,556 migration_service Invalid serial format: 
WARNING 2025-10-01 23:32:55,556 migration_service Invalid serial format: 
WARNING 2025-10-01 23:32:55,556 migration_service Invalid serial format: 
WARNING 2025-10-01 23:32:55,556 migration_service Invalid serial format: 
WARNING 2025-10-01 23:32:55,556 migration_service Invalid serial format: 
WARNING 2025-10-01 23:32:55,556 migration_service Invalid serial format: 
WARNING 2025-10-01 23:32:55,556 migration_service Invalid serial format: 
WARNING 2025-10-01 23:32:55,556 migration_service Invalid serial format: 
WARNING 2025-10-01 23:32:55,556 migration_service Invalid serial format: 
WARNING 2025-10-01 23:32:55,556 migration_service Invalid serial format: 
WARNING 2025-10-01 23:32:55,557 migration_service Invalid serial format: 
WARNING 2025-10-01 23:32:55,557 migration_service Invalid serial format: 
WARNING 2025-10-01 23:32:55,557 migration_service Invalid serial format: 
WARNING 2025-10-01 23:32:55,557 migration_service Invalid serial format: 
WARNING 2025-10-01 23:32:55,557 migration_service Invalid serial format: 
WARNING 2025-10-01 23:32:55,557 migration_service Invalid serial format: 
WARNING 2025-10-01 23:32:55,557 migration_service Invalid serial format: 
WARNING 2025-10-01 23:32:55,557 migration_service Invalid serial format: 
WARNING 2025-10-01 23:32:55,557 migration_service Invalid serial format: 
WARNING 2025-10-01 23:32:55,557 migration_service Invalid serial format: 
WARNING 2025-10-01 23:32:55,557 migration_service Invalid serial format: 
WARNING 2025-10-01 23:32:55,558 migration_service Invalid serial format: 
WARNING 2025-10-01 23:32:55,558 migration_service Invalid serial format: 
WARNING 2025-10-01 23:32:55,558 migration_service Invalid serial format: 
WARNING 2025-10-01 23:32:55,558 migration_service Invalid serial format: 
WARNING 2025-10-01 23:32:55,558 migration_service Invalid serial format: 
WARNING 2025-10-01 23:32:55,558 migration_service Invalid serial format: 
WARNING 2025-10-01 23:32:55,558 migration_service Invalid serial format: 
WARNING 2025-10-01 23:32:55,558 migration_service Invalid serial format: 
WARNING 2025-10-01 23:32:55,558 migration_service Invalid serial format: 
WARNING 2025-10-01 23:32:55,558 migration_service Invalid serial format: 
WARNING 2025-10-01 23:32:55,558 migration_service Invalid serial format: 
WARNING 2025-10-01 23:32:55,558 migration_service Invalid serial format: 
WARNING 2025-10-01 23:32:55,558 migration_service Invalid serial format: 
WARNING 2025-10-01 23:32:55,558 migration_service Invalid serial format: 
WARNING 2025-10-01 23:32:55,558 migration_service Invalid serial format: 
WARNING 2025-10-01 23:32:55,558 migration_service Invalid serial format: 
WARNING 2025-10-01 23:32:55,559 migration_service Invalid serial format: 
WARNING 2025-10-01 23:32:55,559 migration_service Invalid serial format: 
WARNING 2025-10-01 23:32:55,559 migration_service Invalid serial format: 
WARNING 2025-10-01 23:32:55,559 migration_service Invalid serial format: 
WARNING 2025-10-01 23:32:55,559 migration_service Invalid serial format: 
WARNING 2025-10-01 23:32:55,559 migration_service Invalid serial format: 
WARNING 2025-10-01 23:32:55,559 migration_service Invalid serial format: 
WARNING 2025-10-01 23:32:55,559 migration_service Invalid serial format: 
WARNING 2025-10-01 23:32:55,559 migration_service Invalid serial format: 
WARNING 2025-10-01 23:32:55,559 migration_service Invalid serial format: 
WARNING 2025-10-01 23:32:55,559 migration_service Invalid serial format: 
WARNING 2025-10-01 23:32:55,559 migration_service Invalid serial format: 
WARNING 2025-10-01 23:32:55,559 migration_service Invalid serial format: 
WARNING 2025-10-01 23:32:55,559 migration_service Invalid serial format: 
WARNING 2025-10-01 23:32:55,559 migration_service Invalid serial format: 
WARNING 2025-10-01 23:32:55,559 migration_service Invalid serial format: 
WARNING 2025-10-01 23:32:55,559 migration_service Invalid serial format: 
WARNING 2025-10-01 23:32:55,559 migration_service Invalid serial format: 
WARNING 2025-10-01 23:32:55,560 migration_service Invalid serial format: 
WARNING 2025-10-01 23:32:55,560 migration_service Invalid serial format: 
WARNING 2025-10-01 23:32:55,560 migration_service Invalid serial format: 
WARNING 2025-10-01 23:32:55,560 migration_service Invalid serial format: 
WARNING 2025-10-01 23:32:55,560 migration_service Invalid serial format: 
WARNING 2025-10-01 23:32:55,560 migration_service Invalid serial format: 
WARNING 2025-10-01 23:32:55,560 migration_service Invalid serial format: 
WARNING 2025-10-01 23:32:55,560 migration_service Invalid serial format: 
WARNING 2025-10-01 23:32:55,560 migration_service Invalid serial format: 
WARNING 2025-10-01 23:32:55,560 migration_service Invalid serial format: 
WARNING 2025-10-01 23:32:55,560 migration_service Invalid serial format: 
WARNING 2025-10-01 23:32:55,560 migration_service Invalid serial format: 
WARNING 2025-10-01 23:32:55,560 migration_service Invalid serial format: 
WARNING 2025-10-01 23:32:55,560 migration_service Invalid serial format: 
WARNING 2025-10-01 23:32:55,560 migration_service Invalid serial format: 
WARNING 2025-10-01 23:32:55,560 migration_service Invalid serial format: 
WARNING 2025-10-01 23:32:55,560 migration_service Invalid serial format: 
WARNING 2025-10-01 23:32:55,560 migration_service Invalid serial format: 
WARNING 2025-10-01 23:32:55,560 migration_service Invalid serial format: 
WARNING 2025-10-01 23:32:55,560 migration_service Invalid serial format: 
WARNING 2025-10-01 23:32:55,561 migration_service Invalid serial format: 
WARNING 2025-10-01 23:32:55,561 migration_service Invalid serial format: 
WARNING 2025-10-01 23:32:55,561 migration_service Invalid serial format: 
WARNING 2025-10-01 23:32:55,561 migration_service Invalid serial format: 
WARNING 2025-10-01 23:32:55,561 migration_service Invalid serial format: 
WARNING 2025-10-01 23:32:55,561 migration_service Invalid serial format: 
WARNING 2025-10-01 23:32:55,561 migration_service Invalid serial format: 
WARNING 2025-10-01 23:32:55,561 migration_service Invalid serial format: 
WARNING 2025-10-01 23:32:55,561 migration_service Invalid serial format: 
WARNING 2025-10-01 23:32:55,561 migration_service Invalid serial format: 
WARNING 2025-10-01 23:32:55,561 migration_service Invalid serial format: 
WARNING 2025-10-01 23:32:55,561 migration_service Invalid serial format: 
WARNING 2025-10-01 23:32:55,561 migration_service Invalid serial format: 
WARNING 2025-10-01 23:32:55,561 migration_service Invalid serial format: 
WARNING 2025-10-01 23:32:55,561 migration_service Invalid serial format: 
WARNING 2025-10-01 23:32:55,561 migration_service Invalid serial format: 
WARNING 2025-10-01 23:32:55,561 migration_service Invalid serial format: 
WARNING 2025-10-01 23:32:55,561 migration_service Invalid serial format: 
WARNING 2025-10-01 23:32:55,561 migration_service Invalid serial format: 
WARNING 2025-10-01 23:32:55,561 migration_service Invalid serial format: 
WARNING 2025-10-01 23:32:55,562 migration_service Invalid serial format: 
WARNING 2025-10-01 23:32:55,562 migration_service Invalid serial format: 
WARNING 2025-10-01 23:32:55,562 migration_service Invalid serial format: 
WARNING 2025-10-01 23:32:55,562 migration_service Invalid serial format: 
WARNING 2025-10-01 23:32:55,562 migration_service Invalid serial format: 
WARNING 2025-10-01 23:32:55,562 migration_service Invalid serial format: 
WARNING 2025-10-01 23:32:55,562 migration_service Invalid serial format: 
WARNING 2025-10-01 23:32:55,562 migration_service Invalid serial format: 
WARNING 2025-10-01 23:32:55,562 migration_service Invalid serial format: 
WARNING 2025-10-01 23:32:55,562 migration_service Invalid serial format: 
WARNING 2025-10-01 23:32:55,562 migration_service Invalid serial format: 
WARNING 2025-10-01 23:32:55,562 migration_service Invalid serial format: 
WARNING 2025-10-01 23:32:55,562 migration_service Invalid serial format: 
WARNING 2025-10-01 23:32:55,562 migration_service Invalid serial format: 
WARNING 2025-10-01 23:32:55,562 migration_service Invalid serial format: 
WARNING 2025-10-01 23:32:55,562 migration_service Invalid serial format: 
WARNING 2025-10-01 23:32:55,562 migration_service Invalid serial format: 
WARNING 2025-10-01 23:32:55,562 migration_service Invalid serial format: 
WARNING 2025-10-01 23:32:55,562 migration_service Invalid serial format: 
WARNING 2025-10-01 23:32:55,562 migration_service Invalid serial format: 
WARNING 2025-10-01 23:32:55,563 migration_service Invalid serial format: 
WARNING 2025-10-01 23:32:55,563 migration_service Invalid serial format: 
WARNING 2025-10-01 23:32:55,563 migration_service Invalid serial format: 
WARNING 2025-10-01 23:32:55,563 migration_service Invalid serial format: 
WARNING 2025-10-01 23:32:55,563 migration_service Invalid serial format: 
WARNING 2025-10-01 23:32:55,563 migration_service Invalid serial format: 
WARNING 2025-10-01 23:32:55,563 migration_service Invalid serial format: 
WARNING 2025-10-01 23:32:55,563 migration_service Invalid serial format: 
WARNING 2025-10-01 23:32:55,563 migration_service Invalid serial format: 
WARNING 2025-10-01 23:32:55,563 migration_service Invalid serial format: 
WARNING 2025-10-01 23:32:55,563 migration_service Invalid serial format: 
WARNING 2025-10-01 23:32:55,563 migration_service Invalid serial format: 
WARNING 2025-10-01 23:32:55,563 migration_service Invalid serial format: 
WARNING 2025-10-01 23:32:55,563 migration_service Invalid serial format: 
WARNING 2025-10-01 23:32:55,563 migration_service Invalid serial format: 
WARNING 2025-10-01 23:32:55,563 migration_service Invalid serial format: 
WARNING 2025-10-01 23:32:55,563 migration_service Invalid serial format: 
WARNING 2025-10-01 23:32:55,563 migration_service Invalid serial format: 
WARNING 2025-10-01 23:32:55,563 migration_service Invalid serial format: 
WARNING 2025-10-01 23:32:55,564 migration_service Invalid serial format: 
WARNING 2025-10-01 23:32:55,564 migration_service Invalid serial format: 
WARNING 2025-10-01 23:32:55,564 migration_service Invalid serial format: 
WARNING 2025-10-01 23:32:55,564 migration_service Invalid serial format: 
WARNING 2025-10-01 23:32:55,564 migration_service Invalid serial format: 
WARNING 2025-10-01 23:32:55,564 migration_service Invalid serial format: 
WARNING 2025-10-01 23:32:55,564 migration_service Invalid serial format: 
WARNING 2025-10-01 23:32:55,564 migration_service Invalid serial format: 
WARNING 2025-10-01 23:32:55,564 migration_service Invalid serial format: 
WARNING 2025-10-01 23:32:55,564 migration_service Invalid serial format: 
WARNING 2025-10-01 23:32:55,564 migration_service Invalid serial format: 
WARNING 2025-10-01 23:32:55,564 migration_service Invalid serial format: 
WARNING 2025-10-01 23:32:55,564 migration_service Invalid serial format: 
WARNING 2025-10-01 23:32:55,564 migration_service Invalid serial format: 
WARNING 2025-10-01 23:32:55,564 migration_service Invalid serial format: 
WARNING 2025-10-01 23:32:55,564 migration_service Invalid serial format: 
WARNING 2025-10-01 23:32:55,564 migration_service Invalid serial format: 
WARNING 2025-10-01 23:32:55,565 migration_service Invalid serial format: 
WARNING 2025-10-01 23:32:55,565 migration_service Invalid serial format: 
WARNING 2025-10-01 23:32:55,565 migration_service Invalid serial format: 
WARNING 2025-10-01 23:32:55,565 migration_service Invalid serial format: 
WARNING 2025-10-01 23:32:55,565 migration_service Invalid serial format: 
WARNING 2025-10-01 23:32:55,565 migration_service Invalid serial format: 
WARNING 2025-10-01 23:32:55,565 migration_service Invalid serial format: 
WARNING 2025-10-01 23:32:55,565 migration_service Invalid serial format: 
WARNING 2025-10-01 23:32:55,565 migration_service Invalid serial format: 
WARNING 2025-10-01 23:32:55,565 migration_service Invalid serial format: 
WARNING 2025-10-01 23:32:55,566 migration_service Invalid serial format: 
WARNING 2025-10-01 23:32:55,566 migration_service Invalid serial format: 
WARNING 2025-10-01 23:32:55,566 migration_service Invalid serial format: 
WARNING 2025-10-01 23:32:55,566 migration_service Invalid serial format: 
WARNING 2025-10-01 23:32:55,566 migration_service Invalid serial format: 
WARNING 2025-10-01 23:32:55,566 migration_service Invalid serial format: 
WARNING 2025-10-01 23:32:55,566 migration_service Invalid serial format: 
WARNING 2025-10-01 23:32:55,566 migration_service Invalid serial format: 
WARNING 2025-10-01 23:32:55,566 migration_service Invalid serial format: 
WARNING 2025-10-01 23:32:55,567 migration_service Invalid serial format: 
WARNING 2025-10-01 23:32:55,567 migration_service Invalid serial format: 
WARNING 2025-10-01 23:32:55,567 migration_service Invalid serial format: 
WARNING 2025-10-01 23:32:55,567 migration_service Invalid serial format: 
WARNING 2025-10-01 23:32:55,567 migration_service Invalid serial format: 
WARNING 2025-10-01 23:32:55,567 migration_service Invalid serial format: 
WARNING 2025-10-01 23:32:55,567 migration_service Invalid serial format: 
WARNING 2025-10-01 23:32:55,567 migration_service Invalid serial format: 
WARNING 2025-10-01 23:32:55,567 migration_service Invalid serial format: 
WARNING 2025-10-01 23:32:55,567 migration_service Invalid serial format: 
WARNING 2025-10-01 23:32:55,567 migration_service Invalid serial format: 
WARNING 2025-10-01 23:32:55,568 migration_service Invalid serial format: 
WARNING 2025-10-01 23:32:55,568 migration_service Invalid serial format: 
WARNING 2025-10-01 23:32:55,568 migration_service Invalid serial format: 
WARNING 2025-10-01 23:32:55,568 migration_service Invalid serial format: 
WARNING 2025-10-01 23:32:55,568 migration_service Invalid serial format: 
WARNING 2025-10-01 23:32:55,568 migration_service Invalid serial format: 
WARNING 2025-10-01 23:32:55,568 migration_service Invalid serial format: 
WARNING 2025-10-01 23:32:55,568 migration_service Invalid serial format: 
WARNING 2025-10-01 23:32:55,568 migration_service Invalid serial format: 
WARNING 2025-10-01 23:32:55,568 migration_service Invalid serial format: 
WARNING 2025-10-01 23:32:55,568 migration_service Invalid serial format: 
WARNING 2025-10-01 23:32:55,568 migration_service Invalid serial format: 
WARNING 2025-10-01 23:32:55,568 migration_service Invalid serial format: 
WARNING 2025-10-01 23:32:55,569 migration_service Invalid serial format: 
WARNING 2025-10-01 23:32:55,569 migration_service Invalid serial format: 
WARNING 2025-10-01 23:32:55,569 migration_service Invalid serial format: 
WARNING 2025-10-01 23:32:55,569 migration_service Invalid serial format: 
WARNING 2025-10-01 23:32:55,569 migration_service Invalid serial format: 
WARNING 2025-10-01 23:32:55,569 migration_service Invalid serial format: 
WARNING 2025-10-01 23:32:55,569 migration_service Invalid serial format: 
WARNING 2025-10-01 23:32:55,569 migration_service Invalid serial format: 
WARNING 2025-10-01 23:32:55,569 migration_service Invalid serial format: 
WARNING 2025-10-01 23:32:55,569 migration_service Invalid serial format: 
WARNING 2025-10-01 23:32:55,569 migration_service Invalid serial format: 
WARNING 2025-10-01 23:32:55,570 migration_service Invalid serial format: 
WARNING 2025-10-01 23:32:55,570 migration_service Invalid serial format: 
WARNING 2025-10-01 23:32:55,570 migration_service Invalid serial format: 
WARNING 2025-10-01 23:32:55,570 migration_service Invalid serial format: 
WARNING 2025-10-01 23:32:55,570 migration_service Invalid serial format: 
WARNING 2025-10-01 23:32:55,570 migration_service Invalid serial format: 
WARNING 2025-10-01 23:32:55,570 migration_service Invalid serial format: 
WARNING 2025-10-01 23:32:55,570 migration_service Invalid serial format: 
WARNING 2025-10-01 23:32:55,570 migration_service Invalid serial format: 
WARNING 2025-10-01 23:32:55,570 migration_service Invalid serial format: 
WARNING 2025-10-01 23:32:55,591 migration_service Invalid serial format: 
WARNING 2025-10-01 23:32:55,617 migration_service Invalid serial format: 
WARNING 2025-10-01 23:32:55,708 migration_service Invalid serial format: 
WARNING 2025-10-01 23:32:55,709 migration_service Invalid serial format: 
WARNING 2025-10-01 23:32:55,709 migration_service Invalid serial format: 
WARNING 2025-10-01 23:32:55,709 migration_service Invalid serial format: 
WARNING 2025-10-01 23:32:55,709 migration_service Invalid serial format: 
WARNING 2025-10-01 23:32:55,709 migration_service Invalid serial format: 
WARNING 2025-10-01 23:32:55,709 migration_service Invalid serial format: 
WARNING 2025-10-01 23:32:55,709 migration_service Invalid serial format: 
WARNING 2025-10-01 23:32:55,710 migration_service Invalid serial format: 
WARNING 2025-10-01 23:32:55,710 migration_service Invalid serial format: 
WARNING 2025-10-01 23:32:55,710 migration_service Invalid serial format: 
WARNING 2025-10-01 23:32:55,710 migration_service Invalid serial format: 
WARNING 2025-10-01 23:32:55,710 migration_service Invalid serial format: 
WARNING 2025-10-01 23:32:55,710 migration_service Invalid serial format: 
WARNING 2025-10-01 23:32:55,710 migration_service Invalid serial format: 
WARNING 2025-10-01 23:32:55,710 migration_service Invalid serial format: 
WARNING 2025-10-01 23:32:55,710 migration_service Invalid serial format: 
WARNING 2025-10-01 23:32:55,710 migration_service Invalid serial format: 
WARNING 2025-10-01 23:32:55,710 migration_service Invalid serial format: 
WARNING 2025-10-01 23:32:55,711 migration_service Invalid serial format: 
WARNING 2025-10-01 23:32:55,711 migration_service Invalid serial format: 
WARNING 2025-10-01 23:32:55,711 migration_service Invalid serial format: 
WARNING 2025-10-01 23:32:55,711 migration_service Invalid serial format: 
WARNING 2025-10-01 23:32:55,711 migration_service Invalid serial format: 
WARNING 2025-10-01 23:32:55,711 migration_service Invalid serial format: 
WARNING 2025-10-01 23:32:55,711 migration_service Invalid serial format: 
WARNING 2025-10-01 23:32:55,711 migration_service Invalid serial format: 
WARNING 2025-10-01 23:32:55,711 migration_service Invalid serial format: 
WARNING 2025-10-01 23:32:55,711 migration_service Invalid serial format: 
WARNING 2025-10-01 23:32:55,711 migration_service Invalid serial format: 
WARNING 2025-10-01 23:32:55,712 migration_service Invalid serial format: 
WARNING 2025-10-01 23:32:55,712 migration_service Invalid serial format: 
WARNING 2025-10-01 23:32:55,712 migration_service Invalid serial format: 
WARNING 2025-10-01 23:32:55,712 migration_service Invalid serial format: 
WARNING 2025-10-01 23:32:55,712 migration_service Invalid serial format: 
WARNING 2025-10-01 23:32:55,712 migration_service Invalid serial format: 
WARNING 2025-10-01 23:32:55,712 migration_service Invalid serial format: 
WARNING 2025-10-01 23:32:55,712 migration_service Invalid serial format: 
WARNING 2025-10-01 23:32:55,712 migration_service Invalid serial format: 
WARNING 2025-10-01 23:32:55,712 migration_service Invalid serial format: 
WARNING 2025-10-01 23:32:55,712 migration_service Invalid serial format: 
WARNING 2025-10-01 23:32:55,712 migration_service Invalid serial format: 
WARNING 2025-10-01 23:32:55,712 migration_service Invalid serial format: 
WARNING 2025-10-01 23:32:55,712 migration_service Invalid serial format: 
WARNING 2025-10-01 23:32:55,712 migration_service Invalid serial format: 
WARNING 2025-10-01 23:32:55,713 migration_service Invalid serial format: 
WARNING 2025-10-01 23:32:55,713 migration_service Invalid serial format: 
WARNING 2025-10-01 23:32:55,713 migration_service Invalid serial format: 
WARNING 2025-10-01 23:32:55,713 migration_service Invalid serial format: 
WARNING 2025-10-01 23:32:55,713 migration_service Invalid serial format: 
WARNING 2025-10-01 23:32:55,713 migration_service Invalid serial format: 
WARNING 2025-10-01 23:32:55,713 migration_service Invalid serial format: 
WARNING 2025-10-01 23:32:55,713 migration_service Invalid serial format: 
WARNING 2025-10-01 23:32:55,713 migration_service Invalid serial format: 
WARNING 2025-10-01 23:32:55,713 migration_service Invalid serial format: 
WARNING 2025-10-01 23:32:55,714 migration_service Invalid serial format: 
WARNING 2025-10-01 23:32:55,714 migration_service Invalid serial format: 
WARNING 2025-10-01 23:32:55,714 migration_service Invalid serial format: 
WARNING 2025-10-01 23:32:55,714 migration_service Invalid serial format: 
WARNING 2025-10-01 23:32:55,715 migration_service Invalid serial format: 
WARNING 2025-10-01 23:32:55,715 migration_service Invalid serial format: 
WARNING 2025-10-01 23:32:55,715 migration_service Invalid serial format: 
WARNING 2025-10-01 23:32:55,715 migration_service Invalid serial format: 
WARNING 2025-10-01 23:32:55,716 migration_service Invalid serial format: 
WARNING 2025-10-01 23:32:55,716 migration_service Invalid serial format: 
WARNING 2025-10-01 23:32:55,716 migration_service Invalid serial format: 
WARNING 2025-10-01 23:32:55,716 migration_service Invalid serial format: 
WARNING 2025-10-01 23:32:55,716 migration_service Invalid serial format: 
WARNING 2025-10-01 23:32:55,716 migration_service Invalid serial format: 
WARNING 2025-10-01 23:32:55,716 migration_service Invalid serial format: 
WARNING 2025-10-01 23:32:55,717 migration_service Invalid serial format: 
WARNING 2025-10-01 23:32:55,717 migration_service Invalid serial format: 
WARNING 2025-10-01 23:32:55,717 migration_service Invalid serial format: 
WARNING 2025-10-01 23:32:55,717 migration_service Invalid serial format: 
WARNING 2025-10-01 23:32:55,717 migration_service Invalid serial format: 
WARNING 2025-10-01 23:32:55,717 migration_service Invalid serial format: 
WARNING 2025-10-01 23:32:55,717 migration_service Invalid serial format: 
WARNING 2025-10-01 23:32:55,718 migration_service Invalid serial format: 
WARNING 2025-10-01 23:32:55,718 migration_service Invalid serial format: 
WARNING 2025-10-01 23:32:55,718 migration_service Invalid serial format: 
WARNING 2025-10-01 23:32:55,718 migration_service Invalid serial format: 
WARNING 2025-10-01 23:32:55,719 migration_service Invalid serial format: 
WARNING 2025-10-01 23:32:55,719 migration_service Invalid serial format: 
WARNING 2025-10-01 23:32:55,719 migration_service Invalid serial format: 
WARNING 2025-10-01 23:32:55,719 migration_service Invalid serial format: 
WARNING 2025-10-01 23:32:55,719 migration_service Invalid serial format: 
WARNING 2025-10-01 23:32:55,719 migration_service Invalid serial format: 
WARNING 2025-10-01 23:32:55,719 migration_service Invalid serial format: 
WARNING 2025-10-01 23:32:55,719 migration_service Invalid serial format: 
WARNING 2025-10-01 23:32:55,719 migration_service Invalid serial format: 
WARNING 2025-10-01 23:32:55,720 migration_service Invalid serial format: 
WARNING 2025-10-01 23:32:55,720 migration_service Invalid serial format: 
WARNING 2025-10-01 23:32:55,720 migration_service Invalid serial format: 
WARNING 2025-10-01 23:32:55,720 migration_service Invalid serial format: 
WARNING 2025-10-01 23:32:55,720 migration_service Invalid serial format: 
WARNING 2025-10-01 23:32:55,720 migration_service Invalid serial format: 
WARNING 2025-10-01 23:32:55,720 migration_service Invalid serial format: 
WARNING 2025-10-01 23:32:55,721 migration_service Invalid serial format: 
WARNING 2025-10-01 23:32:55,721 migration_service Invalid serial format: 
WARNING 2025-10-01 23:32:55,721 migration_service Invalid serial format: 
WARNING 2025-10-01 23:32:55,721 migration_service Invalid serial format: 
WARNING 2025-10-01 23:32:55,721 migration_service Invalid serial format: 
WARNING 2025-10-01 23:32:55,721 migration_service Invalid serial format: 
WARNING 2025-10-01 23:32:55,721 migration_service Invalid serial format: 
WARNING 2025-10-01 23:32:55,721 migration_service Invalid serial format: 
WARNING 2025-10-01 23:32:55,721 migration_service Invalid serial format: 
WARNING 2025-10-01 23:32:55,722 migration_service Invalid serial format: 
WARNING 2025-10-01 23:32:55,722 migration_service Invalid serial format: 
WARNING 2025-10-01 23:32:55,722 migration_service Invalid serial format: 
WARNING 2025-10-01 23:32:55,722 migration_service Invalid serial format: 
WARNING 2025-10-01 23:32:55,722 migration_service Invalid serial format: 
WARNING 2025-10-01 23:32:55,723 migration_service Invalid serial format: 
WARNING 2025-10-01 23:32:55,723 migration_service Invalid serial format: 
WARNING 2025-10-01 23:32:55,723 migration_service Invalid serial format: 
WARNING 2025-10-01 23:32:55,723 migration_service Invalid serial format: 
WARNING 2025-10-01 23:32:55,723 migration_service Invalid serial format: 
WARNING 2025-10-01 23:32:55,723 migration_service Invalid serial format: 
WARNING 2025-10-01 23:32:55,723 migration_service Invalid serial format: 
WARNING 2025-10-01 23:32:55,723 migration_service Invalid serial format: 
WARNING 2025-10-01 23:32:55,723 migration_service Invalid serial format: 
WARNING 2025-10-01 23:32:55,723 migration_service Invalid serial format: 
WARNING 2025-10-01 23:32:55,724 migration_service Invalid serial format: 
WARNING 2025-10-01 23:32:55,724 migration_service Invalid serial format: 
WARNING 2025-10-01 23:32:55,724 migration_service Invalid serial format: 
WARNING 2025-10-01 23:32:55,724 migration_service Invalid serial format: 
WARNING 2025-10-01 23:32:55,724 migration_service Invalid serial format: 
WARNING 2025-10-01 23:32:55,724 migration_service Invalid serial format: 
WARNING 2025-10-01 23:32:55,725 migration_service Invalid serial format: 
WARNING 2025-10-01 23:32:55,725 migration_service Invalid serial format: 
WARNING 2025-10-01 23:32:55,725 migration_service Invalid serial format: 
WARNING 2025-10-01 23:32:55,725 migration_service Invalid serial format: 
WARNING 2025-10-01 23:32:55,725 migration_service Invalid serial format: 
WARNING 2025-10-01 23:32:55,726 migration_service Invalid serial format: 
WARNING 2025-10-01 23:32:55,726 migration_service Invalid serial format: 
WARNING 2025-10-01 23:32:55,726 migration_service Invalid serial format: 
WARNING 2025-10-01 23:32:55,726 migration_service Invalid serial format: 
WARNING 2025-10-01 23:32:55,727 migration_service Invalid serial format: 
WARNING 2025-10-01 23:32:55,727 migration_service Invalid serial format: 
WARNING 2025-10-01 23:32:55,727 migration_service Invalid serial format: 
WARNING 2025-10-01 23:32:55,727 migration_service Invalid serial format: 
WARNING 2025-10-01 23:32:55,727 migration_service Invalid serial format: 
WARNING 2025-10-01 23:32:55,727 migration_service Invalid serial format: 
WARNING 2025-10-01 23:32:55,727 migration_service Invalid serial format: 
WARNING 2025-10-01 23:32:55,727 migration_service Invalid serial format: 
WARNING 2025-10-01 23:32:55,728 migration_service Invalid serial format: 
WARNING 2025-10-01 23:32:55,728 migration_service Invalid serial format: 
WARNING 2025-10-01 23:32:55,728 migration_service Invalid serial format: 
WARNING 2025-10-01 23:32:55,728 migration_service Invalid serial format: 
WARNING 2025-10-01 23:32:55,728 migration_service Invalid serial format: 
WARNING 2025-10-01 23:32:55,728 migration_service Invalid serial format: 
WARNING 2025-10-01 23:32:55,728 migration_service Invalid serial format: 
WARNING 2025-10-01 23:32:55,728 migration_service Invalid serial format: 
WARNING 2025-10-01 23:32:55,728 migration_service Invalid serial format: 
WARNING 2025-10-01 23:32:55,728 migration_service Invalid serial format: 
WARNING 2025-10-01 23:32:55,729 migration_service Invalid serial format: 
WARNING 2025-10-01 23:32:55,729 migration_service Invalid serial format: 
WARNING 2025-10-01 23:32:55,729 migration_service Invalid serial format: 
WARNING 2025-10-01 23:32:55,729 migration_service Invalid serial format: 
WARNING 2025-10-01 23:32:55,729 migration_service Invalid serial format: 
WARNING 2025-10-01 23:32:55,729 migration_service Invalid serial format: 
WARNING 2025-10-01 23:32:55,729 migration_service Invalid serial format: 
WARNING 2025-10-01 23:32:55,729 migration_service Invalid serial format: 
WARNING 2025-10-01 23:32:55,729 migration_service Invalid serial format: 
WARNING 2025-10-01 23:32:55,729 migration_service Invalid serial format: 
WARNING 2025-10-01 23:32:55,729 migration_service Invalid serial format: 
WARNING 2025-10-01 23:32:55,730 migration_service Invalid serial format: 
WARNING 2025-10-01 23:32:55,730 migration_service Invalid serial format: 
WARNING 2025-10-01 23:32:55,730 migration_service Invalid serial format: 
WARNING 2025-10-01 23:32:55,730 migration_service Invalid serial format: 
WARNING 2025-10-01 23:32:55,730 migration_service Invalid serial format: 
WARNING 2025-10-01 23:32:55,730 migration_service Invalid serial format: 
WARNING 2025-10-01 23:32:55,730 migration_service Invalid serial format: 
WARNING 2025-10-01 23:32:55,730 migration_service Invalid serial format: 
WARNING 2025-10-01 23:32:55,730 migration_service Invalid serial format: 
WARNING 2025-10-01 23:32:55,730 migration_service Invalid serial format: 
WARNING 2025-10-01 23:32:55,730 migration_service Invalid serial format: 
WARNING 2025-10-01 23:32:55,730 migration_service Invalid serial format: 
WARNING 2025-10-01 23:32:55,730 migration_service Invalid serial format: 
WARNING 2025-10-01 23:32:55,730 migration_service Invalid serial format: 
WARNING 2025-10-01 23:32:55,731 migration_service Invalid serial format: 
WARNING 2025-10-01 23:32:55,731 migration_service Invalid serial format: 
WARNING 2025-10-01 23:32:55,731 migration_service Invalid serial format: 
WARNING 2025-10-01 23:32:55,731 migration_service Invalid serial format: 
WARNING 2025-10-01 23:32:55,731 migration_service Invalid serial format: 
WARNING 2025-10-01 23:32:55,731 migration_service Invalid serial format: 
WARNING 2025-10-01 23:32:55,731 migration_service Invalid serial format: 
WARNING 2025-10-01 23:32:55,731 migration_service Invalid serial format: 
WARNING 2025-10-01 23:32:55,731 migration_service Invalid serial format: 
WARNING 2025-10-01 23:32:55,731 migration_service Invalid serial format: 
WARNING 2025-10-01 23:32:55,731 migration_service Invalid serial format: 
WARNING 2025-10-01 23:32:55,731 migration_service Invalid serial format: 
WARNING 2025-10-01 23:32:55,731 migration_service Invalid serial format: 
WARNING 2025-10-01 23:32:55,732 migration_service Invalid serial format: 
WARNING 2025-10-01 23:32:55,732 migration_service Invalid serial format: 
WARNING 2025-10-01 23:32:55,732 migration_service Invalid serial format: 
WARNING 2025-10-01 23:32:55,732 migration_service Invalid serial format: 
WARNING 2025-10-01 23:32:55,732 migration_service Invalid serial format: 
WARNING 2025-10-01 23:32:55,732 migration_service Invalid serial format: 
WARNING 2025-10-01 23:32:55,732 migration_service Invalid serial format: 
WARNING 2025-10-01 23:32:55,732 migration_service Invalid serial format: 
WARNING 2025-10-01 23:32:55,732 migration_service Invalid serial format: 
WARNING 2025-10-01 23:32:55,732 migration_service Invalid serial format: 
WARNING 2025-10-01 23:32:55,732 migration_service Invalid serial format: 
WARNING 2025-10-01 23:32:55,732 migration_service Invalid serial format: 
WARNING 2025-10-01 23:32:55,732 migration_service Invalid serial format: 
WARNING 2025-10-01 23:32:55,732 migration_service Invalid serial format: 
WARNING 2025-10-01 23:32:55,733 migration_service Invalid serial format: 
WARNING 2025-10-01 23:32:55,733 migration_service Invalid serial format: 
WARNING 2025-10-01 23:32:55,733 migration_service Invalid serial format: 
WARNING 2025-10-01 23:32:55,733 migration_service Invalid serial format: 
WARNING 2025-10-01 23:32:55,733 migration_service Invalid serial format: 
WARNING 2025-10-01 23:32:55,733 migration_service Invalid serial format: 
WARNING 2025-10-01 23:32:55,733 migration_service Invalid serial format: 
WARNING 2025-10-01 23:32:55,733 migration_service Invalid serial format: 
WARNING 2025-10-01 23:32:55,733 migration_service Invalid serial format: 
WARNING 2025-10-01 23:32:55,733 migration_service Invalid serial format: 
WARNING 2025-10-01 23:32:55,733 migration_service Invalid serial format: 
WARNING 2025-10-01 23:32:55,733 migration_service Invalid serial format: 
WARNING 2025-10-01 23:32:55,733 migration_service Invalid serial format: 
WARNING 2025-10-01 23:32:55,733 migration_service Invalid serial format: 
WARNING 2025-10-01 23:32:55,734 migration_service Invalid serial format: 
WARNING 2025-10-01 23:32:55,734 migration_service Invalid serial format: 
WARNING 2025-10-01 23:32:55,734 migration_service Invalid serial format: 
WARNING 2025-10-01 23:32:55,734 migration_service Invalid serial format: 
WARNING 2025-10-01 23:32:55,734 migration_service Invalid serial format: 
WARNING 2025-10-01 23:32:55,734 migration_service Invalid serial format: 
WARNING 2025-10-01 23:32:55,734 migration_service Invalid serial format: 
WARNING 2025-10-01 23:32:55,734 migration_service Invalid serial format: 
WARNING 2025-10-01 23:32:55,734 migration_service Invalid serial format: 
WARNING 2025-10-01 23:32:55,734 migration_service Invalid serial format: 
WARNING 2025-10-01 23:32:55,734 migration_service Invalid serial format: 
WARNING 2025-10-01 23:32:55,735 migration_service Invalid serial format: 
WARNING 2025-10-01 23:32:55,735 migration_service Invalid serial format: 
WARNING 2025-10-01 23:32:55,735 migration_service Invalid serial format: 
WARNING 2025-10-01 23:32:55,735 migration_service Invalid serial format: 
WARNING 2025-10-01 23:32:55,735 migration_service Invalid serial format: 
WARNING 2025-10-01 23:32:55,735 migration_service Invalid serial format: 
WARNING 2025-10-01 23:32:55,735 migration_service Invalid serial format: 
WARNING 2025-10-01 23:32:55,736 migration_service Invalid serial format: 
WARNING 2025-10-01 23:32:55,736 migration_service Invalid serial format: 
WARNING 2025-10-01 23:32:55,736 migration_service Invalid serial format: 
WARNING 2025-10-01 23:32:55,736 migration_service Invalid serial format: 
WARNING 2025-10-01 23:32:55,736 migration_service Invalid serial format: 
WARNING 2025-10-01 23:32:55,736 migration_service Invalid serial format: 
WARNING 2025-10-01 23:32:55,736 migration_service Invalid serial format: 
WARNING 2025-10-01 23:32:55,737 migration_service Invalid serial format: 
WARNING 2025-10-01 23:32:55,737 migration_service Invalid serial format: 
WARNING 2025-10-01 23:32:55,737 migration_service Invalid serial format: 
WARNING 2025-10-01 23:32:55,737 migration_service Invalid serial format: 
WARNING 2025-10-01 23:32:55,737 migration_service Invalid serial format: 
WARNING 2025-10-01 23:32:55,737 migration_service Invalid serial format: 
WARNING 2025-10-01 23:32:55,737 migration_service Invalid serial format: 
WARNING 2025-10-01 23:32:55,737 migration_service Invalid serial format: 
WARNING 2025-10-01 23:32:55,737 migration_service Invalid serial format: 
WARNING 2025-10-01 23:32:55,738 migration_service Invalid serial format: 
WARNING 2025-10-01 23:32:55,738 migration_service Invalid serial format: 
WARNING 2025-10-01 23:32:55,738 migration_service Invalid serial format: 
WARNING 2025-10-01 23:32:55,738 migration_service Invalid serial format: 
WARNING 2025-10-01 23:32:55,738 migration_service Invalid serial format: 
WARNING 2025-10-01 23:32:55,738 migration_service Invalid serial format: 
WARNING 2025-10-01 23:32:55,738 migration_service Invalid serial format: 
WARNING 2025-10-01 23:32:55,739 migration_service Invalid serial format: 
WARNING 2025-10-01 23:32:55,739 migration_service Invalid serial format: 
WARNING 2025-10-01 23:32:55,739 migration_service Invalid serial format: 
WARNING 2025-10-01 23:32:55,739 migration_service Invalid serial format: 
WARNING 2025-10-01 23:32:55,739 migration_service Invalid serial format: 
WARNING 2025-10-01 23:32:55,739 migration_service Invalid serial format: 
WARNING 2025-10-01 23:32:55,740 migration_service Invalid serial format: 
WARNING 2025-10-01 23:32:55,740 migration_service Invalid serial format: 
WARNING 2025-10-01 23:32:55,740 migration_service Invalid serial format: 
WARNING 2025-10-01 23:32:55,740 migration_service Invalid serial format: 
WARNING 2025-10-01 23:32:55,740 migration_service Invalid serial format: 
WARNING 2025-10-01 23:32:55,740 migration_service Invalid serial format: 
WARNING 2025-10-01 23:32:55,741 migration_service Invalid serial format: 
WARNING 2025-10-01 23:32:55,741 migration_service Invalid serial format: 
WARNING 2025-10-01 23:32:55,741 migration_service Invalid serial format: 
WARNING 2025-10-01 23:32:55,741 migration_service Invalid serial format: 
WARNING 2025-10-01 23:32:55,741 migration_service Invalid serial format: 
WARNING 2025-10-01 23:32:55,741 migration_service Invalid serial format: 
WARNING 2025-10-01 23:32:55,741 migration_service Invalid serial format: 
WARNING 2025-10-01 23:32:55,741 migration_service Invalid serial format: 
WARNING 2025-10-01 23:32:55,741 migration_service Invalid serial format: 
WARNING 2025-10-01 23:32:55,742 migration_service Invalid serial format: 
WARNING 2025-10-01 23:32:55,742 migration_service Invalid serial format: 
WARNING 2025-10-01 23:32:55,742 migration_service Invalid serial format: 
WARNING 2025-10-01 23:32:55,742 migration_service Invalid serial format: 
WARNING 2025-10-01 23:32:55,742 migration_service Invalid serial format: 
WARNING 2025-10-01 23:32:55,742 migration_service Invalid serial format: 
WARNING 2025-10-01 23:32:55,742 migration_service Invalid serial format: 
WARNING 2025-10-01 23:32:55,742 migration_service Invalid serial format: 
WARNING 2025-10-01 23:32:55,743 migration_service Invalid serial format: 
WARNING 2025-10-01 23:32:55,743 migration_service Invalid serial format: 
WARNING 2025-10-01 23:32:55,743 migration_service Invalid serial format: 
WARNING 2025-10-01 23:32:55,743 migration_service Invalid serial format: 
WARNING 2025-10-01 23:32:55,743 migration_service Invalid serial format: 
WARNING 2025-10-01 23:32:55,743 migration_service Invalid serial format: 
WARNING 2025-10-01 23:32:55,744 migration_service Invalid serial format: 
WARNING 2025-10-01 23:32:55,744 migration_service Invalid serial format: 
WARNING 2025-10-01 23:32:55,744 migration_service Invalid serial format: 
WARNING 2025-10-01 23:32:55,744 migration_service Invalid serial format: 
WARNING 2025-10-01 23:32:55,744 migration_service Invalid serial format: 
WARNING 2025-10-01 23:32:55,744 migration_service Invalid serial format: 
WARNING 2025-10-01 23:32:55,744 migration_service Invalid serial format: 
WARNING 2025-10-01 23:32:55,745 migration_service Invalid serial format: 
WARNING 2025-10-01 23:32:55,745 migration_service Invalid serial format: 
WARNING 2025-10-01 23:32:55,745 migration_service Invalid serial format: 
WARNING 2025-10-01 23:32:55,745 migration_service Invalid serial format: 
WARNING 2025-10-01 23:32:55,745 migration_service Invalid serial format: 
WARNING 2025-10-01 23:32:55,746 migration_service Invalid serial format: 
WARNING 2025-10-01 23:32:55,746 migration_service Invalid serial format: 
WARNING 2025-10-01 23:32:55,746 migration_service Invalid serial format: 
WARNING 2025-10-01 23:32:55,746 migration_service Invalid serial format: 
WARNING 2025-10-01 23:32:55,747 migration_service Invalid serial format: 
WARNING 2025-10-01 23:32:55,747 migration_service Invalid serial format: 
WARNING 2025-10-01 23:32:55,747 migration_service Invalid serial format: 
WARNING 2025-10-01 23:32:55,747 migration_service Invalid serial format: 
WARNING 2025-10-01 23:32:55,747 migration_service Invalid serial format: 
WARNING 2025-10-01 23:32:55,747 migration_service Invalid serial format: 
WARNING 2025-10-01 23:32:55,747 migration_service Invalid serial format: 
WARNING 2025-10-01 23:32:55,747 migration_service Invalid serial format: 
WARNING 2025-10-01 23:32:55,747 migration_service Invalid serial format: 
WARNING 2025-10-01 23:32:55,748 migration_service Invalid serial format: 
WARNING 2025-10-01 23:32:55,748 migration_service Invalid serial format: 
WARNING 2025-10-01 23:32:55,748 migration_service Invalid serial format: 
WARNING 2025-10-01 23:32:55,748 migration_service Invalid serial format: 
WARNING 2025-10-01 23:32:55,748 migration_service Invalid serial format: 
WARNING 2025-10-01 23:32:55,748 migration_service Invalid serial format: 
WARNING 2025-10-01 23:32:55,748 migration_service Invalid serial format: 
WARNING 2025-10-01 23:32:55,749 migration_service Invalid serial format: 
WARNING 2025-10-01 23:32:55,777 migration_service Invalid serial format: 
WARNING 2025-10-01 23:32:55,777 migration_service Invalid serial format: 
WARNING 2025-10-01 23:32:55,777 migration_service Invalid serial format: 
WARNING 2025-10-01 23:32:55,777 migration_service Invalid serial format: 
WARNING 2025-10-01 23:32:55,777 migration_service Invalid serial format: 
WARNING 2025-10-01 23:32:55,777 migration_service Invalid serial format: 
WARNING 2025-10-01 23:32:55,777 migration_service Invalid serial format: 
WARNING 2025-10-01 23:32:55,777 migration_service Invalid serial format: 
WARNING 2025-10-01 23:32:55,778 migration_service Invalid serial format: 
WARNING 2025-10-01 23:32:55,778 migration_service Invalid serial format: 
WARNING 2025-10-01 23:32:55,778 migration_service Invalid serial format: 
WARNING 2025-10-01 23:32:55,778 migration_service Invalid serial format: 
WARNING 2025-10-01 23:32:55,778 migration_service Invalid serial format: 
WARNING 2025-10-01 23:32:55,778 migration_service Invalid serial format: 
WARNING 2025-10-01 23:32:55,778 migration_service Invalid serial format: 
WARNING 2025-10-01 23:32:55,778 migration_service Invalid serial format: 
WARNING 2025-10-01 23:32:55,778 migration_service Invalid serial format: 
WARNING 2025-10-01 23:32:55,779 migration_service Invalid serial format: 
WARNING 2025-10-01 23:32:55,779 migration_service Invalid serial format: 
WARNING 2025-10-01 23:32:55,779 migration_service Invalid serial format: 
WARNING 2025-10-01 23:32:55,779 migration_service Invalid serial format: 
WARNING 2025-10-01 23:32:55,779 migration_service Invalid serial format: 
WARNING 2025-10-01 23:32:55,779 migration_service Invalid serial format: 
WARNING 2025-10-01 23:32:55,779 migration_service Invalid serial format: 
WARNING 2025-10-01 23:32:55,779 migration_service Invalid serial format: 
WARNING 2025-10-01 23:32:55,780 migration_service Invalid serial format: 
WARNING 2025-10-01 23:32:55,780 migration_service Invalid serial format: 
WARNING 2025-10-01 23:32:55,780 migration_service Invalid serial format: 
WARNING 2025-10-01 23:32:55,780 migration_service Invalid serial format: 
WARNING 2025-10-01 23:32:55,780 migration_service Invalid serial format: 
WARNING 2025-10-01 23:32:55,780 migration_service Invalid serial format: 
WARNING 2025-10-01 23:32:55,780 migration_service Invalid serial format: 
WARNING 2025-10-01 23:32:55,780 migration_service Invalid serial format: 
WARNING 2025-10-01 23:32:55,780 migration_service Invalid serial format: 
WARNING 2025-10-01 23:32:55,780 migration_service Invalid serial format: 
WARNING 2025-10-01 23:32:55,781 migration_service Invalid serial format: 
WARNING 2025-10-01 23:32:55,781 migration_service Invalid serial format: 
WARNING 2025-10-01 23:32:55,781 migration_service Invalid serial format: 
WARNING 2025-10-01 23:32:55,781 migration_service Invalid serial format: 
WARNING 2025-10-01 23:32:55,781 migration_service Invalid serial format: 
WARNING 2025-10-01 23:32:55,781 migration_service Invalid serial format: 
WARNING 2025-10-01 23:32:55,781 migration_service Invalid serial format: 
WARNING 2025-10-01 23:32:55,781 migration_service Invalid serial format: 
WARNING 2025-10-01 23:32:55,781 migration_service Invalid serial format: 
WARNING 2025-10-01 23:32:55,781 migration_service Invalid serial format: 
WARNING 2025-10-01 23:32:55,781 migration_service Invalid serial format: 
WARNING 2025-10-01 23:32:55,781 migration_service Invalid serial format: 
WARNING 2025-10-01 23:32:55,781 migration_service Invalid serial format: 
WARNING 2025-10-01 23:32:55,781 migration_service Invalid serial format: 
WARNING 2025-10-01 23:32:55,782 migration_service Invalid serial format: 
WARNING 2025-10-01 23:32:55,782 migration_service Invalid serial format: 
WARNING 2025-10-01 23:32:55,782 migration_service Invalid serial format: 
WARNING 2025-10-01 23:32:55,782 migration_service Invalid serial format: 
WARNING 2025-10-01 23:32:55,782 migration_service Invalid serial format: 
WARNING 2025-10-01 23:32:55,782 migration_service Invalid serial format: 
WARNING 2025-10-01 23:32:55,782 migration_service Invalid serial format: 
WARNING 2025-10-01 23:32:55,782 migration_service Invalid serial format: 
WARNING 2025-10-01 23:32:55,782 migration_service Invalid serial format: 
WARNING 2025-10-01 23:32:55,782 migration_service Invalid serial format: 
WARNING 2025-10-01 23:32:55,782 migration_service Invalid serial format: 
WARNING 2025-10-01 23:32:55,782 migration_service Invalid serial format: 
WARNING 2025-10-01 23:32:55,783 migration_service Invalid serial format: 
WARNING 2025-10-01 23:32:55,783 migration_service Invalid serial format: 
WARNING 2025-10-01 23:32:55,783 migration_service Invalid serial format: 
WARNING 2025-10-01 23:32:55,783 migration_service Invalid serial format: 
WARNING 2025-10-01 23:32:55,783 migration_service Invalid serial format: 
WARNING 2025-10-01 23:32:55,783 migration_service Invalid serial format: 
WARNING 2025-10-01 23:32:55,783 migration_service Invalid serial format: 
WARNING 2025-10-01 23:32:55,783 migration_service Invalid serial format: 
WARNING 2025-10-01 23:32:55,783 migration_service Invalid serial format: 
WARNING 2025-10-01 23:32:55,783 migration_service Invalid serial format: 
WARNING 2025-10-01 23:32:55,783 migration_service Invalid serial format: 
WARNING 2025-10-01 23:32:55,783 migration_service Invalid serial format: 
WARNING 2025-10-01 23:32:55,783 migration_service Invalid serial format: 
WARNING 2025-10-01 23:32:55,784 migration_service Invalid serial format: 
WARNING 2025-10-01 23:32:55,784 migration_service Invalid serial format: 
WARNING 2025-10-01 23:32:55,784 migration_service Invalid serial format: 
WARNING 2025-10-01 23:32:55,784 migration_service Invalid serial format: 
WARNING 2025-10-01 23:32:55,784 migration_service Invalid serial format: 
WARNING 2025-10-01 23:32:55,784 migration_service Invalid serial format: 
WARNING 2025-10-01 23:32:55,784 migration_service Invalid serial format: 
WARNING 2025-10-01 23:32:55,784 migration_service Invalid serial format: 
WARNING 2025-10-01 23:32:55,784 migration_service Invalid serial format: 
WARNING 2025-10-01 23:32:55,784 migration_service Invalid serial format: 
WARNING 2025-10-01 23:32:55,784 migration_service Invalid serial format: 
WARNING 2025-10-01 23:32:55,784 migration_service Invalid serial format: 
WARNING 2025-10-01 23:32:55,784 migration_service Invalid serial format: 
WARNING 2025-10-01 23:32:55,784 migration_service Invalid serial format: 
WARNING 2025-10-01 23:32:55,785 migration_service Invalid serial format: 
WARNING 2025-10-01 23:32:55,785 migration_service Invalid serial format: 
WARNING 2025-10-01 23:32:55,785 migration_service Invalid serial format: 
WARNING 2025-10-01 23:32:55,785 migration_service Invalid serial format: 
WARNING 2025-10-01 23:32:55,785 migration_service Invalid serial format: 
WARNING 2025-10-01 23:32:55,785 migration_service Invalid serial format: 
WARNING 2025-10-01 23:32:55,785 migration_service Invalid serial format: 
WARNING 2025-10-01 23:32:55,785 migration_service Invalid serial format: 
WARNING 2025-10-01 23:32:55,785 migration_service Invalid serial format: 
WARNING 2025-10-01 23:32:55,785 migration_service Invalid serial format: 
WARNING 2025-10-01 23:32:55,785 migration_service Invalid serial format: 
WARNING 2025-10-01 23:32:55,785 migration_service Invalid serial format: 
WARNING 2025-10-01 23:32:55,785 migration_service Invalid serial format: 
WARNING 2025-10-01 23:32:55,785 migration_service Invalid serial format: 
WARNING 2025-10-01 23:32:55,786 migration_service Invalid serial format: 
WARNING 2025-10-01 23:32:55,786 migration_service Invalid serial format: 
WARNING 2025-10-01 23:32:55,786 migration_service Invalid serial format: 
WARNING 2025-10-01 23:32:55,786 migration_service Invalid serial format: 
WARNING 2025-10-01 23:32:55,786 migration_service Invalid serial format: 
WARNING 2025-10-01 23:32:55,786 migration_service Invalid serial format: 
WARNING 2025-10-01 23:32:55,786 migration_service Invalid serial format: 
WARNING 2025-10-01 23:32:55,786 migration_service Invalid serial format: 
WARNING 2025-10-01 23:32:55,786 migration_service Invalid serial format: 
WARNING 2025-10-01 23:32:55,786 migration_service Invalid serial format: 
WARNING 2025-10-01 23:32:55,786 migration_service Invalid serial format: 
WARNING 2025-10-01 23:32:55,786 migration_service Invalid serial format: 
WARNING 2025-10-01 23:32:55,786 migration_service Invalid serial format: 
WARNING 2025-10-01 23:32:55,787 migration_service Invalid serial format: 
WARNING 2025-10-01 23:32:55,787 migration_service Invalid serial format: 
WARNING 2025-10-01 23:32:55,787 migration_service Invalid serial format: 
WARNING 2025-10-01 23:32:55,787 migration_service Invalid serial format: 
WARNING 2025-10-01 23:32:55,787 migration_service Invalid serial format: 
WARNING 2025-10-01 23:32:55,787 migration_service Invalid serial format: 
WARNING 2025-10-01 23:32:55,787 migration_service Invalid serial format: 
WARNING 2025-10-01 23:32:55,787 migration_service Invalid serial format: 
WARNING 2025-10-01 23:32:55,787 migration_service Invalid serial format: 
WARNING 2025-10-01 23:32:55,787 migration_service Invalid serial format: 
WARNING 2025-10-01 23:32:55,788 migration_service Invalid serial format: 
WARNING 2025-10-01 23:32:55,788 migration_service Invalid serial format: 
WARNING 2025-10-01 23:32:55,788 migration_service Invalid serial format: 
WARNING 2025-10-01 23:32:55,788 migration_service Invalid serial format: 
WARNING 2025-10-01 23:32:55,788 migration_service Invalid serial format: 
WARNING 2025-10-01 23:32:55,788 migration_service Invalid serial format: 
WARNING 2025-10-01 23:32:55,788 migration_service Invalid serial format: 
WARNING 2025-10-01 23:32:55,788 migration_service Invalid serial format: 
WARNING 2025-10-01 23:32:55,788 migration_service Invalid serial format: 
WARNING 2025-10-01 23:32:55,788 migration_service Invalid serial format: 
WARNING 2025-10-01 23:32:55,789 migration_service Invalid serial format: 
WARNING 2025-10-01 23:32:55,789 migration_service Invalid serial format: 
WARNING 2025-10-01 23:32:55,789 migration_service Invalid serial format: 
WARNING 2025-10-01 23:32:55,789 migration_service Invalid serial format: 
WARNING 2025-10-01 23:32:55,789 migration_service Invalid serial format: 
WARNING 2025-10-01 23:32:55,789 migration_service Invalid serial format: 
WARNING 2025-10-01 23:32:55,789 migration_service Invalid serial format: 
WARNING 2025-10-01 23:32:55,789 migration_service Invalid serial format: 
WARNING 2025-10-01 23:32:55,789 migration_service Invalid serial format: 
WARNING 2025-10-01 23:32:55,789 migration_service Invalid serial format: 
WARNING 2025-10-01 23:32:55,789 migration_service Invalid serial format: 
WARNING 2025-10-01 23:32:55,789 migration_service Invalid serial format: 
WARNING 2025-10-01 23:32:55,790 migration_service Invalid serial format: 
WARNING 2025-10-01 23:32:55,790 migration_service Invalid serial format: 
WARNING 2025-10-01 23:32:55,790 migration_service Invalid serial format: 
WARNING 2025-10-01 23:32:55,790 migration_service Invalid serial format: 
WARNING 2025-10-01 23:32:55,790 migration_service Invalid serial format: 
WARNING 2025-10-01 23:32:55,790 migration_service Invalid serial format: 
WARNING 2025-10-01 23:32:55,790 migration_service Invalid serial format: 
WARNING 2025-10-01 23:32:55,790 migration_service Invalid serial format: 
WARNING 2025-10-01 23:32:55,790 migration_service Invalid serial format: 
WARNING 2025-10-01 23:32:55,790 migration_service Invalid serial format: 
WARNING 2025-10-01 23:32:55,790 migration_service Invalid serial format: 
WARNING 2025-10-01 23:32:55,790 migration_service Invalid serial format: 
WARNING 2025-10-01 23:32:55,790 migration_service Invalid serial format: 
WARNING 2025-10-01 23:32:55,791 migration_service Invalid serial format: 
WARNING 2025-10-01 23:32:55,791 migration_service Invalid serial format: 
WARNING 2025-10-01 23:32:55,791 migration_service Invalid serial format: 
WARNING 2025-10-01 23:32:55,791 migration_service Invalid serial format: 
WARNING 2025-10-01 23:32:55,791 migration_service Invalid serial format: 
WARNING 2025-10-01 23:32:55,791 migration_service Invalid serial format: 
WARNING 2025-10-01 23:32:55,791 migration_service Invalid serial format: 
WARNING 2025-10-01 23:32:55,791 migration_service Invalid serial format: 
WARNING 2025-10-01 23:32:55,791 migration_service Invalid serial format: 
WARNING 2025-10-01 23:32:55,791 migration_service Invalid serial format: 
WARNING 2025-10-01 23:32:55,791 migration_service Invalid serial format: 
WARNING 2025-10-01 23:32:55,791 migration_service Invalid serial format: 
WARNING 2025-10-01 23:32:55,792 migration_service Invalid serial format: 
WARNING 2025-10-01 23:32:55,792 migration_service Invalid serial format: 
WARNING 2025-10-01 23:32:55,792 migration_service Invalid serial format: 
WARNING 2025-10-01 23:32:55,792 migration_service Invalid serial format: 
WARNING 2025-10-01 23:32:55,792 migration_service Invalid serial format: 
WARNING 2025-10-01 23:32:55,792 migration_service Invalid serial format: 
WARNING 2025-10-01 23:32:55,792 migration_service Invalid serial format: 
WARNING 2025-10-01 23:32:55,792 migration_service Invalid serial format: 
WARNING 2025-10-01 23:32:55,792 migration_service Invalid serial format: 
WARNING 2025-10-01 23:32:55,792 migration_service Invalid serial format: 
WARNING 2025-10-01 23:32:55,792 migration_service Invalid serial format: 
WARNING 2025-10-01 23:32:55,792 migration_service Invalid serial format: 
WARNING 2025-10-01 23:32:55,792 migration_service Invalid serial format: 
WARNING 2025-10-01 23:32:55,792 migration_service Invalid serial format: 
WARNING 2025-10-01 23:32:55,793 migration_service Invalid serial format: 
WARNING 2025-10-01 23:32:55,793 migration_service Invalid serial format: 
WARNING 2025-10-01 23:32:55,793 migration_service Invalid serial format: 
WARNING 2025-10-01 23:32:55,793 migration_service Invalid serial format: 
WARNING 2025-10-01 23:32:55,793 migration_service Invalid serial format: 
WARNING 2025-10-01 23:32:55,793 migration_service Invalid serial format: 
WARNING 2025-10-01 23:32:55,793 migration_service Invalid serial format: 
WARNING 2025-10-01 23:32:55,793 migration_service Invalid serial format: 
WARNING 2025-10-01 23:32:55,793 migration_service Invalid serial format: 
WARNING 2025-10-01 23:32:55,793 migration_service Invalid serial format: 
WARNING 2025-10-01 23:32:55,793 migration_service Invalid serial format: 
WARNING 2025-10-01 23:32:55,793 migration_service Invalid serial format: 
WARNING 2025-10-01 23:32:55,794 migration_service Invalid serial format: 
WARNING 2025-10-01 23:32:55,794 migration_service Invalid serial format: 
WARNING 2025-10-01 23:32:55,794 migration_service Invalid serial format: 
WARNING 2025-10-01 23:32:55,794 migration_service Invalid serial format: 
WARNING 2025-10-01 23:32:55,794 migration_service Invalid serial format: 
WARNING 2025-10-01 23:32:55,794 migration_service Invalid serial format: 
WARNING 2025-10-01 23:32:55,794 migration_service Invalid serial format: 
WARNING 2025-10-01 23:32:55,794 migration_service Invalid serial format: 
WARNING 2025-10-01 23:32:55,794 migration_service Invalid serial format: 
WARNING 2025-10-01 23:32:55,794 migration_service Invalid serial format: 
WARNING 2025-10-01 23:32:55,794 migration_service Invalid serial format: 
WARNING 2025-10-01 23:32:55,794 migration_service Invalid serial format: 
WARNING 2025-10-01 23:32:55,795 migration_service Invalid serial format: 
WARNING 2025-10-01 23:32:55,795 migration_service Invalid serial format: 
WARNING 2025-10-01 23:32:55,795 migration_service Invalid serial format: 
WARNING 2025-10-01 23:32:55,795 migration_service Invalid serial format: 
WARNING 2025-10-01 23:32:55,795 migration_service Invalid serial format: 
WARNING 2025-10-01 23:32:55,795 migration_service Invalid serial format: 
WARNING 2025-10-01 23:32:55,795 migration_service Invalid serial format: 
WARNING 2025-10-01 23:32:55,795 migration_service Invalid serial format: 
WARNING 2025-10-01 23:32:55,795 migration_service Invalid serial format: 
WARNING 2025-10-01 23:32:55,795 migration_service Invalid serial format: 
WARNING 2025-10-01 23:32:55,795 migration_service Invalid serial format: 
WARNING 2025-10-01 23:32:55,795 migration_service Invalid serial format: 
WARNING 2025-10-01 23:32:55,795 migration_service Invalid serial format: 
WARNING 2025-10-01 23:32:55,795 migration_service Invalid serial format: 
WARNING 2025-10-01 23:32:55,795 migration_service Invalid serial format: 
WARNING 2025-10-01 23:32:55,796 migration_service Invalid serial format: 
WARNING 2025-10-01 23:32:55,796 migration_service Invalid serial format: 
WARNING 2025-10-01 23:32:55,796 migration_service Invalid serial format: 
WARNING 2025-10-01 23:32:55,796 migration_service Invalid serial format: 
WARNING 2025-10-01 23:32:55,796 migration_service Invalid serial format: 
WARNING 2025-10-01 23:32:55,796 migration_service Invalid serial format: 
WARNING 2025-10-01 23:32:55,796 migration_service Invalid serial format: 
WARNING 2025-10-01 23:32:55,796 migration_service Invalid serial format: 
WARNING 2025-10-01 23:32:55,796 migration_service Invalid serial format: 
WARNING 2025-10-01 23:32:55,796 migration_service Invalid serial format: 
WARNING 2025-10-01 23:32:55,796 migration_service Invalid serial format: 
WARNING 2025-10-01 23:32:55,796 migration_service Invalid serial format: 
WARNING 2025-10-01 23:32:55,796 migration_service Invalid serial format: 
WARNING 2025-10-01 23:32:55,796 migration_service Invalid serial format: 
WARNING 2025-10-01 23:32:55,797 migration_service Invalid serial format: 
WARNING 2025-10-01 23:32:55,797 migration_service Invalid serial format: 
WARNING 2025-10-01 23:32:55,797 migration_service Invalid serial format: 
WARNING 2025-10-01 23:32:55,797 migration_service Invalid serial format: 
WARNING 2025-10-01 23:32:55,797 migration_service Invalid serial format: 
WARNING 2025-10-01 23:32:55,797 migration_service Invalid serial format: 
WARNING 2025-10-01 23:32:55,797 migration_service Invalid serial format: 
WARNING 2025-10-01 23:32:55,797 migration_service Invalid serial format: 
WARNING 2025-10-01 23:32:55,797 migration_service Invalid serial format: 
WARNING 2025-10-01 23:32:55,797 migration_service Invalid serial format: 
WARNING 2025-10-01 23:32:55,797 migration_service Invalid serial format: 
WARNING 2025-10-01 23:32:55,797 migration_service Invalid serial format: 
WARNING 2025-10-01 23:32:55,797 migration_service Invalid serial format: 
WARNING 2025-10-01 23:32:55,797 migration_service Invalid serial format: 
WARNING 2025-10-01 23:32:55,798 migration_service Invalid serial format: 
WARNING 2025-10-01 23:32:55,798 migration_service Invalid serial format: 
WARNING 2025-10-01 23:32:55,798 migration_service Invalid serial format: 
WARNING 2025-10-01 23:32:55,798 migration_service Invalid serial format: 
WARNING 2025-10-01 23:32:55,798 migration_service Invalid serial format: 
WARNING 2025-10-01 23:32:55,798 migration_service Invalid serial format: 
WARNING 2025-10-01 23:32:55,798 migration_service Invalid serial format: 
WARNING 2025-10-01 23:32:55,798 migration_service Invalid serial format: 
WARNING 2025-10-01 23:32:55,798 migration_service Invalid serial format: 
WARNING 2025-10-01 23:32:55,798 migration_service Invalid serial format: 
WARNING 2025-10-01 23:32:55,798 migration_service Invalid serial format: 
WARNING 2025-10-01 23:32:55,798 migration_service Invalid serial format: 
WARNING 2025-10-01 23:32:55,798 migration_service Invalid serial format: 
WARNING 2025-10-01 23:32:55,799 migration_service Invalid serial format: 
WARNING 2025-10-01 23:32:55,799 migration_service Invalid serial format: 
WARNING 2025-10-01 23:32:55,799 migration_service Invalid serial format: 
WARNING 2025-10-01 23:32:55,799 migration_service Invalid serial format: 
WARNING 2025-10-01 23:32:55,799 migration_service Invalid serial format: 
WARNING 2025-10-01 23:32:55,799 migration_service Invalid serial format: 
WARNING 2025-10-01 23:32:55,799 migration_service Invalid serial format: 
WARNING 2025-10-01 23:32:55,799 migration_service Invalid serial format: 
WARNING 2025-10-01 23:32:55,800 migration_service Invalid serial format: 
WARNING 2025-10-01 23:32:55,800 migration_service Invalid serial format: 
WARNING 2025-10-01 23:32:55,800 migration_service Invalid serial format: 
WARNING 2025-10-01 23:32:55,800 migration_service Invalid serial format: 
WARNING 2025-10-01 23:32:55,800 migration_service Invalid serial format: 
WARNING 2025-10-01 23:32:55,800 migration_service Invalid serial format: 
WARNING 2025-10-01 23:32:55,800 migration_service Invalid serial format: 
WARNING 2025-10-01 23:32:55,801 migration_service Invalid serial format: 
WARNING 2025-10-01 23:32:55,801 migration_service Invalid serial format: 
WARNING 2025-10-01 23:32:55,801 migration_service Invalid serial format: 
WARNING 2025-10-01 23:32:55,801 migration_service Invalid serial format: 
WARNING 2025-10-01 23:32:55,801 migration_service Invalid serial format: 
WARNING 2025-10-01 23:32:55,801 migration_service Invalid serial format: 
WARNING 2025-10-01 23:32:55,801 migration_service Invalid serial format: 
WARNING 2025-10-01 23:32:55,801 migration_service Invalid serial format: 
WARNING 2025-10-01 23:32:55,801 migration_service Invalid serial format: 
WARNING 2025-10-01 23:32:55,801 migration_service Invalid serial format: 
WARNING 2025-10-01 23:32:55,801 migration_service Invalid serial format: 
WARNING 2025-10-01 23:32:55,801 migration_service Invalid serial format: 
WARNING 2025-10-01 23:32:55,802 migration_service Invalid serial format: 
WARNING 2025-10-01 23:32:55,802 migration_service Invalid serial format: 
WARNING 2025-10-01 23:32:55,802 migration_service Invalid serial format: 
WARNING 2025-10-01 23:32:55,802 migration_service Invalid serial format: 
WARNING 2025-10-01 23:32:55,802 migration_service Invalid serial format: 
WARNING 2025-10-01 23:32:55,802 migration_service Invalid serial format: 
WARNING 2025-10-01 23:32:55,802 migration_service Invalid serial format: 
WARNING 2025-10-01 23:32:55,802 migration_service Invalid serial format: 
WARNING 2025-10-01 23:32:55,802 migration_service Invalid serial format: 
WARNING 2025-10-01 23:32:55,802 migration_service Invalid serial format: 
WARNING 2025-10-01 23:32:55,802 migration_service Invalid serial format: 
WARNING 2025-10-01 23:32:55,802 migration_service Invalid serial format: 
WARNING 2025-10-01 23:32:55,802 migration_service Invalid serial format: 
WARNING 2025-10-01 23:32:55,802 migration_service Invalid serial format: 
WARNING 2025-10-01 23:32:55,802 migration_service Invalid serial format: 
WARNING 2025-10-01 23:32:55,803 migration_service Invalid serial format: 
WARNING 2025-10-01 23:32:55,803 migration_service Invalid serial format: 
WARNING 2025-10-01 23:32:55,803 migration_service Invalid serial format: 
WARNING 2025-10-01 23:32:55,803 migration_service Invalid serial format: 
WARNING 2025-10-01 23:32:55,803 migration_service Invalid serial format: 
WARNING 2025-10-01 23:32:55,803 migration_service Invalid serial format: 
WARNING 2025-10-01 23:32:55,803 migration_service Invalid serial format: 
WARNING 2025-10-01 23:32:55,803 migration_service Invalid serial format: 
WARNING 2025-10-01 23:32:55,803 migration_service Invalid serial format: 
WARNING 2025-10-01 23:32:55,803 migration_service Invalid serial format: 
WARNING 2025-10-01 23:32:55,803 migration_service Invalid serial format: 
WARNING 2025-10-01 23:32:55,803 migration_service Invalid serial format: 
WARNING 2025-10-01 23:32:55,803 migration_service Invalid serial format: 
WARNING 2025-10-01 23:32:55,803 migration_service Invalid serial format: 
WARNING 2025-10-01 23:32:55,803 migration_service Invalid serial format: 
WARNING 2025-10-01 23:32:55,803 migration_service Invalid serial format: 
WARNING 2025-10-01 23:32:55,804 migration_service Invalid serial format: 
WARNING 2025-10-01 23:32:55,804 migration_service Invalid serial format: 
WARNING 2025-10-01 23:32:55,804 migration_service Invalid serial format: 
WARNING 2025-10-01 23:32:55,804 migration_service Invalid serial format: 
WARNING 2025-10-01 23:32:55,804 migration_service Invalid serial format: 
WARNING 2025-10-01 23:32:55,804 migration_service Invalid serial format: 
WARNING 2025-10-01 23:32:55,804 migration_service Invalid serial format: 
WARNING 2025-10-01 23:32:55,804 migration_service Invalid serial format: 
WARNING 2025-10-01 23:32:55,804 migration_service Invalid serial format: 
WARNING 2025-10-01 23:32:55,804 migration_service Invalid serial format: 
WARNING 2025-10-01 23:32:55,804 migration_service Invalid serial format: 
WARNING 2025-10-01 23:32:55,804 migration_service Invalid serial format: 
WARNING 2025-10-01 23:32:55,804 migration_service Invalid serial format: 
WARNING 2025-10-01 23:32:55,804 migration_service Invalid serial format: 
WARNING 2025-10-01 23:32:55,804 migration_service Invalid serial format: 
WARNING 2025-10-01 23:32:55,805 migration_service Invalid serial format: 
WARNING 2025-10-01 23:32:55,805 migration_service Invalid serial format: 
WARNING 2025-10-01 23:32:55,805 migration_service Invalid serial format: 
WARNING 2025-10-01 23:32:55,805 migration_service Invalid serial format: 
WARNING 2025-10-01 23:32:55,805 migration_service Invalid serial format: 
WARNING 2025-10-01 23:32:55,805 migration_service Invalid serial format: 
WARNING 2025-10-01 23:32:55,805 migration_service Invalid serial format: 
WARNING 2025-10-01 23:32:55,805 migration_service Invalid serial format: 
WARNING 2025-10-01 23:32:55,805 migration_service Invalid serial format: 
WARNING 2025-10-01 23:32:55,805 migration_service Invalid serial format: 
WARNING 2025-10-01 23:32:55,805 migration_service Invalid serial format: 
WARNING 2025-10-01 23:32:55,805 migration_service Invalid serial format: 
WARNING 2025-10-01 23:32:55,805 migration_service Invalid serial format: 
WARNING 2025-10-01 23:32:55,805 migration_service Invalid serial format: 
WARNING 2025-10-01 23:32:55,805 migration_service Invalid serial format: 
WARNING 2025-10-01 23:32:55,805 migration_service Invalid serial format: 
WARNING 2025-10-01 23:32:55,806 migration_service Invalid serial format: 
WARNING 2025-10-01 23:32:55,806 migration_service Invalid serial format: 
WARNING 2025-10-01 23:32:55,806 migration_service Invalid serial format: 
WARNING 2025-10-01 23:32:55,806 migration_service Invalid serial format: 
WARNING 2025-10-01 23:32:55,806 migration_service Invalid serial format: 
WARNING 2025-10-01 23:32:55,806 migration_service Invalid serial format: 
WARNING 2025-10-01 23:32:55,806 migration_service Invalid serial format: 
WARNING 2025-10-01 23:32:55,806 migration_service Invalid serial format: 
WARNING 2025-10-01 23:32:55,806 migration_service Invalid serial format: 
WARNING 2025-10-01 23:32:55,806 migration_service Invalid serial format: 
WARNING 2025-10-01 23:32:55,806 migration_service Invalid serial format: 
WARNING 2025-10-01 23:32:55,806 migration_service Invalid serial format: 
WARNING 2025-10-01 23:32:55,806 migration_service Invalid serial format: 
WARNING 2025-10-01 23:32:55,806 migration_service Invalid serial format: 
WARNING 2025-10-01 23:32:55,806 migration_service Invalid serial format: 
WARNING 2025-10-01 23:32:55,807 migration_service Invalid serial format: 
WARNING 2025-10-01 23:32:55,807 migration_service Invalid serial format: 
WARNING 2025-10-01 23:32:55,807 migration_service Invalid serial format: 
WARNING 2025-10-01 23:32:55,807 migration_service Invalid serial format: 
WARNING 2025-10-01 23:32:56,442 migration_service Invalid serial format: 
WARNING 2025-10-01 23:32:56,443 migration_service Invalid serial format: 
WARNING 2025-10-01 23:32:56,554 migration_service Invalid serial format: 
WARNING 2025-10-01 23:32:56,555 migration_service Invalid serial format: 
WARNING 2025-10-01 23:32:56,555 migration_service Invalid serial format: 
WARNING 2025-10-01 23:32:56,555 migration_service Invalid serial format: 
WARNING 2025-10-01 23:32:56,555 migration_service Invalid serial format: 
WARNING 2025-10-01 23:32:56,555 migration_service Invalid serial format: 
WARNING 2025-10-01 23:32:56,555 migration_service Invalid serial format: 
WARNING 2025-10-01 23:32:56,555 migration_service Invalid serial format: 
WARNING 2025-10-01 23:32:56,555 migration_service Invalid serial format: 
WARNING 2025-10-01 23:32:56,555 migration_service Invalid serial format: 
WARNING 2025-10-01 23:32:56,556 migration_service Invalid serial format: 
WARNING 2025-10-01 23:32:56,556 migration_service Invalid serial format: 
WARNING 2025-10-01 23:32:56,556 migration_service Invalid serial format: 
WARNING 2025-10-01 23:32:56,556 migration_service Invalid serial format: 
WARNING 2025-10-01 23:32:56,556 migration_service Invalid serial format: 
WARNING 2025-10-01 23:32:56,556 migration_service Invalid serial format: 
WARNING 2025-10-01 23:32:56,556 migration_service Invalid serial format: 
WARNING 2025-10-01 23:32:56,556 migration_service Invalid serial format: 
WARNING 2025-10-01 23:32:56,556 migration_service Invalid serial format: 
WARNING 2025-10-01 23:32:56,556 migration_service Invalid serial format: 
WARNING 2025-10-01 23:32:56,556 migration_service Invalid serial format: 
WARNING 2025-10-01 23:32:56,556 migration_service Invalid serial format: 
WARNING 2025-10-01 23:32:56,556 migration_service Invalid serial format: 
WARNING 2025-10-01 23:32:56,556 migration_service Invalid serial format: 
WARNING 2025-10-01 23:32:56,557 migration_service Invalid serial format: 
WARNING 2025-10-01 23:32:56,557 migration_service Invalid serial format: 
WARNING 2025-10-01 23:32:56,557 migration_service Invalid serial format: 
WARNING 2025-10-01 23:32:56,557 migration_service Invalid serial format: 
WARNING 2025-10-01 23:32:56,557 migration_service Invalid serial format: 
WARNING 2025-10-01 23:32:56,557 migration_service Invalid serial format: 
WARNING 2025-10-01 23:32:56,557 migration_service Invalid serial format: 
WARNING 2025-10-01 23:32:56,557 migration_service Invalid serial format: 
WARNING 2025-10-01 23:32:56,557 migration_service Invalid serial format: 
WARNING 2025-10-01 23:32:56,557 migration_service Invalid serial format: 
WARNING 2025-10-01 23:32:56,557 migration_service Invalid serial format: 
WARNING 2025-10-01 23:32:56,557 migration_service Invalid serial format: 
WARNING 2025-10-01 23:32:56,557 migration_service Invalid serial format: 
WARNING 2025-10-01 23:32:56,557 migration_service Invalid serial format: 
WARNING 2025-10-01 23:32:56,558 migration_service Invalid serial format: 
WARNING 2025-10-01 23:32:56,558 migration_service Invalid serial format: 
WARNING 2025-10-01 23:32:56,558 migration_service Invalid serial format: 
WARNING 2025-10-01 23:32:56,558 migration_service Invalid serial format: 
WARNING 2025-10-01 23:32:56,558 migration_service Invalid serial format: 
WARNING 2025-10-01 23:32:56,558 migration_service Invalid serial format: 
WARNING 2025-10-01 23:32:56,558 migration_service Invalid serial format: 
WARNING 2025-10-01 23:32:56,558 migration_service Invalid serial format: 
WARNING 2025-10-01 23:32:56,558 migration_service Invalid serial format: 
WARNING 2025-10-01 23:32:56,558 migration_service Invalid serial format: 
WARNING 2025-10-01 23:32:56,558 migration_service Invalid serial format: 
WARNING 2025-10-01 23:32:56,558 migration_service Invalid serial format: 
WARNING 2025-10-01 23:32:56,558 migration_service Invalid serial format: 
WARNING 2025-10-01 23:32:56,559 migration_service Invalid serial format: 
WARNING 2025-10-01 23:32:56,559 migration_service Invalid serial format: 
WARNING 2025-10-01 23:32:56,559 migration_service Invalid serial format: 
WARNING 2025-10-01 23:32:56,559 migration_service Invalid serial format: 
WARNING 2025-10-01 23:32:56,559 migration_service Invalid serial format: 
WARNING 2025-10-01 23:32:56,559 migration_service Invalid serial format: 
WARNING 2025-10-01 23:32:56,559 migration_service Invalid serial format: 
WARNING 2025-10-01 23:32:56,559 migration_service Invalid serial format: 
WARNING 2025-10-01 23:32:56,559 migration_service Invalid serial format: 
WARNING 2025-10-01 23:32:56,559 migration_service Invalid serial format: 
WARNING 2025-10-01 23:32:56,559 migration_service Invalid serial format: 
WARNING 2025-10-01 23:32:56,559 migration_service Invalid serial format: 
WARNING 2025-10-01 23:32:56,559 migration_service Invalid serial format: 
WARNING 2025-10-01 23:32:56,560 migration_service Invalid serial format: 
WARNING 2025-10-01 23:32:56,560 migration_service Invalid serial format: 
WARNING 2025-10-01 23:32:56,560 migration_service Invalid serial format: 
WARNING 2025-10-01 23:32:56,560 migration_service Invalid serial format: 
WARNING 2025-10-01 23:32:56,560 migration_service Invalid serial format: 
WARNING 2025-10-01 23:32:56,560 migration_service Invalid serial format: 
WARNING 2025-10-01 23:32:56,560 migration_service Invalid serial format: 
WARNING 2025-10-01 23:32:56,560 migration_service Invalid serial format: 
WARNING 2025-10-01 23:32:56,560 migration_service Invalid serial format: 
WARNING 2025-10-01 23:32:56,560 migration_service Invalid serial format: 
WARNING 2025-10-01 23:32:56,560 migration_service Invalid serial format: 
WARNING 2025-10-01 23:32:56,560 migration_service Invalid serial format: 
WARNING 2025-10-01 23:32:56,561 migration_service Invalid serial format: 
WARNING 2025-10-01 23:32:56,561 migration_service Invalid serial format: 
WARNING 2025-10-01 23:32:56,561 migration_service Invalid serial format: 
WARNING 2025-10-01 23:32:56,561 migration_service Invalid serial format: 
WARNING 2025-10-01 23:32:56,561 migration_service Invalid serial format: 
WARNING 2025-10-01 23:32:56,561 migration_service Invalid serial format: 
WARNING 2025-10-01 23:32:56,561 migration_service Invalid serial format: 
WARNING 2025-10-01 23:32:56,561 migration_service Invalid serial format: 
WARNING 2025-10-01 23:32:56,561 migration_service Invalid serial format: 
WARNING 2025-10-01 23:32:56,561 migration_service Invalid serial format: 
WARNING 2025-10-01 23:32:56,561 migration_service Invalid serial format: 
WARNING 2025-10-01 23:32:56,561 migration_service Invalid serial format: 
WARNING 2025-10-01 23:32:56,562 migration_service Invalid serial format: 
WARNING 2025-10-01 23:32:56,562 migration_service Invalid serial format: 
WARNING 2025-10-01 23:32:56,562 migration_service Invalid serial format: 
WARNING 2025-10-01 23:32:56,562 migration_service Invalid serial format: 
WARNING 2025-10-01 23:32:56,562 migration_service Invalid serial format: 
WARNING 2025-10-01 23:32:56,562 migration_service Invalid serial format: 
WARNING 2025-10-01 23:32:56,562 migration_service Invalid serial format: 
WARNING 2025-10-01 23:32:56,562 migration_service Invalid serial format: 
WARNING 2025-10-01 23:32:56,562 migration_service Invalid serial format: 
WARNING 2025-10-01 23:32:56,562 migration_service Invalid serial format: 
WARNING 2025-10-01 23:32:56,562 migration_service Invalid serial format: 
WARNING 2025-10-01 23:32:56,563 migration_service Invalid serial format: 
WARNING 2025-10-01 23:32:56,563 migration_service Invalid serial format: 
WARNING 2025-10-01 23:32:56,563 migration_service Invalid serial format: 
WARNING 2025-10-01 23:32:56,563 migration_service Invalid serial format: 
WARNING 2025-10-01 23:32:56,563 migration_service Invalid serial format: 
WARNING 2025-10-01 23:32:56,563 migration_service Invalid serial format: 
WARNING 2025-10-01 23:32:56,563 migration_service Invalid serial format: 
WARNING 2025-10-01 23:32:56,563 migration_service Invalid serial format: 
WARNING 2025-10-01 23:32:56,563 migration_service Invalid serial format: 
WARNING 2025-10-01 23:32:56,564 migration_service Invalid serial format: 
WARNING 2025-10-01 23:32:56,564 migration_service Invalid serial format: 
WARNING 2025-10-01 23:32:56,564 migration_service Invalid serial format: 
WARNING 2025-10-01 23:32:56,564 migration_service Invalid serial format: 
WARNING 2025-10-01 23:32:56,564 migration_service Invalid serial format: 
WARNING 2025-10-01 23:32:56,564 migration_service Invalid serial format: 
WARNING 2025-10-01 23:32:56,564 migration_service Invalid serial format: 
WARNING 2025-10-01 23:32:56,565 migration_service Invalid serial format: 
WARNING 2025-10-01 23:32:56,565 migration_service Invalid serial format: 
WARNING 2025-10-01 23:32:56,565 migration_service Invalid serial format: 
WARNING 2025-10-01 23:32:56,565 migration_service Invalid serial format: 
WARNING 2025-10-01 23:32:56,565 migration_service Invalid serial format: 
WARNING 2025-10-01 23:32:56,565 migration_service Invalid serial format: 
WARNING 2025-10-01 23:32:56,565 migration_service Invalid serial format: 
WARNING 2025-10-01 23:32:56,566 migration_service Invalid serial format: 
WARNING 2025-10-01 23:32:56,566 migration_service Invalid serial format: 
WARNING 2025-10-01 23:32:56,566 migration_service Invalid serial format: 
WARNING 2025-10-01 23:32:56,566 migration_service Invalid serial format: 
WARNING 2025-10-01 23:32:56,566 migration_service Invalid serial format: 
WARNING 2025-10-01 23:32:56,566 migration_service Invalid serial format: 
WARNING 2025-10-01 23:32:56,566 migration_service Invalid serial format: 
WARNING 2025-10-01 23:32:56,566 migration_service Invalid serial format: 
WARNING 2025-10-01 23:32:56,566 migration_service Invalid serial format: 
WARNING 2025-10-01 23:32:56,566 migration_service Invalid serial format: 
WARNING 2025-10-01 23:32:56,566 migration_service Invalid serial format: 
WARNING 2025-10-01 23:32:56,566 migration_service Invalid serial format: 
WARNING 2025-10-01 23:32:56,566 migration_service Invalid serial format: 
WARNING 2025-10-01 23:32:56,566 migration_service Invalid serial format: 
WARNING 2025-10-01 23:32:56,567 migration_service Invalid serial format: 
WARNING 2025-10-01 23:32:56,567 migration_service Invalid serial format: 
WARNING 2025-10-01 23:32:56,567 migration_service Invalid serial format: 
WARNING 2025-10-01 23:32:56,567 migration_service Invalid serial format: 
WARNING 2025-10-01 23:32:56,567 migration_service Invalid serial format: 
WARNING 2025-10-01 23:32:56,567 migration_service Invalid serial format: 
WARNING 2025-10-01 23:32:56,567 migration_service Invalid serial format: 
WARNING 2025-10-01 23:32:56,567 migration_service Invalid serial format: 
WARNING 2025-10-01 23:32:56,567 migration_service Invalid serial format: 
WARNING 2025-10-01 23:32:56,567 migration_service Invalid serial format: 
WARNING 2025-10-01 23:32:56,567 migration_service Invalid serial format: 
WARNING 2025-10-01 23:32:56,567 migration_service Invalid serial format: 
WARNING 2025-10-01 23:32:56,567 migration_service Invalid serial format: 
WARNING 2025-10-01 23:32:56,568 migration_service Invalid serial format: 
WARNING 2025-10-01 23:32:56,568 migration_service Invalid serial format: 
WARNING 2025-10-01 23:32:56,568 migration_service Invalid serial format: 
WARNING 2025-10-01 23:32:56,568 migration_service Invalid serial format: 
WARNING 2025-10-01 23:32:56,568 migration_service Invalid serial format: 
WARNING 2025-10-01 23:32:56,568 migration_service Invalid serial format: 
WARNING 2025-10-01 23:32:56,568 migration_service Invalid serial format: 
WARNING 2025-10-01 23:32:56,568 migration_service Invalid serial format: 
WARNING 2025-10-01 23:32:56,568 migration_service Invalid serial format: 
WARNING 2025-10-01 23:32:56,568 migration_service Invalid serial format: 
WARNING 2025-10-01 23:32:56,568 migration_service Invalid serial format: 
WARNING 2025-10-01 23:32:56,568 migration_service Invalid serial format: 
WARNING 2025-10-01 23:32:56,568 migration_service Invalid serial format: 
WARNING 2025-10-01 23:32:56,568 migration_service Invalid serial format: 
WARNING 2025-10-01 23:32:56,569 migration_service Invalid serial format: 
WARNING 2025-10-01 23:32:56,569 migration_service Invalid serial format: 
WARNING 2025-10-01 23:32:56,569 migration_service Invalid serial format: 
WARNING 2025-10-01 23:32:56,569 migration_service Invalid serial format: 
WARNING 2025-10-01 23:32:56,569 migration_service Invalid serial format: 
WARNING 2025-10-01 23:32:56,569 migration_service Invalid serial format: 
WARNING 2025-10-01 23:32:56,569 migration_service Invalid serial format: 
WARNING 2025-10-01 23:32:56,569 migration_service Invalid serial format: 
WARNING 2025-10-01 23:32:56,569 migration_service Invalid serial format: 
WARNING 2025-10-01 23:32:56,569 migration_service Invalid serial format: 
WARNING 2025-10-01 23:32:56,569 migration_service Invalid serial format: 
WARNING 2025-10-01 23:32:56,569 migration_service Invalid serial format: 
WARNING 2025-10-01 23:32:56,570 migration_service Invalid serial format: 
WARNING 2025-10-01 23:32:56,570 migration_service Invalid serial format: 
WARNING 2025-10-01 23:32:56,570 migration_service Invalid serial format: 
WARNING 2025-10-01 23:32:56,570 migration_service Invalid serial format: 
WARNING 2025-10-01 23:32:56,570 migration_service Invalid serial format: 
WARNING 2025-10-01 23:32:56,570 migration_service Invalid serial format: 
WARNING 2025-10-01 23:32:56,570 migration_service Invalid serial format: 
WARNING 2025-10-01 23:32:56,570 migration_service Invalid serial format: 
WARNING 2025-10-01 23:32:56,570 migration_service Invalid serial format: 
WARNING 2025-10-01 23:32:56,570 migration_service Invalid serial format: 
WARNING 2025-10-01 23:32:56,570 migration_service Invalid serial format: 
WARNING 2025-10-01 23:32:56,570 migration_service Invalid serial format: 
WARNING 2025-10-01 23:32:56,571 migration_service Invalid serial format: 
WARNING 2025-10-01 23:32:56,571 migration_service Invalid serial format: 
WARNING 2025-10-01 23:32:56,571 migration_service Invalid serial format: 
WARNING 2025-10-01 23:32:56,571 migration_service Invalid serial format: 
WARNING 2025-10-01 23:32:56,571 migration_service Invalid serial format: 
WARNING 2025-10-01 23:32:56,571 migration_service Invalid serial format: 
WARNING 2025-10-01 23:32:56,571 migration_service Invalid serial format: 
WARNING 2025-10-01 23:32:56,571 migration_service Invalid serial format: 
WARNING 2025-10-01 23:32:56,571 migration_service Invalid serial format: 
WARNING 2025-10-01 23:32:56,571 migration_service Invalid serial format: 
WARNING 2025-10-01 23:32:56,571 migration_service Invalid serial format: 
WARNING 2025-10-01 23:32:56,571 migration_service Invalid serial format: 
WARNING 2025-10-01 23:32:56,572 migration_service Invalid serial format: 
WARNING 2025-10-01 23:32:56,572 migration_service Invalid serial format: 
WARNING 2025-10-01 23:32:56,572 migration_service Invalid serial format: 
WARNING 2025-10-01 23:32:56,572 migration_service Invalid serial format: 
WARNING 2025-10-01 23:32:56,572 migration_service Invalid serial format: 
WARNING 2025-10-01 23:32:56,572 migration_service Invalid serial format: 
WARNING 2025-10-01 23:32:56,572 migration_service Invalid serial format: 
WARNING 2025-10-01 23:32:56,572 migration_service Invalid serial format: 
WARNING 2025-10-01 23:32:56,572 migration_service Invalid serial format: 
WARNING 2025-10-01 23:32:56,572 migration_service Invalid serial format: 
WARNING 2025-10-01 23:32:56,572 migration_service Invalid serial format: 
WARNING 2025-10-01 23:32:56,572 migration_service Invalid serial format: 
WARNING 2025-10-01 23:32:56,572 migration_service Invalid serial format: 
WARNING 2025-10-01 23:32:56,572 migration_service Invalid serial format: 
WARNING 2025-10-01 23:32:56,573 migration_service Invalid serial format: 
WARNING 2025-10-01 23:32:56,573 migration_service Invalid serial format: 
WARNING 2025-10-01 23:32:56,573 migration_service Invalid serial format: 
WARNING 2025-10-01 23:32:56,573 migration_service Invalid serial format: 
WARNING 2025-10-01 23:32:56,573 migration_service Invalid serial format: 
WARNING 2025-10-01 23:32:56,573 migration_service Invalid serial format: 
WARNING 2025-10-01 23:32:56,573 migration_service Invalid serial format: 
WARNING 2025-10-01 23:32:56,573 migration_service Invalid serial format: 
WARNING 2025-10-01 23:32:56,573 migration_service Invalid serial format: 
WARNING 2025-10-01 23:32:56,573 migration_service Invalid serial format: 
WARNING 2025-10-01 23:32:56,573 migration_service Invalid serial format: 
WARNING 2025-10-01 23:32:56,573 migration_service Invalid serial format: 
WARNING 2025-10-01 23:32:56,573 migration_service Invalid serial format: 
WARNING 2025-10-01 23:32:56,574 migration_service Invalid serial format: 
WARNING 2025-10-01 23:32:56,574 migration_service Invalid serial format: 
WARNING 2025-10-01 23:32:56,574 migration_service Invalid serial format: 
WARNING 2025-10-01 23:32:56,574 migration_service Invalid serial format: 
WARNING 2025-10-01 23:32:56,574 migration_service Invalid serial format: 
WARNING 2025-10-01 23:32:56,574 migration_service Invalid serial format: 
WARNING 2025-10-01 23:32:56,574 migration_service Invalid serial format: 
WARNING 2025-10-01 23:32:56,574 migration_service Invalid serial format: 
WARNING 2025-10-01 23:32:56,574 migration_service Invalid serial format: 
WARNING 2025-10-01 23:32:56,574 migration_service Invalid serial format: 
WARNING 2025-10-01 23:32:56,574 migration_service Invalid serial format: 
WARNING 2025-10-01 23:32:56,575 migration_service Invalid serial format: 
WARNING 2025-10-01 23:32:56,575 migration_service Invalid serial format: 
WARNING 2025-10-01 23:32:56,575 migration_service Invalid serial format: 
WARNING 2025-10-01 23:32:56,575 migration_service Invalid serial format: 
WARNING 2025-10-01 23:32:56,575 migration_service Invalid serial format: 
WARNING 2025-10-01 23:32:56,575 migration_service Invalid serial format: 
WARNING 2025-10-01 23:32:56,575 migration_service Invalid serial format: 
WARNING 2025-10-01 23:32:56,575 migration_service Invalid serial format: 
WARNING 2025-10-01 23:32:56,576 migration_service Invalid serial format: 
WARNING 2025-10-01 23:32:56,576 migration_service Invalid serial format: 
WARNING 2025-10-01 23:32:56,576 migration_service Invalid serial format: 
WARNING 2025-10-01 23:32:56,576 migration_service Invalid serial format: 
WARNING 2025-10-01 23:32:56,576 migration_service Invalid serial format: 
WARNING 2025-10-01 23:32:56,576 migration_service Invalid serial format: 
WARNING 2025-10-01 23:32:56,576 migration_service Invalid serial format: 
WARNING 2025-10-01 23:32:56,576 migration_service Invalid serial format: 
WARNING 2025-10-01 23:32:56,576 migration_service Invalid serial format: 
WARNING 2025-10-01 23:32:56,576 migration_service Invalid serial format: 
WARNING 2025-10-01 23:32:56,577 migration_service Invalid serial format: 
WARNING 2025-10-01 23:32:56,577 migration_service Invalid serial format: 
WARNING 2025-10-01 23:32:56,577 migration_service Invalid serial format: 
WARNING 2025-10-01 23:32:56,577 migration_service Invalid serial format: 
WARNING 2025-10-01 23:32:56,577 migration_service Invalid serial format: 
WARNING 2025-10-01 23:32:56,577 migration_service Invalid serial format: 
WARNING 2025-10-01 23:32:56,577 migration_service Invalid serial format: 
WARNING 2025-10-01 23:32:56,577 migration_service Invalid serial format: 
WARNING 2025-10-01 23:32:56,577 migration_service Invalid serial format: 
WARNING 2025-10-01 23:32:56,577 migration_service Invalid serial format: 
WARNING 2025-10-01 23:32:56,577 migration_service Invalid serial format: 
WARNING 2025-10-01 23:32:56,577 migration_service Invalid serial format: 
WARNING 2025-10-01 23:32:56,578 migration_service Invalid serial format: 
WARNING 2025-10-01 23:32:56,578 migration_service Invalid serial format: 
WARNING 2025-10-01 23:32:56,578 migration_service Invalid serial format: 
WARNING 2025-10-01 23:32:56,578 migration_service Invalid serial format: 
WARNING 2025-10-01 23:32:56,578 migration_service Invalid serial format: 
WARNING 2025-10-01 23:32:56,578 migration_service Invalid serial format: 
WARNING 2025-10-01 23:32:56,578 migration_service Invalid serial format: 
WARNING 2025-10-01 23:32:56,578 migration_service Invalid serial format: 
WARNING 2025-10-01 23:32:56,578 migration_service Invalid serial format: 
WARNING 2025-10-01 23:32:56,578 migration_service Invalid serial format: 
WARNING 2025-10-01 23:32:56,578 migration_service Invalid serial format: 
WARNING 2025-10-01 23:32:56,578 migration_service Invalid serial format: 
WARNING 2025-10-01 23:32:56,578 migration_service Invalid serial format: 
WARNING 2025-10-01 23:32:56,578 migration_service Invalid serial format: 
WARNING 2025-10-01 23:32:56,578 migration_service Invalid serial format: 
WARNING 2025-10-01 23:32:56,579 migration_service Invalid serial format: 
WARNING 2025-10-01 23:32:56,579 migration_service Invalid serial format: 
WARNING 2025-10-01 23:32:56,579 migration_service Invalid serial format: 
WARNING 2025-10-01 23:32:56,579 migration_service Invalid serial format: 
WARNING 2025-10-01 23:32:56,579 migration_service Invalid serial format: 
WARNING 2025-10-01 23:32:56,579 migration_service Invalid serial format: 
WARNING 2025-10-01 23:32:56,579 migration_service Invalid serial format: 
WARNING 2025-10-01 23:32:56,579 migration_service Invalid serial format: 
WARNING 2025-10-01 23:32:56,579 migration_service Invalid serial format: 
WARNING 2025-10-01 23:32:56,579 migration_service Invalid serial format: 
WARNING 2025-10-01 23:32:56,579 migration_service Invalid serial format: 
WARNING 2025-10-01 23:32:56,579 migration_service Invalid serial format: 
WARNING 2025-10-01 23:32:56,579 migration_service Invalid serial format: 
WARNING 2025-10-01 23:32:56,579 migration_service Invalid serial format: 
WARNING 2025-10-01 23:32:56,580 migration_service Invalid serial format: 
WARNING 2025-10-01 23:32:56,580 migration_service Invalid serial format: 
WARNING 2025-10-01 23:32:56,580 migration_service Invalid serial format: 
WARNING 2025-10-01 23:32:56,580 migration_service Invalid serial format: 
WARNING 2025-10-01 23:32:56,580 migration_service Invalid serial format: 
WARNING 2025-10-01 23:32:56,580 migration_service Invalid serial format: 
WARNING 2025-10-01 23:32:56,580 migration_service Invalid serial format: 
WARNING 2025-10-01 23:32:56,580 migration_service Invalid serial format: 
WARNING 2025-10-01 23:32:56,580 migration_service Invalid serial format: 
WARNING 2025-10-01 23:32:56,580 migration_service Invalid serial format: 
WARNING 2025-10-01 23:32:56,580 migration_service Invalid serial format: 
WARNING 2025-10-01 23:32:56,580 migration_service Invalid serial format: 
WARNING 2025-10-01 23:32:56,580 migration_service Invalid serial format: 
WARNING 2025-10-01 23:32:56,580 migration_service Invalid serial format: 
WARNING 2025-10-01 23:32:56,580 migration_service Invalid serial format: 
WARNING 2025-10-01 23:32:56,580 migration_service Invalid serial format: 
WARNING 2025-10-01 23:32:56,581 migration_service Invalid serial format: 
WARNING 2025-10-01 23:32:56,581 migration_service Invalid serial format: 
WARNING 2025-10-01 23:32:56,581 migration_service Invalid serial format: 
WARNING 2025-10-01 23:32:56,581 migration_service Invalid serial format: 
WARNING 2025-10-01 23:32:56,581 migration_service Invalid serial format: 
WARNING 2025-10-01 23:32:56,581 migration_service Invalid serial format: 
WARNING 2025-10-01 23:32:56,581 migration_service Invalid serial format: 
WARNING 2025-10-01 23:32:56,581 migration_service Invalid serial format: 
WARNING 2025-10-01 23:32:56,581 migration_service Invalid serial format: 
WARNING 2025-10-01 23:32:56,581 migration_service Invalid serial format: 
WARNING 2025-10-01 23:32:56,581 migration_service Invalid serial format: 
WARNING 2025-10-01 23:32:56,581 migration_service Invalid serial format: 
WARNING 2025-10-01 23:32:56,581 migration_service Invalid serial format: 
WARNING 2025-10-01 23:32:56,581 migration_service Invalid serial format: 
WARNING 2025-10-01 23:32:56,581 migration_service Invalid serial format: 
WARNING 2025-10-01 23:32:56,581 migration_service Invalid serial format: 
WARNING 2025-10-01 23:32:56,582 migration_service Invalid serial format: 
WARNING 2025-10-01 23:32:56,582 migration_service Invalid serial format: 
WARNING 2025-10-01 23:32:56,582 migration_service Invalid serial format: 
WARNING 2025-10-01 23:32:56,582 migration_service Invalid serial format: 
WARNING 2025-10-01 23:32:56,582 migration_service Invalid serial format: 
WARNING 2025-10-01 23:32:56,582 migration_service Invalid serial format: 
WARNING 2025-10-01 23:32:56,582 migration_service Invalid serial format: 
WARNING 2025-10-01 23:32:56,582 migration_service Invalid serial format: 
WARNING 2025-10-01 23:32:56,582 migration_service Invalid serial format: 
WARNING 2025-10-01 23:32:56,582 migration_service Invalid serial format: 
WARNING 2025-10-01 23:32:56,582 migration_service Invalid serial format: 
WARNING 2025-10-01 23:32:56,582 migration_service Invalid serial format: 
WARNING 2025-10-01 23:32:56,582 migration_service Invalid serial format: 
WARNING 2025-10-01 23:32:56,582 migration_service Invalid serial format: 
WARNING 2025-10-01 23:32:56,583 migration_service Invalid serial format: 
WARNING 2025-10-01 23:32:56,583 migration_service Invalid serial format: 
WARNING 2025-10-01 23:32:56,583 migration_service Invalid serial format: 
WARNING 2025-10-01 23:32:56,583 migration_service Invalid serial format: 
WARNING 2025-10-01 23:32:56,583 migration_service Invalid serial format: 
WARNING 2025-10-01 23:32:56,583 migration_service Invalid serial format: 
WARNING 2025-10-01 23:32:56,583 migration_service Invalid serial format: 
WARNING 2025-10-01 23:32:56,583 migration_service Invalid serial format: 
WARNING 2025-10-01 23:32:56,583 migration_service Invalid serial format: 
WARNING 2025-10-01 23:32:56,583 migration_service Invalid serial format: 
WARNING 2025-10-01 23:32:56,583 migration_service Invalid serial format: 
WARNING 2025-10-01 23:32:56,584 migration_service Invalid serial format: 
WARNING 2025-10-01 23:32:56,584 migration_service Invalid serial format: 
WARNING 2025-10-01 23:32:56,584 migration_service Invalid serial format: 
WARNING 2025-10-01 23:32:56,584 migration_service Invalid serial format: 
WARNING 2025-10-01 23:32:56,584 migration_service Invalid serial format: 
WARNING 2025-10-01 23:32:56,584 migration_service Invalid serial format: 
WARNING 2025-10-01 23:32:56,584 migration_service Invalid serial format: 
WARNING 2025-10-01 23:32:56,584 migration_service Invalid serial format: 
WARNING 2025-10-01 23:32:56,584 migration_service Invalid serial format: 
WARNING 2025-10-01 23:32:56,585 migration_service Invalid serial format: 
WARNING 2025-10-01 23:32:56,585 migration_service Invalid serial format: 
WARNING 2025-10-01 23:32:56,585 migration_service Invalid serial format: 
WARNING 2025-10-01 23:32:56,585 migration_service Invalid serial format: 
WARNING 2025-10-01 23:32:56,585 migration_service Invalid serial format: 
WARNING 2025-10-01 23:32:56,585 migration_service Invalid serial format: 
WARNING 2025-10-01 23:32:56,585 migration_service Invalid serial format: 
WARNING 2025-10-01 23:32:56,585 migration_service Invalid serial format: 
WARNING 2025-10-01 23:32:56,585 migration_service Invalid serial format: 
WARNING 2025-10-01 23:32:56,585 migration_service Invalid serial format: 
WARNING 2025-10-01 23:32:56,585 migration_service Invalid serial format: 
WARNING 2025-10-01 23:32:56,585 migration_service Invalid serial format: 
WARNING 2025-10-01 23:32:56,585 migration_service Invalid serial format: 
WARNING 2025-10-01 23:32:56,585 migration_service Invalid serial format: 
WARNING 2025-10-01 23:32:56,585 migration_service Invalid serial format: 
WARNING 2025-10-01 23:32:56,586 migration_service Invalid serial format: 
WARNING 2025-10-01 23:32:56,586 migration_service Invalid serial format: 
WARNING 2025-10-01 23:32:56,586 migration_service Invalid serial format: 
WARNING 2025-10-01 23:32:56,586 migration_service Invalid serial format: 
WARNING 2025-10-01 23:32:56,586 migration_service Invalid serial format: 
WARNING 2025-10-01 23:32:56,586 migration_service Invalid serial format: 
WARNING 2025-10-01 23:32:56,586 migration_service Invalid serial format: 
WARNING 2025-10-01 23:32:56,586 migration_service Invalid serial format: 
WARNING 2025-10-01 23:32:56,586 migration_service Invalid serial format: 
WARNING 2025-10-01 23:32:56,586 migration_service Invalid serial format: 
WARNING 2025-10-01 23:32:56,586 migration_service Invalid serial format: 
WARNING 2025-10-01 23:32:56,586 migration_service Invalid serial format: 
WARNING 2025-10-01 23:32:56,586 migration_service Invalid serial format: 
WARNING 2025-10-01 23:32:56,586 migration_service Invalid serial format: 
WARNING 2025-10-01 23:32:56,587 migration_service Invalid serial format: 
WARNING 2025-10-01 23:32:56,587 migration_service Invalid serial format: 
WARNING 2025-10-01 23:32:56,587 migration_service Invalid serial format: 
WARNING 2025-10-01 23:32:56,587 migration_service Invalid serial format: 
WARNING 2025-10-01 23:32:56,587 migration_service Invalid serial format: 
WARNING 2025-10-01 23:32:56,587 migration_service Invalid serial format: 
WARNING 2025-10-01 23:32:56,587 migration_service Invalid serial format: 
WARNING 2025-10-01 23:32:56,587 migration_service Invalid serial format: 
WARNING 2025-10-01 23:32:56,587 migration_service Invalid serial format: 
WARNING 2025-10-01 23:32:56,587 migration_service Invalid serial format: 
WARNING 2025-10-01 23:32:56,587 migration_service Invalid serial format: 
WARNING 2025-10-01 23:32:56,587 migration_service Invalid serial format: 
WARNING 2025-10-01 23:32:56,587 migration_service Invalid serial format: 
WARNING 2025-10-01 23:32:56,588 migration_service Invalid serial format: 
WARNING 2025-10-01 23:32:56,588 migration_service Invalid serial format: 
WARNING 2025-10-01 23:32:56,588 migration_service Invalid serial format: 
WARNING 2025-10-01 23:32:56,588 migration_service Invalid serial format: 
WARNING 2025-10-01 23:32:56,588 migration_service Invalid serial format: 
WARNING 2025-10-01 23:32:56,588 migration_service Invalid serial format: 
WARNING 2025-10-01 23:32:56,588 migration_service Invalid serial format: 
WARNING 2025-10-01 23:32:56,588 migration_service Invalid serial format: 
WARNING 2025-10-01 23:32:56,588 migration_service Invalid serial format: 
WARNING 2025-10-01 23:32:56,588 migration_service Invalid serial format: 
WARNING 2025-10-01 23:32:56,588 migration_service Invalid serial format: 
WARNING 2025-10-01 23:32:56,588 migration_service Invalid serial format: 
WARNING 2025-10-01 23:32:56,588 migration_service Invalid serial format: 
WARNING 2025-10-01 23:32:56,588 migration_service Invalid serial format: 
WARNING 2025-10-01 23:32:56,588 migration_service Invalid serial format: 
WARNING 2025-10-01 23:32:56,588 migration_service Invalid serial format: 
WARNING 2025-10-01 23:32:56,588 migration_service Invalid serial format: 
WARNING 2025-10-01 23:32:56,589 migration_service Invalid serial format: 
WARNING 2025-10-01 23:32:56,589 migration_service Invalid serial format: 
WARNING 2025-10-01 23:32:56,589 migration_service Invalid serial format: 
WARNING 2025-10-01 23:32:56,589 migration_service Invalid serial format: 
WARNING 2025-10-01 23:32:56,589 migration_service Invalid serial format: 
WARNING 2025-10-01 23:32:56,589 migration_service Invalid serial format: 
WARNING 2025-10-01 23:32:56,589 migration_service Invalid serial format: 
WARNING 2025-10-01 23:32:56,589 migration_service Invalid serial format: 
WARNING 2025-10-01 23:32:56,589 migration_service Invalid serial format: 
WARNING 2025-10-01 23:32:56,589 migration_service Invalid serial format: 
WARNING 2025-10-01 23:32:56,589 migration_service Invalid serial format: 
WARNING 2025-10-01 23:32:56,589 migration_service Invalid serial format: 
WARNING 2025-10-01 23:32:56,589 migration_service Invalid serial format: 
WARNING 2025-10-01 23:32:56,589 migration_service Invalid serial format: 
WARNING 2025-10-01 23:32:56,589 migration_service Invalid serial format: 
WARNING 2025-10-01 23:32:56,589 migration_service Invalid serial format: 
WARNING 2025-10-01 23:32:56,590 migration_service Invalid serial format: 
WARNING 2025-10-01 23:32:56,602 migration_service Invalid serial format: 
WARNING 2025-10-01 23:32:56,617 migration_service Invalid serial format: 
WARNING 2025-10-01 23:32:56,634 migration_service Invalid serial format: 
WARNING 2025-10-01 23:32:56,658 migration_service Invalid serial format: 
WARNING 2025-10-01 23:32:56,730 migration_service Invalid serial format: 
WARNING 2025-10-01 23:32:56,764 migration_service Invalid serial format: 
WARNING 2025-10-01 23:32:56,780 migration_service Invalid serial format: 
WARNING 2025-10-01 23:32:56,796 migration_service Invalid serial format: 
WARNING 2025-10-01 23:32:56,818 migration_service Invalid serial format: RA-CH2-IBE-WB-RT09-1000
WARNING 2025-10-01 23:32:56,818 migration_service Invalid serial format: RA-CH2-IBE-WB-RT09-1001
WARNING 2025-10-01 23:32:56,819 migration_service Invalid serial format: RA-CH2-IBE-WB-RT09-1002
WARNING 2025-10-01 23:32:56,819 migration_service Invalid serial format: RA-CH2-IBE-WB-RT09-1003
WARNING 2025-10-01 23:32:56,819 migration_service Invalid serial format: RA-CH2-IBE-WB-RT09-1004
WARNING 2025-10-01 23:32:56,819 migration_service Invalid serial format: RA-CH2-IBE-WB-RT09-1005
WARNING 2025-10-01 23:32:56,819 migration_service Invalid serial format: RA-CH2-IBE-WB-RT09-1006
WARNING 2025-10-01 23:32:56,819 migration_service Invalid serial format: RA-CH2-IBE-WB-RT09-1007
WARNING 2025-10-01 23:32:56,820 migration_service Invalid serial format: RA-CH2-IBE-WB-RT09-1008
WARNING 2025-10-01 23:32:56,820 migration_service Invalid serial format: RA-CH2-IBE-WB-RT09-1009
WARNING 2025-10-01 23:32:56,820 migration_service Invalid serial format: RA-CH2-IBE-WB-RT09-1010
WARNING 2025-10-01 23:32:56,820 migration_service Invalid serial format: RA-CH2-IBE-WB-RT09-1011
WARNING 2025-10-01 23:32:56,821 migration_service Invalid serial format: RA-CH2-IBE-WB-RT09-1012
WARNING 2025-10-01 23:32:56,821 migration_service Invalid serial format: RA-CH2-IBE-WB-RT09-1013
WARNING 2025-10-01 23:32:56,821 migration_service Invalid serial format: RA-CH2-IBE-WB-RT09-1014
WARNING 2025-10-01 23:32:56,821 migration_service Invalid serial format: RA-CH2-IBE-WB-RT09-1015
WARNING 2025-10-01 23:32:56,821 migration_service Invalid serial format: RA-CH2-IBE-WB-RT09-1016
WARNING 2025-10-01 23:32:56,821 migration_service Invalid serial format: RA-CH2-IBE-WB-RT09-1017
WARNING 2025-10-01 23:32:56,822 migration_service Invalid serial format: RA-CH2-IBE-WB-RT09-1018
WARNING 2025-10-01 23:32:56,822 migration_service Invalid serial format: RA-CH2-IBE-WB-RT09-1019
WARNING 2025-10-01 23:32:56,822 migration_service Invalid serial format: RA-CH2-IBE-WB-RT09-1020
WARNING 2025-10-01 23:32:56,822 migration_service Invalid serial format: RA-CH2-IBE-WB-RT09-1021
WARNING 2025-10-01 23:32:56,822 migration_service Invalid serial format: RA-CH2-IBE-WB-RT09-1022
WARNING 2025-10-01 23:32:56,822 migration_service Invalid serial format: RA-CH2-IBE-WB-RT09-1023
WARNING 2025-10-01 23:32:56,822 migration_service Invalid serial format: RA-CH2-IBE-WB-RT09-1024
WARNING 2025-10-01 23:32:56,822 migration_service Invalid serial format: RA-CH2-IBE-WB-RT09-1025
WARNING 2025-10-01 23:32:56,822 migration_service Invalid serial format: RA-CH2-IBE-WB-RT09-1026
WARNING 2025-10-01 23:32:56,822 migration_service Invalid serial format: RA-CH2-IBE-WB-RT09-1027
WARNING 2025-10-01 23:32:56,822 migration_service Invalid serial format: RA-CH2-IBE-WB-RT09-1028
WARNING 2025-10-01 23:32:56,823 migration_service Invalid serial format: RA-CH2-IBE-WB-RT09-1029
WARNING 2025-10-01 23:32:56,823 migration_service Invalid serial format: RA-CH2-IBE-WB-RT09-1030
WARNING 2025-10-01 23:32:56,823 migration_service Invalid serial format: RA-CH2-IBE-WB-RT09-1031
WARNING 2025-10-01 23:32:56,823 migration_service Invalid serial format: RA-CH2-IBE-WB-RT09-1032
WARNING 2025-10-01 23:32:56,823 migration_service Invalid serial format: RA-CH2-IBE-WB-RT09-1033
WARNING 2025-10-01 23:32:56,823 migration_service Invalid serial format: RA-CH2-IBE-WB-RT09-1034
WARNING 2025-10-01 23:32:56,823 migration_service Invalid serial format: RA-CH2-IBE-WB-RT09-1035
WARNING 2025-10-01 23:32:56,823 migration_service Invalid serial format: RA-CH2-IBE-WB-RT09-1036
WARNING 2025-10-01 23:32:56,823 migration_service Invalid serial format: RA-CH2-IBE-WB-RT09-1037
WARNING 2025-10-01 23:32:56,823 migration_service Invalid serial format: RA-CH2-IBE-WB-RT09-1038
WARNING 2025-10-01 23:32:56,823 migration_service Invalid serial format: RA-CH2-IBE-WB-RT09-1039
WARNING 2025-10-01 23:32:56,823 migration_service Invalid serial format: RA-CH2-IBE-WB-RT09-1040
WARNING 2025-10-01 23:32:56,823 migration_service Invalid serial format: RA-CH2-IBE-WB-RT09-1041
WARNING 2025-10-01 23:32:56,824 migration_service Invalid serial format: RA-CH2-IBE-WB-RT09-1042
WARNING 2025-10-01 23:32:56,824 migration_service Invalid serial format: RA-CH2-IBE-WB-RT09-1043
WARNING 2025-10-01 23:32:56,824 migration_service Invalid serial format: RA-CH2-IBE-WB-RT09-1044
WARNING 2025-10-01 23:32:56,824 migration_service Invalid serial format: RA-CH2-IBE-WB-RT09-1045
WARNING 2025-10-01 23:32:56,824 migration_service Invalid serial format: RA-CH2-IBE-WB-RT09-1046
WARNING 2025-10-01 23:32:56,824 migration_service Invalid serial format: RA-CH2-IBE-WB-RT09-1047
WARNING 2025-10-01 23:32:56,824 migration_service Invalid serial format: RA-CH2-IBE-WB-RT09-1048
WARNING 2025-10-01 23:32:56,824 migration_service Invalid serial format: RA-CH2-IBE-WB-RT09-1049
WARNING 2025-10-01 23:32:56,824 migration_service Invalid serial format: RA-CH2-IBE-WB-RT09-1050
WARNING 2025-10-01 23:32:56,824 migration_service Invalid serial format: RA-CH2-IBE-WB-RT09-1051
WARNING 2025-10-01 23:32:56,824 migration_service Invalid serial format: RA-CH2-IBE-WB-RT09-1052
WARNING 2025-10-01 23:32:56,824 migration_service Invalid serial format: RA-CH2-IBE-WB-RT09-1053
WARNING 2025-10-01 23:32:56,824 migration_service Invalid serial format: RA-CH2-IBE-WB-RT09-1054
WARNING 2025-10-01 23:32:56,825 migration_service Invalid serial format: RA-CH2-IBE-WB-RT09-1055
WARNING 2025-10-01 23:32:56,825 migration_service Invalid serial format: RA-CH2-IBE-WB-RT09-1056
WARNING 2025-10-01 23:32:56,825 migration_service Invalid serial format: RA-CH2-IBE-WB-RT09-1057
WARNING 2025-10-01 23:32:56,825 migration_service Invalid serial format: RA-CH2-IBE-WB-RT09-1058
WARNING 2025-10-01 23:32:56,825 migration_service Invalid serial format: RA-CH2-IBE-WB-RT09-1059
WARNING 2025-10-01 23:32:56,836 migration_service Invalid serial format: 
WARNING 2025-10-01 23:32:56,836 migration_service Invalid serial format: 
WARNING 2025-10-01 23:32:56,836 migration_service Invalid serial format: 
WARNING 2025-10-01 23:32:56,837 migration_service Invalid serial format: 
WARNING 2025-10-01 23:32:56,862 migration_service Invalid serial format: 
WARNING 2025-10-01 23:32:56,879 migration_service Invalid serial format: 
WARNING 2025-10-01 23:32:56,937 migration_service Invalid serial format: 
WARNING 2025-10-01 23:32:56,938 migration_service Invalid serial format: 
WARNING 2025-10-01 23:32:56,938 migration_service Invalid serial format: 
WARNING 2025-10-01 23:32:56,938 migration_service Invalid serial format: 
WARNING 2025-10-01 23:32:56,938 migration_service Invalid serial format: 
WARNING 2025-10-01 23:32:56,938 migration_service Invalid serial format: 
WARNING 2025-10-01 23:32:56,938 migration_service Invalid serial format: 
WARNING 2025-10-01 23:32:56,938 migration_service Invalid serial format: 
WARNING 2025-10-01 23:32:56,938 migration_service Invalid serial format: 
WARNING 2025-10-01 23:32:56,939 migration_service Invalid serial format: 
WARNING 2025-10-01 23:32:56,939 migration_service Invalid serial format: 
WARNING 2025-10-01 23:32:56,939 migration_service Invalid serial format: 
WARNING 2025-10-01 23:32:56,939 migration_service Invalid serial format: 
WARNING 2025-10-01 23:32:56,939 migration_service Invalid serial format: 
WARNING 2025-10-01 23:32:56,939 migration_service Invalid serial format: 
WARNING 2025-10-01 23:32:56,939 migration_service Invalid serial format: 
WARNING 2025-10-01 23:32:56,939 migration_service Invalid serial format: 
WARNING 2025-10-01 23:32:56,940 migration_service Invalid serial format: 
WARNING 2025-10-01 23:32:56,940 migration_service Invalid serial format: 
WARNING 2025-10-01 23:32:56,940 migration_service Invalid serial format: 
WARNING 2025-10-01 23:32:56,940 migration_service Invalid serial format: 
WARNING 2025-10-01 23:32:56,940 migration_service Invalid serial format: 
WARNING 2025-10-01 23:32:56,940 migration_service Invalid serial format: 
WARNING 2025-10-01 23:32:56,941 migration_service Invalid serial format: 
WARNING 2025-10-01 23:32:56,941 migration_service Invalid serial format: 
WARNING 2025-10-01 23:32:56,941 migration_service Invalid serial format: 
WARNING 2025-10-01 23:32:56,941 migration_service Invalid serial format: 
WARNING 2025-10-01 23:32:56,941 migration_service Invalid serial format: 
WARNING 2025-10-01 23:32:56,941 migration_service Invalid serial format: 
WARNING 2025-10-01 23:32:56,941 migration_service Invalid serial format: 
WARNING 2025-10-01 23:32:56,941 migration_service Invalid serial format: 
WARNING 2025-10-01 23:32:56,942 migration_service Invalid serial format: 
WARNING 2025-10-01 23:32:56,942 migration_service Invalid serial format: 
WARNING 2025-10-01 23:32:56,942 migration_service Invalid serial format: 
WARNING 2025-10-01 23:32:56,942 migration_service Invalid serial format: 
WARNING 2025-10-01 23:32:56,942 migration_service Invalid serial format: 
WARNING 2025-10-01 23:32:56,942 migration_service Invalid serial format: 
WARNING 2025-10-01 23:32:56,942 migration_service Invalid serial format: 
WARNING 2025-10-01 23:32:56,942 migration_service Invalid serial format: 
WARNING 2025-10-01 23:32:56,942 migration_service Invalid serial format: 
WARNING 2025-10-01 23:32:56,942 migration_service Invalid serial format: 
WARNING 2025-10-01 23:32:56,942 migration_service Invalid serial format: 
WARNING 2025-10-01 23:32:56,942 migration_service Invalid serial format: 
WARNING 2025-10-01 23:32:56,943 migration_service Invalid serial format: 
WARNING 2025-10-01 23:32:56,943 migration_service Invalid serial format: 
WARNING 2025-10-01 23:32:56,943 migration_service Invalid serial format: 
WARNING 2025-10-01 23:32:56,943 migration_service Invalid serial format: 
WARNING 2025-10-01 23:32:56,943 migration_service Invalid serial format: 
WARNING 2025-10-01 23:32:56,943 migration_service Invalid serial format: 
WARNING 2025-10-01 23:32:56,943 migration_service Invalid serial format: 
WARNING 2025-10-01 23:32:56,943 migration_service Invalid serial format: 
WARNING 2025-10-01 23:32:56,943 migration_service Invalid serial format: 
WARNING 2025-10-01 23:32:56,943 migration_service Invalid serial format: 
WARNING 2025-10-01 23:32:56,943 migration_service Invalid serial format: 
WARNING 2025-10-01 23:32:56,944 migration_service Invalid serial format: 
WARNING 2025-10-01 23:32:56,944 migration_service Invalid serial format: 
WARNING 2025-10-01 23:32:56,944 migration_service Invalid serial format: 
WARNING 2025-10-01 23:32:56,944 migration_service Invalid serial format: 
WARNING 2025-10-01 23:32:56,944 migration_service Invalid serial format: 
WARNING 2025-10-01 23:32:56,944 migration_service Invalid serial format: 
WARNING 2025-10-01 23:32:56,944 migration_service Invalid serial format: 
WARNING 2025-10-01 23:32:56,944 migration_service Invalid serial format: 
WARNING 2025-10-01 23:32:56,944 migration_service Invalid serial format: 
WARNING 2025-10-01 23:32:56,944 migration_service Invalid serial format: 
WARNING 2025-10-01 23:32:56,944 migration_service Invalid serial format: 
WARNING 2025-10-01 23:32:56,944 migration_service Invalid serial format: 
WARNING 2025-10-01 23:32:56,945 migration_service Invalid serial format: 
WARNING 2025-10-01 23:32:56,945 migration_service Invalid serial format: 
WARNING 2025-10-01 23:32:56,945 migration_service Invalid serial format: 
WARNING 2025-10-01 23:32:56,945 migration_service Invalid serial format: 
WARNING 2025-10-01 23:32:56,945 migration_service Invalid serial format: 
WARNING 2025-10-01 23:32:56,945 migration_service Invalid serial format: 
WARNING 2025-10-01 23:32:56,945 migration_service Invalid serial format: 
WARNING 2025-10-01 23:32:56,945 migration_service Invalid serial format: 
WARNING 2025-10-01 23:32:56,945 migration_service Invalid serial format: 
WARNING 2025-10-01 23:32:56,945 migration_service Invalid serial format: 
WARNING 2025-10-01 23:32:56,945 migration_service Invalid serial format: 
WARNING 2025-10-01 23:32:56,945 migration_service Invalid serial format: 
WARNING 2025-10-01 23:32:56,946 migration_service Invalid serial format: 
WARNING 2025-10-01 23:32:56,946 migration_service Invalid serial format: 
WARNING 2025-10-01 23:32:56,946 migration_service Invalid serial format: 
WARNING 2025-10-01 23:32:56,946 migration_service Invalid serial format: 
WARNING 2025-10-01 23:32:56,946 migration_service Invalid serial format: 
WARNING 2025-10-01 23:32:56,946 migration_service Invalid serial format: 
WARNING 2025-10-01 23:32:56,946 migration_service Invalid serial format: 
WARNING 2025-10-01 23:32:56,946 migration_service Invalid serial format: 
WARNING 2025-10-01 23:32:56,946 migration_service Invalid serial format: 
WARNING 2025-10-01 23:32:56,946 migration_service Invalid serial format: 
WARNING 2025-10-01 23:32:56,947 migration_service Invalid serial format: 
WARNING 2025-10-01 23:32:56,947 migration_service Invalid serial format: 
WARNING 2025-10-01 23:32:56,947 migration_service Invalid serial format: 
WARNING 2025-10-01 23:32:56,947 migration_service Invalid serial format: 
WARNING 2025-10-01 23:32:56,947 migration_service Invalid serial format: 
WARNING 2025-10-01 23:32:56,947 migration_service Invalid serial format: 
WARNING 2025-10-01 23:32:56,947 migration_service Invalid serial format: 
WARNING 2025-10-01 23:32:56,947 migration_service Invalid serial format: 
WARNING 2025-10-01 23:32:56,947 migration_service Invalid serial format: 
WARNING 2025-10-01 23:32:56,947 migration_service Invalid serial format: 
WARNING 2025-10-01 23:32:56,947 migration_service Invalid serial format: 
WARNING 2025-10-01 23:32:56,947 migration_service Invalid serial format: 
WARNING 2025-10-01 23:32:56,948 migration_service Invalid serial format: 
WARNING 2025-10-01 23:32:56,948 migration_service Invalid serial format: 
WARNING 2025-10-01 23:32:56,948 migration_service Invalid serial format: 
WARNING 2025-10-01 23:32:56,948 migration_service Invalid serial format: 
WARNING 2025-10-01 23:32:56,948 migration_service Invalid serial format: 
WARNING 2025-10-01 23:32:56,948 migration_service Invalid serial format: 
WARNING 2025-10-01 23:32:56,948 migration_service Invalid serial format: 
WARNING 2025-10-01 23:32:56,949 migration_service Invalid serial format: 
WARNING 2025-10-01 23:32:56,949 migration_service Invalid serial format: 
WARNING 2025-10-01 23:32:56,949 migration_service Invalid serial format: 
WARNING 2025-10-01 23:32:56,949 migration_service Invalid serial format: 
WARNING 2025-10-01 23:32:56,949 migration_service Invalid serial format: 
WARNING 2025-10-01 23:32:56,949 migration_service Invalid serial format: 
WARNING 2025-10-01 23:32:56,950 migration_service Invalid serial format: 
WARNING 2025-10-01 23:32:56,950 migration_service Invalid serial format: 
WARNING 2025-10-01 23:32:56,950 migration_service Invalid serial format: 
WARNING 2025-10-01 23:32:56,950 migration_service Invalid serial format: 
WARNING 2025-10-01 23:32:56,950 migration_service Invalid serial format: 
WARNING 2025-10-01 23:32:56,950 migration_service Invalid serial format: 
WARNING 2025-10-01 23:32:56,950 migration_service Invalid serial format: 
WARNING 2025-10-01 23:32:56,950 migration_service Invalid serial format: 
WARNING 2025-10-01 23:32:56,950 migration_service Invalid serial format: 
WARNING 2025-10-01 23:32:56,950 migration_service Invalid serial format: 
WARNING 2025-10-01 23:32:56,950 migration_service Invalid serial format: 
WARNING 2025-10-01 23:32:56,951 migration_service Invalid serial format: 
WARNING 2025-10-01 23:32:56,951 migration_service Invalid serial format: 
WARNING 2025-10-01 23:32:56,951 migration_service Invalid serial format: 
WARNING 2025-10-01 23:32:56,951 migration_service Invalid serial format: 
WARNING 2025-10-01 23:32:56,951 migration_service Invalid serial format: 
WARNING 2025-10-01 23:32:56,951 migration_service Invalid serial format: 
WARNING 2025-10-01 23:32:56,951 migration_service Invalid serial format: 
WARNING 2025-10-01 23:32:56,951 migration_service Invalid serial format: 
WARNING 2025-10-01 23:32:56,951 migration_service Invalid serial format: 
WARNING 2025-10-01 23:32:56,951 migration_service Invalid serial format: 
WARNING 2025-10-01 23:32:56,951 migration_service Invalid serial format: 
WARNING 2025-10-01 23:32:56,952 migration_service Invalid serial format: 
WARNING 2025-10-01 23:32:56,952 migration_service Invalid serial format: 
WARNING 2025-10-01 23:32:56,952 migration_service Invalid serial format: 
WARNING 2025-10-01 23:32:56,952 migration_service Invalid serial format: 
WARNING 2025-10-01 23:32:56,952 migration_service Invalid serial format: 
WARNING 2025-10-01 23:32:56,952 migration_service Invalid serial format: 
WARNING 2025-10-01 23:32:56,952 migration_service Invalid serial format: 
WARNING 2025-10-01 23:32:56,952 migration_service Invalid serial format: 
WARNING 2025-10-01 23:32:56,952 migration_service Invalid serial format: 
WARNING 2025-10-01 23:32:56,952 migration_service Invalid serial format: 
WARNING 2025-10-01 23:32:56,952 migration_service Invalid serial format: 
WARNING 2025-10-01 23:32:56,953 migration_service Invalid serial format: 
WARNING 2025-10-01 23:32:56,953 migration_service Invalid serial format: 
WARNING 2025-10-01 23:32:56,953 migration_service Invalid serial format: 
WARNING 2025-10-01 23:32:56,953 migration_service Invalid serial format: 
WARNING 2025-10-01 23:32:56,953 migration_service Invalid serial format: 
WARNING 2025-10-01 23:32:56,953 migration_service Invalid serial format: 
WARNING 2025-10-01 23:32:56,953 migration_service Invalid serial format: 
WARNING 2025-10-01 23:32:56,953 migration_service Invalid serial format: 
WARNING 2025-10-01 23:32:56,953 migration_service Invalid serial format: 
WARNING 2025-10-01 23:32:56,953 migration_service Invalid serial format: 
WARNING 2025-10-01 23:32:56,953 migration_service Invalid serial format: 
WARNING 2025-10-01 23:32:56,953 migration_service Invalid serial format: 
WARNING 2025-10-01 23:32:56,954 migration_service Invalid serial format: 
WARNING 2025-10-01 23:32:56,954 migration_service Invalid serial format: 
WARNING 2025-10-01 23:32:56,954 migration_service Invalid serial format: 
WARNING 2025-10-01 23:32:56,954 migration_service Invalid serial format: 
WARNING 2025-10-01 23:32:56,954 migration_service Invalid serial format: 
WARNING 2025-10-01 23:32:56,954 migration_service Invalid serial format: 
WARNING 2025-10-01 23:32:56,954 migration_service Invalid serial format: 
WARNING 2025-10-01 23:32:56,954 migration_service Invalid serial format: 
WARNING 2025-10-01 23:32:56,954 migration_service Invalid serial format: 
WARNING 2025-10-01 23:32:56,954 migration_service Invalid serial format: 
WARNING 2025-10-01 23:32:56,954 migration_service Invalid serial format: 
WARNING 2025-10-01 23:32:56,954 migration_service Invalid serial format: 
WARNING 2025-10-01 23:32:56,955 migration_service Invalid serial format: 
WARNING 2025-10-01 23:32:56,955 migration_service Invalid serial format: 
WARNING 2025-10-01 23:32:56,955 migration_service Invalid serial format: 
WARNING 2025-10-01 23:32:56,955 migration_service Invalid serial format: 
WARNING 2025-10-01 23:32:56,955 migration_service Invalid serial format: 
WARNING 2025-10-01 23:32:56,955 migration_service Invalid serial format: 
WARNING 2025-10-01 23:32:56,955 migration_service Invalid serial format: 
WARNING 2025-10-01 23:32:56,955 migration_service Invalid serial format: 
WARNING 2025-10-01 23:32:56,955 migration_service Invalid serial format: 
WARNING 2025-10-01 23:32:56,955 migration_service Invalid serial format: 
WARNING 2025-10-01 23:32:56,956 migration_service Invalid serial format: 
WARNING 2025-10-01 23:32:56,956 migration_service Invalid serial format: 
WARNING 2025-10-01 23:32:56,956 migration_service Invalid serial format: 
WARNING 2025-10-01 23:32:56,956 migration_service Invalid serial format: 
WARNING 2025-10-01 23:32:56,956 migration_service Invalid serial format: 
WARNING 2025-10-01 23:32:56,956 migration_service Invalid serial format: 
WARNING 2025-10-01 23:32:56,956 migration_service Invalid serial format: 
WARNING 2025-10-01 23:32:56,956 migration_service Invalid serial format: 
WARNING 2025-10-01 23:32:56,956 migration_service Invalid serial format: 
WARNING 2025-10-01 23:32:56,956 migration_service Invalid serial format: 
WARNING 2025-10-01 23:32:56,956 migration_service Invalid serial format: 
WARNING 2025-10-01 23:32:56,956 migration_service Invalid serial format: 
WARNING 2025-10-01 23:32:56,957 migration_service Invalid serial format: 
WARNING 2025-10-01 23:32:56,957 migration_service Invalid serial format: 
WARNING 2025-10-01 23:32:56,957 migration_service Invalid serial format: 
WARNING 2025-10-01 23:32:56,957 migration_service Invalid serial format: 
WARNING 2025-10-01 23:32:56,957 migration_service Invalid serial format: 
WARNING 2025-10-01 23:32:56,957 migration_service Invalid serial format: 
WARNING 2025-10-01 23:32:56,957 migration_service Invalid serial format: 
WARNING 2025-10-01 23:32:56,957 migration_service Invalid serial format: 
WARNING 2025-10-01 23:32:56,957 migration_service Invalid serial format: 
WARNING 2025-10-01 23:32:56,957 migration_service Invalid serial format: 
WARNING 2025-10-01 23:32:56,958 migration_service Invalid serial format: 
WARNING 2025-10-01 23:32:56,958 migration_service Invalid serial format: 
WARNING 2025-10-01 23:32:56,958 migration_service Invalid serial format: 
WARNING 2025-10-01 23:32:56,958 migration_service Invalid serial format: 
WARNING 2025-10-01 23:32:56,958 migration_service Invalid serial format: 
WARNING 2025-10-01 23:32:56,958 migration_service Invalid serial format: 
WARNING 2025-10-01 23:32:56,958 migration_service Invalid serial format: 
WARNING 2025-10-01 23:32:56,959 migration_service Invalid serial format: 
WARNING 2025-10-01 23:32:56,959 migration_service Invalid serial format: 
WARNING 2025-10-01 23:32:56,959 migration_service Invalid serial format: 
WARNING 2025-10-01 23:32:56,959 migration_service Invalid serial format: 
WARNING 2025-10-01 23:32:56,959 migration_service Invalid serial format: 
WARNING 2025-10-01 23:32:56,959 migration_service Invalid serial format: 
WARNING 2025-10-01 23:32:56,959 migration_service Invalid serial format: 
WARNING 2025-10-01 23:32:56,960 migration_service Invalid serial format: 
WARNING 2025-10-01 23:32:56,960 migration_service Invalid serial format: 
WARNING 2025-10-01 23:32:56,960 migration_service Invalid serial format: 
WARNING 2025-10-01 23:32:56,960 migration_service Invalid serial format: 
WARNING 2025-10-01 23:32:56,960 migration_service Invalid serial format: 
WARNING 2025-10-01 23:32:56,960 migration_service Invalid serial format: 
WARNING 2025-10-01 23:32:56,960 migration_service Invalid serial format: 
WARNING 2025-10-01 23:32:56,960 migration_service Invalid serial format: 
WARNING 2025-10-01 23:32:56,960 migration_service Invalid serial format: 
WARNING 2025-10-01 23:32:56,961 migration_service Invalid serial format: 
WARNING 2025-10-01 23:32:56,961 migration_service Invalid serial format: 
WARNING 2025-10-01 23:32:56,961 migration_service Invalid serial format: 
WARNING 2025-10-01 23:32:56,961 migration_service Invalid serial format: 
WARNING 2025-10-01 23:32:56,961 migration_service Invalid serial format: 
WARNING 2025-10-01 23:32:56,961 migration_service Invalid serial format: 
WARNING 2025-10-01 23:32:56,961 migration_service Invalid serial format: 
WARNING 2025-10-01 23:32:56,961 migration_service Invalid serial format: 
WARNING 2025-10-01 23:32:56,961 migration_service Invalid serial format: 
WARNING 2025-10-01 23:32:56,961 migration_service Invalid serial format: 
WARNING 2025-10-01 23:32:56,961 migration_service Invalid serial format: 
WARNING 2025-10-01 23:32:56,961 migration_service Invalid serial format: 
WARNING 2025-10-01 23:32:56,962 migration_service Invalid serial format: 
WARNING 2025-10-01 23:32:56,962 migration_service Invalid serial format: 
WARNING 2025-10-01 23:32:56,962 migration_service Invalid serial format: 
WARNING 2025-10-01 23:32:56,962 migration_service Invalid serial format: 
WARNING 2025-10-01 23:32:56,962 migration_service Invalid serial format: 
WARNING 2025-10-01 23:32:56,962 migration_service Invalid serial format: 
WARNING 2025-10-01 23:32:56,962 migration_service Invalid serial format: 
WARNING 2025-10-01 23:32:56,962 migration_service Invalid serial format: 
WARNING 2025-10-01 23:32:56,962 migration_service Invalid serial format: 
WARNING 2025-10-01 23:32:56,962 migration_service Invalid serial format: 
WARNING 2025-10-01 23:32:56,962 migration_service Invalid serial format: 
WARNING 2025-10-01 23:32:56,963 migration_service Invalid serial format: 
WARNING 2025-10-01 23:32:56,963 migration_service Invalid serial format: 
WARNING 2025-10-01 23:32:56,963 migration_service Invalid serial format: 
WARNING 2025-10-01 23:32:56,963 migration_service Invalid serial format: 
WARNING 2025-10-01 23:32:56,963 migration_service Invalid serial format: 
WARNING 2025-10-01 23:32:56,963 migration_service Invalid serial format: 
WARNING 2025-10-01 23:32:56,963 migration_service Invalid serial format: 
WARNING 2025-10-01 23:32:56,963 migration_service Invalid serial format: 
WARNING 2025-10-01 23:32:56,963 migration_service Invalid serial format: 
WARNING 2025-10-01 23:32:56,963 migration_service Invalid serial format: 
WARNING 2025-10-01 23:32:56,963 migration_service Invalid serial format: 
WARNING 2025-10-01 23:32:56,964 migration_service Invalid serial format: 
WARNING 2025-10-01 23:32:56,964 migration_service Invalid serial format: 
WARNING 2025-10-01 23:32:56,964 migration_service Invalid serial format: 
WARNING 2025-10-01 23:32:56,964 migration_service Invalid serial format: 
WARNING 2025-10-01 23:32:56,964 migration_service Invalid serial format: 
WARNING 2025-10-01 23:32:56,964 migration_service Invalid serial format: 
WARNING 2025-10-01 23:32:56,964 migration_service Invalid serial format: 
WARNING 2025-10-01 23:32:56,964 migration_service Invalid serial format: 
WARNING 2025-10-01 23:32:56,964 migration_service Invalid serial format: 
WARNING 2025-10-01 23:32:56,964 migration_service Invalid serial format: 
WARNING 2025-10-01 23:32:56,964 migration_service Invalid serial format: 
WARNING 2025-10-01 23:32:56,964 migration_service Invalid serial format: 
WARNING 2025-10-01 23:32:56,965 migration_service Invalid serial format: 
WARNING 2025-10-01 23:32:56,965 migration_service Invalid serial format: 
WARNING 2025-10-01 23:32:56,965 migration_service Invalid serial format: 
WARNING 2025-10-01 23:32:56,965 migration_service Invalid serial format: 
WARNING 2025-10-01 23:32:56,965 migration_service Invalid serial format: 
WARNING 2025-10-01 23:32:56,965 migration_service Invalid serial format: 
WARNING 2025-10-01 23:32:56,965 migration_service Invalid serial format: 
WARNING 2025-10-01 23:32:56,965 migration_service Invalid serial format: 
WARNING 2025-10-01 23:32:56,965 migration_service Invalid serial format: 
WARNING 2025-10-01 23:32:56,965 migration_service Invalid serial format: 
WARNING 2025-10-01 23:32:56,966 migration_service Invalid serial format: 
WARNING 2025-10-01 23:32:56,966 migration_service Invalid serial format: 
WARNING 2025-10-01 23:32:56,966 migration_service Invalid serial format: 
WARNING 2025-10-01 23:32:56,966 migration_service Invalid serial format: 
WARNING 2025-10-01 23:32:56,966 migration_service Invalid serial format: 
WARNING 2025-10-01 23:32:56,966 migration_service Invalid serial format: 
WARNING 2025-10-01 23:32:56,966 migration_service Invalid serial format: 
WARNING 2025-10-01 23:32:56,966 migration_service Invalid serial format: 
WARNING 2025-10-01 23:32:56,967 migration_service Invalid serial format: 
WARNING 2025-10-01 23:32:56,967 migration_service Invalid serial format: 
WARNING 2025-10-01 23:32:56,967 migration_service Invalid serial format: 
WARNING 2025-10-01 23:32:56,967 migration_service Invalid serial format: 
WARNING 2025-10-01 23:32:56,967 migration_service Invalid serial format: 
WARNING 2025-10-01 23:32:56,967 migration_service Invalid serial format: 
WARNING 2025-10-01 23:32:56,967 migration_service Invalid serial format: 
WARNING 2025-10-01 23:32:56,967 migration_service Invalid serial format: 
WARNING 2025-10-01 23:32:56,968 migration_service Invalid serial format: 
WARNING 2025-10-01 23:32:56,968 migration_service Invalid serial format: 
WARNING 2025-10-01 23:32:56,968 migration_service Invalid serial format: 
WARNING 2025-10-01 23:32:56,968 migration_service Invalid serial format: 
WARNING 2025-10-01 23:32:56,968 migration_service Invalid serial format: 
WARNING 2025-10-01 23:32:56,968 migration_service Invalid serial format: 
WARNING 2025-10-01 23:32:56,968 migration_service Invalid serial format: 
WARNING 2025-10-01 23:32:56,968 migration_service Invalid serial format: 
WARNING 2025-10-01 23:32:56,968 migration_service Invalid serial format: 
WARNING 2025-10-01 23:32:56,968 migration_service Invalid serial format: 
WARNING 2025-10-01 23:32:56,968 migration_service Invalid serial format: 
WARNING 2025-10-01 23:32:56,968 migration_service Invalid serial format: 
WARNING 2025-10-01 23:32:56,968 migration_service Invalid serial format: 
WARNING 2025-10-01 23:32:56,969 migration_service Invalid serial format: 
WARNING 2025-10-01 23:32:56,969 migration_service Invalid serial format: 
WARNING 2025-10-01 23:32:56,969 migration_service Invalid serial format: 
WARNING 2025-10-01 23:32:56,969 migration_service Invalid serial format: 
WARNING 2025-10-01 23:32:56,969 migration_service Invalid serial format: 
WARNING 2025-10-01 23:32:56,969 migration_service Invalid serial format: 
WARNING 2025-10-01 23:32:56,969 migration_service Invalid serial format: 
WARNING 2025-10-01 23:32:56,969 migration_service Invalid serial format: 
WARNING 2025-10-01 23:32:56,969 migration_service Invalid serial format: 
WARNING 2025-10-01 23:32:56,969 migration_service Invalid serial format: 
WARNING 2025-10-01 23:32:56,969 migration_service Invalid serial format: 
WARNING 2025-10-01 23:32:56,969 migration_service Invalid serial format: 
WARNING 2025-10-01 23:32:56,969 migration_service Invalid serial format: 
WARNING 2025-10-01 23:32:56,969 migration_service Invalid serial format: 
WARNING 2025-10-01 23:32:56,969 migration_service Invalid serial format: 
WARNING 2025-10-01 23:32:56,969 migration_service Invalid serial format: 
WARNING 2025-10-01 23:32:56,969 migration_service Invalid serial format: 
WARNING 2025-10-01 23:32:56,970 migration_service Invalid serial format: 
WARNING 2025-10-01 23:32:56,970 migration_service Invalid serial format: 
WARNING 2025-10-01 23:32:56,970 migration_service Invalid serial format: 
WARNING 2025-10-01 23:32:56,970 migration_service Invalid serial format: 
WARNING 2025-10-01 23:32:56,970 migration_service Invalid serial format: 
WARNING 2025-10-01 23:32:56,970 migration_service Invalid serial format: 
WARNING 2025-10-01 23:32:56,970 migration_service Invalid serial format: 
WARNING 2025-10-01 23:32:56,970 migration_service Invalid serial format: 
WARNING 2025-10-01 23:32:56,970 migration_service Invalid serial format: 
WARNING 2025-10-01 23:32:56,970 migration_service Invalid serial format: 
WARNING 2025-10-01 23:32:56,970 migration_service Invalid serial format: 
WARNING 2025-10-01 23:32:56,970 migration_service Invalid serial format: 
WARNING 2025-10-01 23:32:56,970 migration_service Invalid serial format: 
WARNING 2025-10-01 23:32:56,970 migration_service Invalid serial format: 
WARNING 2025-10-01 23:32:56,970 migration_service Invalid serial format: 
WARNING 2025-10-01 23:32:56,970 migration_service Invalid serial format: 
WARNING 2025-10-01 23:32:56,970 migration_service Invalid serial format: 
WARNING 2025-10-01 23:32:56,970 migration_service Invalid serial format: 
WARNING 2025-10-01 23:32:56,971 migration_service Invalid serial format: 
WARNING 2025-10-01 23:32:56,971 migration_service Invalid serial format: 
WARNING 2025-10-01 23:32:56,971 migration_service Invalid serial format: 
WARNING 2025-10-01 23:32:56,971 migration_service Invalid serial format: 
WARNING 2025-10-01 23:32:56,971 migration_service Invalid serial format: 
WARNING 2025-10-01 23:32:56,971 migration_service Invalid serial format: 
WARNING 2025-10-01 23:32:56,971 migration_service Invalid serial format: 
WARNING 2025-10-01 23:32:56,971 migration_service Invalid serial format: 
WARNING 2025-10-01 23:32:56,971 migration_service Invalid serial format: 
WARNING 2025-10-01 23:32:56,971 migration_service Invalid serial format: 
WARNING 2025-10-01 23:32:56,971 migration_service Invalid serial format: 
WARNING 2025-10-01 23:32:56,971 migration_service Invalid serial format: 
WARNING 2025-10-01 23:32:56,971 migration_service Invalid serial format: 
WARNING 2025-10-01 23:32:56,971 migration_service Invalid serial format: 
WARNING 2025-10-01 23:32:56,971 migration_service Invalid serial format: 
WARNING 2025-10-01 23:32:56,972 migration_service Invalid serial format: 
WARNING 2025-10-01 23:32:56,972 migration_service Invalid serial format: 
WARNING 2025-10-01 23:32:56,972 migration_service Invalid serial format: 
WARNING 2025-10-01 23:32:56,972 migration_service Invalid serial format: 
WARNING 2025-10-01 23:32:56,972 migration_service Invalid serial format: 
WARNING 2025-10-01 23:32:56,972 migration_service Invalid serial format: 
WARNING 2025-10-01 23:32:56,972 migration_service Invalid serial format: 
WARNING 2025-10-01 23:32:56,972 migration_service Invalid serial format: 
WARNING 2025-10-01 23:32:56,972 migration_service Invalid serial format: 
WARNING 2025-10-01 23:32:56,972 migration_service Invalid serial format: 
WARNING 2025-10-01 23:32:56,972 migration_service Invalid serial format: 
WARNING 2025-10-01 23:32:56,972 migration_service Invalid serial format: 
WARNING 2025-10-01 23:32:56,972 migration_service Invalid serial format: 
WARNING 2025-10-01 23:32:56,972 migration_service Invalid serial format: 
WARNING 2025-10-01 23:32:56,972 migration_service Invalid serial format: 
WARNING 2025-10-01 23:32:56,972 migration_service Invalid serial format: 
WARNING 2025-10-01 23:32:56,973 migration_service Invalid serial format: 
WARNING 2025-10-01 23:32:56,973 migration_service Invalid serial format: 
WARNING 2025-10-01 23:32:56,973 migration_service Invalid serial format: 
WARNING 2025-10-01 23:32:56,973 migration_service Invalid serial format: 
WARNING 2025-10-01 23:32:56,973 migration_service Invalid serial format: 
WARNING 2025-10-01 23:32:56,973 migration_service Invalid serial format: 
WARNING 2025-10-01 23:32:56,973 migration_service Invalid serial format: 
WARNING 2025-10-01 23:32:56,973 migration_service Invalid serial format: 
WARNING 2025-10-01 23:32:56,973 migration_service Invalid serial format: 
WARNING 2025-10-01 23:32:56,973 migration_service Invalid serial format: 
WARNING 2025-10-01 23:32:56,973 migration_service Invalid serial format: 
WARNING 2025-10-01 23:32:56,973 migration_service Invalid serial format: 
WARNING 2025-10-01 23:32:56,973 migration_service Invalid serial format: 
WARNING 2025-10-01 23:32:56,973 migration_service Invalid serial format: 
WARNING 2025-10-01 23:32:56,973 migration_service Invalid serial format: 
WARNING 2025-10-01 23:32:56,974 migration_service Invalid serial format: 
WARNING 2025-10-01 23:32:56,974 migration_service Invalid serial format: 
WARNING 2025-10-01 23:32:56,974 migration_service Invalid serial format: 
WARNING 2025-10-01 23:32:56,974 migration_service Invalid serial format: 
WARNING 2025-10-01 23:32:56,974 migration_service Invalid serial format: 
WARNING 2025-10-01 23:32:56,974 migration_service Invalid serial format: 
WARNING 2025-10-01 23:32:56,974 migration_service Invalid serial format: 
WARNING 2025-10-01 23:32:56,974 migration_service Invalid serial format: 
WARNING 2025-10-01 23:32:56,974 migration_service Invalid serial format: 
WARNING 2025-10-01 23:32:56,974 migration_service Invalid serial format: 
WARNING 2025-10-01 23:32:56,974 migration_service Invalid serial format: 
WARNING 2025-10-01 23:32:56,974 migration_service Invalid serial format: 
WARNING 2025-10-01 23:32:56,974 migration_service Invalid serial format: 
WARNING 2025-10-01 23:32:56,974 migration_service Invalid serial format: 
WARNING 2025-10-01 23:32:56,974 migration_service Invalid serial format: 
WARNING 2025-10-01 23:32:56,974 migration_service Invalid serial format: 
WARNING 2025-10-01 23:32:56,974 migration_service Invalid serial format: 
WARNING 2025-10-01 23:32:56,974 migration_service Invalid serial format: 
WARNING 2025-10-01 23:32:56,974 migration_service Invalid serial format: 
WARNING 2025-10-01 23:32:56,975 migration_service Invalid serial format: 
WARNING 2025-10-01 23:32:56,975 migration_service Invalid serial format: 
WARNING 2025-10-01 23:32:56,975 migration_service Invalid serial format: 
WARNING 2025-10-01 23:32:56,975 migration_service Invalid serial format: 
WARNING 2025-10-01 23:32:56,975 migration_service Invalid serial format: 
WARNING 2025-10-01 23:32:56,975 migration_service Invalid serial format: 
WARNING 2025-10-01 23:32:56,975 migration_service Invalid serial format: 
WARNING 2025-10-01 23:32:56,975 migration_service Invalid serial format: 
WARNING 2025-10-01 23:32:56,975 migration_service Invalid serial format: 
WARNING 2025-10-01 23:32:56,975 migration_service Invalid serial format: 
WARNING 2025-10-01 23:32:56,975 migration_service Invalid serial format: 
WARNING 2025-10-01 23:32:56,975 migration_service Invalid serial format: 
WARNING 2025-10-01 23:32:56,975 migration_service Invalid serial format: 
WARNING 2025-10-01 23:32:56,975 migration_service Invalid serial format: 
WARNING 2025-10-01 23:32:56,975 migration_service Invalid serial format: 
WARNING 2025-10-01 23:32:56,975 migration_service Invalid serial format: 
WARNING 2025-10-01 23:32:56,975 migration_service Invalid serial format: 
WARNING 2025-10-01 23:32:56,976 migration_service Invalid serial format: 
WARNING 2025-10-01 23:32:56,976 migration_service Invalid serial format: 
WARNING 2025-10-01 23:32:56,976 migration_service Invalid serial format: 
WARNING 2025-10-01 23:32:56,976 migration_service Invalid serial format: 
WARNING 2025-10-01 23:32:56,976 migration_service Invalid serial format: 
WARNING 2025-10-01 23:32:56,976 migration_service Invalid serial format: 
WARNING 2025-10-01 23:32:56,976 migration_service Invalid serial format: 
WARNING 2025-10-01 23:32:56,976 migration_service Invalid serial format: 
WARNING 2025-10-01 23:32:56,976 migration_service Invalid serial format: 
WARNING 2025-10-01 23:32:56,976 migration_service Invalid serial format: 
WARNING 2025-10-01 23:32:56,976 migration_service Invalid serial format: 
WARNING 2025-10-01 23:32:56,976 migration_service Invalid serial format: 
WARNING 2025-10-01 23:32:56,976 migration_service Invalid serial format: 
WARNING 2025-10-01 23:32:56,976 migration_service Invalid serial format: 
WARNING 2025-10-01 23:32:56,976 migration_service Invalid serial format: 
WARNING 2025-10-01 23:32:56,976 migration_service Invalid serial format: 
WARNING 2025-10-01 23:32:56,976 migration_service Invalid serial format: 
WARNING 2025-10-01 23:32:56,977 migration_service Invalid serial format: 
WARNING 2025-10-01 23:32:56,977 migration_service Invalid serial format: 
WARNING 2025-10-01 23:32:56,977 migration_service Invalid serial format: 
WARNING 2025-10-01 23:32:56,977 migration_service Invalid serial format: 
WARNING 2025-10-01 23:32:56,977 migration_service Invalid serial format: 
WARNING 2025-10-01 23:32:56,977 migration_service Invalid serial format: 
WARNING 2025-10-01 23:32:56,977 migration_service Invalid serial format: 
WARNING 2025-10-01 23:32:56,977 migration_service Invalid serial format: 
WARNING 2025-10-01 23:32:56,977 migration_service Invalid serial format: 
WARNING 2025-10-01 23:32:56,977 migration_service Invalid serial format: 
WARNING 2025-10-01 23:32:56,977 migration_service Invalid serial format: 
WARNING 2025-10-01 23:32:56,977 migration_service Invalid serial format: 
WARNING 2025-10-01 23:32:56,977 migration_service Invalid serial format: 
WARNING 2025-10-01 23:32:56,977 migration_service Invalid serial format: 
WARNING 2025-10-01 23:32:56,977 migration_service Invalid serial format: 
WARNING 2025-10-01 23:32:56,977 migration_service Invalid serial format: 
WARNING 2025-10-01 23:32:56,977 migration_service Invalid serial format: 
WARNING 2025-10-01 23:32:56,977 migration_service Invalid serial format: 
WARNING 2025-10-01 23:32:56,978 migration_service Invalid serial format: 
WARNING 2025-10-01 23:32:56,978 migration_service Invalid serial format: 
WARNING 2025-10-01 23:32:56,978 migration_service Invalid serial format: 
WARNING 2025-10-01 23:32:56,978 migration_service Invalid serial format: 
WARNING 2025-10-01 23:32:56,978 migration_service Invalid serial format: 
WARNING 2025-10-01 23:32:56,978 migration_service Invalid serial format: 
WARNING 2025-10-01 23:32:56,978 migration_service Invalid serial format: 
WARNING 2025-10-01 23:32:56,978 migration_service Invalid serial format: 
WARNING 2025-10-01 23:32:56,978 migration_service Invalid serial format: 
WARNING 2025-10-01 23:32:56,978 migration_service Invalid serial format: 
WARNING 2025-10-01 23:32:56,978 migration_service Invalid serial format: 
WARNING 2025-10-01 23:32:56,978 migration_service Invalid serial format: 
WARNING 2025-10-01 23:32:56,978 migration_service Invalid serial format: 
WARNING 2025-10-01 23:32:56,978 migration_service Invalid serial format: 
WARNING 2025-10-01 23:32:56,978 migration_service Invalid serial format: 
WARNING 2025-10-01 23:32:56,979 migration_service Invalid serial format: 
WARNING 2025-10-01 23:32:56,979 migration_service Invalid serial format: 
WARNING 2025-10-01 23:32:56,979 migration_service Invalid serial format: 
WARNING 2025-10-01 23:32:56,979 migration_service Invalid serial format: 
WARNING 2025-10-01 23:32:56,979 migration_service Invalid serial format: 
WARNING 2025-10-01 23:32:56,979 migration_service Invalid serial format: 
WARNING 2025-10-01 23:32:56,979 migration_service Invalid serial format: 
WARNING 2025-10-01 23:32:56,979 migration_service Invalid serial format: 
WARNING 2025-10-01 23:32:56,979 migration_service Invalid serial format: 
WARNING 2025-10-01 23:32:56,979 migration_service Invalid serial format: 
WARNING 2025-10-01 23:32:56,980 migration_service Invalid serial format: 
WARNING 2025-10-01 23:32:56,980 migration_service Invalid serial format: 
WARNING 2025-10-01 23:32:56,980 migration_service Invalid serial format: 
WARNING 2025-10-01 23:32:56,980 migration_service Invalid serial format: 
WARNING 2025-10-01 23:32:56,980 migration_service Invalid serial format: 
WARNING 2025-10-01 23:32:56,980 migration_service Invalid serial format: 
WARNING 2025-10-01 23:32:56,980 migration_service Invalid serial format: 
WARNING 2025-10-01 23:32:56,980 migration_service Invalid serial format: 
WARNING 2025-10-01 23:32:56,980 migration_service Invalid serial format: 
WARNING 2025-10-01 23:32:56,980 migration_service Invalid serial format: 
WARNING 2025-10-01 23:32:56,980 migration_service Invalid serial format: 
WARNING 2025-10-01 23:32:56,980 migration_service Invalid serial format: 
WARNING 2025-10-01 23:32:56,981 migration_service Invalid serial format: 
WARNING 2025-10-01 23:32:56,981 migration_service Invalid serial format: 
WARNING 2025-10-01 23:32:56,981 migration_service Invalid serial format: 
WARNING 2025-10-01 23:32:56,981 migration_service Invalid serial format: 
WARNING 2025-10-01 23:32:56,981 migration_service Invalid serial format: 
WARNING 2025-10-01 23:32:56,981 migration_service Invalid serial format: 
WARNING 2025-10-01 23:32:56,981 migration_service Invalid serial format: 
WARNING 2025-10-01 23:32:56,981 migration_service Invalid serial format: 
WARNING 2025-10-01 23:32:56,981 migration_service Invalid serial format: 
WARNING 2025-10-01 23:32:56,981 migration_service Invalid serial format: 
WARNING 2025-10-01 23:32:56,981 migration_service Invalid serial format: 
WARNING 2025-10-01 23:32:56,981 migration_service Invalid serial format: 
WARNING 2025-10-01 23:32:56,982 migration_service Invalid serial format: 
WARNING 2025-10-01 23:32:56,982 migration_service Invalid serial format: 
WARNING 2025-10-01 23:32:56,982 migration_service Invalid serial format: 
WARNING 2025-10-01 23:32:56,982 migration_service Invalid serial format: 
WARNING 2025-10-01 23:32:56,982 migration_service Invalid serial format: 
WARNING 2025-10-01 23:32:56,982 migration_service Invalid serial format: 
WARNING 2025-10-01 23:32:56,982 migration_service Invalid serial format: 
WARNING 2025-10-01 23:32:56,982 migration_service Invalid serial format: 
WARNING 2025-10-01 23:32:56,982 migration_service Invalid serial format: 
WARNING 2025-10-01 23:32:56,982 migration_service Invalid serial format: 
WARNING 2025-10-01 23:32:56,982 migration_service Invalid serial format: 
WARNING 2025-10-01 23:32:56,982 migration_service Invalid serial format: 
WARNING 2025-10-01 23:32:56,982 migration_service Invalid serial format: 
WARNING 2025-10-01 23:32:56,982 migration_service Invalid serial format: 
WARNING 2025-10-01 23:32:56,982 migration_service Invalid serial format: 
WARNING 2025-10-01 23:32:56,982 migration_service Invalid serial format: 
WARNING 2025-10-01 23:32:56,982 migration_service Invalid serial format: 
WARNING 2025-10-01 23:32:56,982 migration_service Invalid serial format: 
WARNING 2025-10-01 23:32:56,983 migration_service Invalid serial format: 
WARNING 2025-10-01 23:32:56,983 migration_service Invalid serial format: 
WARNING 2025-10-01 23:32:56,983 migration_service Invalid serial format: 
WARNING 2025-10-01 23:32:56,983 migration_service Invalid serial format: 
WARNING 2025-10-01 23:32:56,983 migration_service Invalid serial format: 
WARNING 2025-10-01 23:32:56,983 migration_service Invalid serial format: 
WARNING 2025-10-01 23:32:56,983 migration_service Invalid serial format: 
WARNING 2025-10-01 23:32:56,983 migration_service Invalid serial format: 
WARNING 2025-10-01 23:32:56,983 migration_service Invalid serial format: 
WARNING 2025-10-01 23:32:56,983 migration_service Invalid serial format: 
WARNING 2025-10-01 23:32:56,983 migration_service Invalid serial format: 
WARNING 2025-10-01 23:32:56,983 migration_service Invalid serial format: 
WARNING 2025-10-01 23:32:56,983 migration_service Invalid serial format: 
WARNING 2025-10-01 23:32:56,983 migration_service Invalid serial format: 
WARNING 2025-10-01 23:32:56,983 migration_service Invalid serial format: 
WARNING 2025-10-01 23:32:56,983 migration_service Invalid serial format: 
WARNING 2025-10-01 23:32:56,983 migration_service Invalid serial format: 
WARNING 2025-10-01 23:32:56,983 migration_service Invalid serial format: 
WARNING 2025-10-01 23:32:56,983 migration_service Invalid serial format: 
WARNING 2025-10-01 23:32:56,984 migration_service Invalid serial format: 
WARNING 2025-10-01 23:32:56,984 migration_service Invalid serial format: 
WARNING 2025-10-01 23:32:56,984 migration_service Invalid serial format: 
WARNING 2025-10-01 23:32:56,984 migration_service Invalid serial format: 
WARNING 2025-10-01 23:32:56,984 migration_service Invalid serial format: 
WARNING 2025-10-01 23:32:56,984 migration_service Invalid serial format: 
WARNING 2025-10-01 23:32:56,984 migration_service Invalid serial format: 
WARNING 2025-10-01 23:32:56,984 migration_service Invalid serial format: 
WARNING 2025-10-01 23:32:56,984 migration_service Invalid serial format: 
WARNING 2025-10-01 23:32:56,984 migration_service Invalid serial format: 
WARNING 2025-10-01 23:32:56,984 migration_service Invalid serial format: 
WARNING 2025-10-01 23:32:56,984 migration_service Invalid serial format: 
WARNING 2025-10-01 23:32:56,984 migration_service Invalid serial format: 
WARNING 2025-10-01 23:32:56,984 migration_service Invalid serial format: 
WARNING 2025-10-01 23:32:56,984 migration_service Invalid serial format: 
WARNING 2025-10-01 23:32:56,984 migration_service Invalid serial format: 
WARNING 2025-10-01 23:32:56,984 migration_service Invalid serial format: 
WARNING 2025-10-01 23:32:56,984 migration_service Invalid serial format: 
WARNING 2025-10-01 23:32:56,984 migration_service Invalid serial format: 
WARNING 2025-10-01 23:32:56,984 migration_service Invalid serial format: 
WARNING 2025-10-01 23:32:56,984 migration_service Invalid serial format: 
WARNING 2025-10-01 23:32:56,985 migration_service Invalid serial format: 
WARNING 2025-10-01 23:32:56,985 migration_service Invalid serial format: 
WARNING 2025-10-01 23:32:56,985 migration_service Invalid serial format: 
WARNING 2025-10-01 23:32:56,985 migration_service Invalid serial format: 
WARNING 2025-10-01 23:32:56,985 migration_service Invalid serial format: 
WARNING 2025-10-01 23:32:56,985 migration_service Invalid serial format: 
WARNING 2025-10-01 23:32:56,985 migration_service Invalid serial format: 
WARNING 2025-10-01 23:32:56,985 migration_service Invalid serial format: 
WARNING 2025-10-01 23:32:56,985 migration_service Invalid serial format: 
WARNING 2025-10-01 23:32:56,985 migration_service Invalid serial format: 
WARNING 2025-10-01 23:32:56,985 migration_service Invalid serial format: 
WARNING 2025-10-01 23:32:56,985 migration_service Invalid serial format: 
WARNING 2025-10-01 23:32:56,985 migration_service Invalid serial format: 
WARNING 2025-10-01 23:32:56,985 migration_service Invalid serial format: 
WARNING 2025-10-01 23:32:56,985 migration_service Invalid serial format: 
WARNING 2025-10-01 23:32:56,985 migration_service Invalid serial format: 
WARNING 2025-10-01 23:32:56,985 migration_service Invalid serial format: 
WARNING 2025-10-01 23:32:56,985 migration_service Invalid serial format: 
WARNING 2025-10-01 23:32:56,985 migration_service Invalid serial format: 
WARNING 2025-10-01 23:32:56,986 migration_service Invalid serial format: 
WARNING 2025-10-01 23:32:56,986 migration_service Invalid serial format: 
WARNING 2025-10-01 23:32:56,986 migration_service Invalid serial format: 
WARNING 2025-10-01 23:32:56,986 migration_service Invalid serial format: 
WARNING 2025-10-01 23:32:56,986 migration_service Invalid serial format: 
WARNING 2025-10-01 23:32:56,986 migration_service Invalid serial format: 
WARNING 2025-10-01 23:32:56,986 migration_service Invalid serial format: 
WARNING 2025-10-01 23:32:56,986 migration_service Invalid serial format: 
WARNING 2025-10-01 23:32:56,986 migration_service Invalid serial format: 
WARNING 2025-10-01 23:32:56,986 migration_service Invalid serial format: 
WARNING 2025-10-01 23:32:56,986 migration_service Invalid serial format: 
WARNING 2025-10-01 23:32:56,986 migration_service Invalid serial format: 
WARNING 2025-10-01 23:32:56,986 migration_service Invalid serial format: 
WARNING 2025-10-01 23:32:56,986 migration_service Invalid serial format: 
WARNING 2025-10-01 23:32:56,986 migration_service Invalid serial format: 
WARNING 2025-10-01 23:32:56,986 migration_service Invalid serial format: 
WARNING 2025-10-01 23:32:56,986 migration_service Invalid serial format: 
WARNING 2025-10-01 23:32:56,986 migration_service Invalid serial format: 
WARNING 2025-10-01 23:32:56,986 migration_service Invalid serial format: 
WARNING 2025-10-01 23:32:56,986 migration_service Invalid serial format: 
WARNING 2025-10-01 23:32:56,987 migration_service Invalid serial format: 
WARNING 2025-10-01 23:32:56,987 migration_service Invalid serial format: 
WARNING 2025-10-01 23:32:56,987 migration_service Invalid serial format: 
WARNING 2025-10-01 23:32:56,987 migration_service Invalid serial format: 
WARNING 2025-10-01 23:32:56,987 migration_service Invalid serial format: 
WARNING 2025-10-01 23:32:56,987 migration_service Invalid serial format: 
WARNING 2025-10-01 23:32:56,987 migration_service Invalid serial format: 
WARNING 2025-10-01 23:32:56,987 migration_service Invalid serial format: 
WARNING 2025-10-01 23:32:56,987 migration_service Invalid serial format: 
WARNING 2025-10-01 23:32:56,987 migration_service Invalid serial format: 
WARNING 2025-10-01 23:32:56,987 migration_service Invalid serial format: 
WARNING 2025-10-01 23:32:56,987 migration_service Invalid serial format: 
WARNING 2025-10-01 23:32:56,987 migration_service Invalid serial format: 
WARNING 2025-10-01 23:32:56,987 migration_service Invalid serial format: 
WARNING 2025-10-01 23:32:56,987 migration_service Invalid serial format: 
WARNING 2025-10-01 23:32:56,987 migration_service Invalid serial format: 
WARNING 2025-10-01 23:32:56,987 migration_service Invalid serial format: 
WARNING 2025-10-01 23:32:56,987 migration_service Invalid serial format: 
WARNING 2025-10-01 23:32:56,987 migration_service Invalid serial format: 
WARNING 2025-10-01 23:32:56,988 migration_service Invalid serial format: 
WARNING 2025-10-01 23:32:56,988 migration_service Invalid serial format: 
WARNING 2025-10-01 23:32:56,988 migration_service Invalid serial format: 
WARNING 2025-10-01 23:32:56,988 migration_service Invalid serial format: 
WARNING 2025-10-01 23:32:56,988 migration_service Invalid serial format: 
WARNING 2025-10-01 23:32:56,988 migration_service Invalid serial format: 
WARNING 2025-10-01 23:32:56,988 migration_service Invalid serial format: 
WARNING 2025-10-01 23:32:56,988 migration_service Invalid serial format: 
WARNING 2025-10-01 23:32:56,988 migration_service Invalid serial format: 
WARNING 2025-10-01 23:32:56,988 migration_service Invalid serial format: 
WARNING 2025-10-01 23:32:56,988 migration_service Invalid serial format: 
WARNING 2025-10-01 23:32:56,988 migration_service Invalid serial format: 
WARNING 2025-10-01 23:32:56,988 migration_service Invalid serial format: 
WARNING 2025-10-01 23:32:56,988 migration_service Invalid serial format: 
WARNING 2025-10-01 23:32:56,988 migration_service Invalid serial format: 
WARNING 2025-10-01 23:32:56,988 migration_service Invalid serial format: 
WARNING 2025-10-01 23:32:56,988 migration_service Invalid serial format: 
WARNING 2025-10-01 23:32:56,988 migration_service Invalid serial format: 
WARNING 2025-10-01 23:32:56,988 migration_service Invalid serial format: 
WARNING 2025-10-01 23:32:56,989 migration_service Invalid serial format: 
WARNING 2025-10-01 23:32:56,989 migration_service Invalid serial format: 
WARNING 2025-10-01 23:32:56,989 migration_service Invalid serial format: 
WARNING 2025-10-01 23:32:56,989 migration_service Invalid serial format: 
WARNING 2025-10-01 23:32:56,989 migration_service Invalid serial format: 
WARNING 2025-10-01 23:32:56,989 migration_service Invalid serial format: 
WARNING 2025-10-01 23:32:56,989 migration_service Invalid serial format: 
WARNING 2025-10-01 23:32:56,989 migration_service Invalid serial format: 
WARNING 2025-10-01 23:32:56,989 migration_service Invalid serial format: 
WARNING 2025-10-01 23:32:56,989 migration_service Invalid serial format: 
WARNING 2025-10-01 23:32:56,989 migration_service Invalid serial format: 
WARNING 2025-10-01 23:32:56,989 migration_service Invalid serial format: 
WARNING 2025-10-01 23:32:56,989 migration_service Invalid serial format: 
WARNING 2025-10-01 23:32:56,989 migration_service Invalid serial format: 
WARNING 2025-10-01 23:32:56,989 migration_service Invalid serial format: 
WARNING 2025-10-01 23:32:56,989 migration_service Invalid serial format: 
WARNING 2025-10-01 23:32:56,989 migration_service Invalid serial format: 
WARNING 2025-10-01 23:32:56,989 migration_service Invalid serial format: 
WARNING 2025-10-01 23:32:56,990 migration_service Invalid serial format: 
WARNING 2025-10-01 23:32:56,990 migration_service Invalid serial format: 
WARNING 2025-10-01 23:32:56,990 migration_service Invalid serial format: 
WARNING 2025-10-01 23:32:56,990 migration_service Invalid serial format: 
WARNING 2025-10-01 23:32:56,990 migration_service Invalid serial format: 
WARNING 2025-10-01 23:32:56,990 migration_service Invalid serial format: 
WARNING 2025-10-01 23:32:56,990 migration_service Invalid serial format: 
WARNING 2025-10-01 23:32:56,990 migration_service Invalid serial format: 
WARNING 2025-10-01 23:32:56,990 migration_service Invalid serial format: 
WARNING 2025-10-01 23:32:56,990 migration_service Invalid serial format: 
WARNING 2025-10-01 23:32:56,990 migration_service Invalid serial format: 
WARNING 2025-10-01 23:32:56,991 migration_service Invalid serial format: 
WARNING 2025-10-01 23:32:56,991 migration_service Invalid serial format: 
WARNING 2025-10-01 23:32:56,991 migration_service Invalid serial format: 
WARNING 2025-10-01 23:32:56,991 migration_service Invalid serial format: 
WARNING 2025-10-01 23:32:56,991 migration_service Invalid serial format: 
WARNING 2025-10-01 23:32:56,991 migration_service Invalid serial format: 
WARNING 2025-10-01 23:32:56,991 migration_service Invalid serial format: 
WARNING 2025-10-01 23:32:56,991 migration_service Invalid serial format: 
WARNING 2025-10-01 23:32:56,991 migration_service Invalid serial format: 
WARNING 2025-10-01 23:32:56,991 migration_service Invalid serial format: 
WARNING 2025-10-01 23:32:56,991 migration_service Invalid serial format: 
WARNING 2025-10-01 23:32:56,991 migration_service Invalid serial format: 
WARNING 2025-10-01 23:32:56,992 migration_service Invalid serial format: 
WARNING 2025-10-01 23:32:56,992 migration_service Invalid serial format: 
WARNING 2025-10-01 23:32:56,992 migration_service Invalid serial format: 
WARNING 2025-10-01 23:32:56,992 migration_service Invalid serial format: 
WARNING 2025-10-01 23:32:56,992 migration_service Invalid serial format: 
WARNING 2025-10-01 23:32:56,992 migration_service Invalid serial format: 
WARNING 2025-10-01 23:32:56,992 migration_service Invalid serial format: 
WARNING 2025-10-01 23:32:56,992 migration_service Invalid serial format: 
WARNING 2025-10-01 23:32:56,992 migration_service Invalid serial format: 
WARNING 2025-10-01 23:32:56,992 migration_service Invalid serial format: 
WARNING 2025-10-01 23:32:56,992 migration_service Invalid serial format: 
WARNING 2025-10-01 23:32:56,992 migration_service Invalid serial format: 
WARNING 2025-10-01 23:32:56,992 migration_service Invalid serial format: 
WARNING 2025-10-01 23:32:56,992 migration_service Invalid serial format: 
WARNING 2025-10-01 23:32:56,992 migration_service Invalid serial format: 
WARNING 2025-10-01 23:32:56,992 migration_service Invalid serial format: 
WARNING 2025-10-01 23:32:56,992 migration_service Invalid serial format: 
WARNING 2025-10-01 23:32:56,993 migration_service Invalid serial format: 
WARNING 2025-10-01 23:32:56,993 migration_service Invalid serial format: 
WARNING 2025-10-01 23:32:56,993 migration_service Invalid serial format: 
WARNING 2025-10-01 23:32:56,993 migration_service Invalid serial format: 
WARNING 2025-10-01 23:32:56,993 migration_service Invalid serial format: 
WARNING 2025-10-01 23:32:56,993 migration_service Invalid serial format: 
WARNING 2025-10-01 23:32:56,993 migration_service Invalid serial format: 
WARNING 2025-10-01 23:32:56,993 migration_service Invalid serial format: 
WARNING 2025-10-01 23:32:56,993 migration_service Invalid serial format: 
WARNING 2025-10-01 23:32:56,993 migration_service Invalid serial format: 
WARNING 2025-10-01 23:32:56,993 migration_service Invalid serial format: 
WARNING 2025-10-01 23:32:56,993 migration_service Invalid serial format: 
WARNING 2025-10-01 23:32:56,993 migration_service Invalid serial format: 
WARNING 2025-10-01 23:32:56,993 migration_service Invalid serial format: 
WARNING 2025-10-01 23:32:56,993 migration_service Invalid serial format: 
WARNING 2025-10-01 23:32:56,993 migration_service Invalid serial format: 
WARNING 2025-10-01 23:32:56,993 migration_service Invalid serial format: 
WARNING 2025-10-01 23:32:56,993 migration_service Invalid serial format: 
WARNING 2025-10-01 23:32:56,993 migration_service Invalid serial format: 
WARNING 2025-10-01 23:32:56,993 migration_service Invalid serial format: 
WARNING 2025-10-01 23:32:56,994 migration_service Invalid serial format: 
WARNING 2025-10-01 23:32:56,994 migration_service Invalid serial format: 
WARNING 2025-10-01 23:32:56,994 migration_service Invalid serial format: 
WARNING 2025-10-01 23:32:56,994 migration_service Invalid serial format: 
WARNING 2025-10-01 23:32:56,994 migration_service Invalid serial format: 
WARNING 2025-10-01 23:32:56,994 migration_service Invalid serial format: 
WARNING 2025-10-01 23:32:56,994 migration_service Invalid serial format: 
WARNING 2025-10-01 23:32:56,994 migration_service Invalid serial format: 
WARNING 2025-10-01 23:32:56,994 migration_service Invalid serial format: 
WARNING 2025-10-01 23:32:56,994 migration_service Invalid serial format: 
WARNING 2025-10-01 23:32:56,994 migration_service Invalid serial format: 
WARNING 2025-10-01 23:32:56,994 migration_service Invalid serial format: 
WARNING 2025-10-01 23:32:56,994 migration_service Invalid serial format: 
WARNING 2025-10-01 23:32:56,994 migration_service Invalid serial format: 
WARNING 2025-10-01 23:32:56,994 migration_service Invalid serial format: 
WARNING 2025-10-01 23:32:56,994 migration_service Invalid serial format: 
WARNING 2025-10-01 23:32:56,994 migration_service Invalid serial format: 
WARNING 2025-10-01 23:32:56,994 migration_service Invalid serial format: 
WARNING 2025-10-01 23:32:56,994 migration_service Invalid serial format: 
WARNING 2025-10-01 23:32:56,994 migration_service Invalid serial format: 
WARNING 2025-10-01 23:32:56,995 migration_service Invalid serial format: 
WARNING 2025-10-01 23:32:56,995 migration_service Invalid serial format: 
WARNING 2025-10-01 23:32:56,995 migration_service Invalid serial format: 
WARNING 2025-10-01 23:32:56,995 migration_service Invalid serial format: 
WARNING 2025-10-01 23:32:56,995 migration_service Invalid serial format: 
WARNING 2025-10-01 23:32:56,995 migration_service Invalid serial format: 
WARNING 2025-10-01 23:32:56,995 migration_service Invalid serial format: 
WARNING 2025-10-01 23:32:56,995 migration_service Invalid serial format: 
WARNING 2025-10-01 23:32:56,995 migration_service Invalid serial format: 
WARNING 2025-10-01 23:32:56,995 migration_service Invalid serial format: 
WARNING 2025-10-01 23:32:56,995 migration_service Invalid serial format: 
WARNING 2025-10-01 23:32:56,995 migration_service Invalid serial format: 
WARNING 2025-10-01 23:32:56,995 migration_service Invalid serial format: 
WARNING 2025-10-01 23:32:56,995 migration_service Invalid serial format: 
WARNING 2025-10-01 23:32:56,995 migration_service Invalid serial format: 
WARNING 2025-10-01 23:32:56,995 migration_service Invalid serial format: 
WARNING 2025-10-01 23:32:56,995 migration_service Invalid serial format: 
WARNING 2025-10-01 23:32:56,995 migration_service Invalid serial format: 
WARNING 2025-10-01 23:32:56,995 migration_service Invalid serial format: 
WARNING 2025-10-01 23:32:56,996 migration_service Invalid serial format: 
WARNING 2025-10-01 23:32:56,996 migration_service Invalid serial format: 
WARNING 2025-10-01 23:32:56,996 migration_service Invalid serial format: 
WARNING 2025-10-01 23:32:56,996 migration_service Invalid serial format: 
WARNING 2025-10-01 23:32:56,996 migration_service Invalid serial format: 
WARNING 2025-10-01 23:32:56,996 migration_service Invalid serial format: 
WARNING 2025-10-01 23:32:56,996 migration_service Invalid serial format: 
WARNING 2025-10-01 23:32:56,996 migration_service Invalid serial format: 
WARNING 2025-10-01 23:32:56,996 migration_service Invalid serial format: 
WARNING 2025-10-01 23:32:56,996 migration_service Invalid serial format: 
WARNING 2025-10-01 23:32:56,996 migration_service Invalid serial format: 
WARNING 2025-10-01 23:32:56,996 migration_service Invalid serial format: 
WARNING 2025-10-01 23:32:56,996 migration_service Invalid serial format: 
WARNING 2025-10-01 23:32:56,996 migration_service Invalid serial format: 
WARNING 2025-10-01 23:32:56,996 migration_service Invalid serial format: 
WARNING 2025-10-01 23:32:56,996 migration_service Invalid serial format: 
WARNING 2025-10-01 23:32:56,996 migration_service Invalid serial format: 
WARNING 2025-10-01 23:32:56,996 migration_service Invalid serial format: 
WARNING 2025-10-01 23:32:56,996 migration_service Invalid serial format: 
WARNING 2025-10-01 23:32:56,996 migration_service Invalid serial format: 
WARNING 2025-10-01 23:32:56,996 migration_service Invalid serial format: 
WARNING 2025-10-01 23:32:56,997 migration_service Invalid serial format: 
WARNING 2025-10-01 23:32:56,997 migration_service Invalid serial format: 
WARNING 2025-10-01 23:32:56,997 migration_service Invalid serial format: 
WARNING 2025-10-01 23:32:56,997 migration_service Invalid serial format: 
WARNING 2025-10-01 23:32:56,997 migration_service Invalid serial format: 
WARNING 2025-10-01 23:32:56,997 migration_service Invalid serial format: 
WARNING 2025-10-01 23:32:56,997 migration_service Invalid serial format: 
WARNING 2025-10-01 23:32:56,997 migration_service Invalid serial format: 
WARNING 2025-10-01 23:32:56,997 migration_service Invalid serial format: 
WARNING 2025-10-01 23:32:56,997 migration_service Invalid serial format: 
WARNING 2025-10-01 23:32:56,997 migration_service Invalid serial format: 
WARNING 2025-10-01 23:32:56,997 migration_service Invalid serial format: 
WARNING 2025-10-01 23:32:56,997 migration_service Invalid serial format: 
WARNING 2025-10-01 23:32:56,997 migration_service Invalid serial format: 
WARNING 2025-10-01 23:32:56,997 migration_service Invalid serial format: 
WARNING 2025-10-01 23:32:56,997 migration_service Invalid serial format: 
WARNING 2025-10-01 23:32:56,997 migration_service Invalid serial format: 
WARNING 2025-10-01 23:32:56,997 migration_service Invalid serial format: 
WARNING 2025-10-01 23:32:56,997 migration_service Invalid serial format: 
WARNING 2025-10-01 23:32:56,997 migration_service Invalid serial format: 
WARNING 2025-10-01 23:32:56,998 migration_service Invalid serial format: 
WARNING 2025-10-01 23:32:56,998 migration_service Invalid serial format: 
WARNING 2025-10-01 23:32:56,998 migration_service Invalid serial format: 
WARNING 2025-10-01 23:32:56,998 migration_service Invalid serial format: 
WARNING 2025-10-01 23:32:56,998 migration_service Invalid serial format: 
WARNING 2025-10-01 23:32:56,998 migration_service Invalid serial format: 
WARNING 2025-10-01 23:32:56,998 migration_service Invalid serial format: 
WARNING 2025-10-01 23:32:56,998 migration_service Invalid serial format: 
WARNING 2025-10-01 23:32:56,998 migration_service Invalid serial format: 
WARNING 2025-10-01 23:32:56,998 migration_service Invalid serial format: 
WARNING 2025-10-01 23:32:56,998 migration_service Invalid serial format: 
WARNING 2025-10-01 23:32:56,998 migration_service Invalid serial format: 
WARNING 2025-10-01 23:32:56,998 migration_service Invalid serial format: 
WARNING 2025-10-01 23:32:56,998 migration_service Invalid serial format: 
WARNING 2025-10-01 23:32:56,998 migration_service Invalid serial format: 
WARNING 2025-10-01 23:32:56,998 migration_service Invalid serial format: 
WARNING 2025-10-01 23:32:56,998 migration_service Invalid serial format: 
WARNING 2025-10-01 23:32:56,998 migration_service Invalid serial format: 
WARNING 2025-10-01 23:32:56,998 migration_service Invalid serial format: 
WARNING 2025-10-01 23:32:56,998 migration_service Invalid serial format: 
WARNING 2025-10-01 23:32:56,999 migration_service Invalid serial format: 
WARNING 2025-10-01 23:32:56,999 migration_service Invalid serial format: 
WARNING 2025-10-01 23:32:56,999 migration_service Invalid serial format: 
WARNING 2025-10-01 23:32:56,999 migration_service Invalid serial format: 
WARNING 2025-10-01 23:32:56,999 migration_service Invalid serial format: 
WARNING 2025-10-01 23:32:56,999 migration_service Invalid serial format: 
WARNING 2025-10-01 23:32:56,999 migration_service Invalid serial format: 
WARNING 2025-10-01 23:32:56,999 migration_service Invalid serial format: 
WARNING 2025-10-01 23:32:56,999 migration_service Invalid serial format: 
WARNING 2025-10-01 23:32:56,999 migration_service Invalid serial format: 
WARNING 2025-10-01 23:32:56,999 migration_service Invalid serial format: 
WARNING 2025-10-01 23:32:56,999 migration_service Invalid serial format: 
WARNING 2025-10-01 23:32:56,999 migration_service Invalid serial format: 
WARNING 2025-10-01 23:32:56,999 migration_service Invalid serial format: 
WARNING 2025-10-01 23:32:56,999 migration_service Invalid serial format: 
WARNING 2025-10-01 23:32:56,999 migration_service Invalid serial format: 
WARNING 2025-10-01 23:32:56,999 migration_service Invalid serial format: 
WARNING 2025-10-01 23:32:56,999 migration_service Invalid serial format: 
WARNING 2025-10-01 23:32:56,999 migration_service Invalid serial format: 
WARNING 2025-10-01 23:32:57,000 migration_service Invalid serial format: 
WARNING 2025-10-01 23:32:57,000 migration_service Invalid serial format: 
WARNING 2025-10-01 23:32:57,000 migration_service Invalid serial format: 
WARNING 2025-10-01 23:32:57,000 migration_service Invalid serial format: 
WARNING 2025-10-01 23:32:57,000 migration_service Invalid serial format: 
WARNING 2025-10-01 23:32:57,000 migration_service Invalid serial format: 
WARNING 2025-10-01 23:32:57,000 migration_service Invalid serial format: 
WARNING 2025-10-01 23:32:57,000 migration_service Invalid serial format: 
WARNING 2025-10-01 23:32:57,000 migration_service Invalid serial format: 
WARNING 2025-10-01 23:32:57,000 migration_service Invalid serial format: 
WARNING 2025-10-01 23:32:57,000 migration_service Invalid serial format: 
WARNING 2025-10-01 23:32:57,000 migration_service Invalid serial format: 
WARNING 2025-10-01 23:32:57,000 migration_service Invalid serial format: 
WARNING 2025-10-01 23:32:57,000 migration_service Invalid serial format: 
WARNING 2025-10-01 23:32:57,000 migration_service Invalid serial format: 
WARNING 2025-10-01 23:32:57,000 migration_service Invalid serial format: 
WARNING 2025-10-01 23:32:57,000 migration_service Invalid serial format: 
WARNING 2025-10-01 23:32:57,001 migration_service Invalid serial format: 
WARNING 2025-10-01 23:32:57,001 migration_service Invalid serial format: 
WARNING 2025-10-01 23:32:57,001 migration_service Invalid serial format: 
WARNING 2025-10-01 23:32:57,001 migration_service Invalid serial format: 
WARNING 2025-10-01 23:32:57,001 migration_service Invalid serial format: 
WARNING 2025-10-01 23:32:57,001 migration_service Invalid serial format: 
WARNING 2025-10-01 23:32:57,001 migration_service Invalid serial format: 
WARNING 2025-10-01 23:32:57,001 migration_service Invalid serial format: 
WARNING 2025-10-01 23:32:57,001 migration_service Invalid serial format: 
WARNING 2025-10-01 23:32:57,001 migration_service Invalid serial format: 
WARNING 2025-10-01 23:32:57,001 migration_service Invalid serial format: 
WARNING 2025-10-01 23:32:57,001 migration_service Invalid serial format: 
WARNING 2025-10-01 23:32:57,001 migration_service Invalid serial format: 
WARNING 2025-10-01 23:32:57,001 migration_service Invalid serial format: 
WARNING 2025-10-01 23:32:57,002 migration_service Invalid serial format: 
WARNING 2025-10-01 23:32:57,002 migration_service Invalid serial format: 
WARNING 2025-10-01 23:32:57,002 migration_service Invalid serial format: 
WARNING 2025-10-01 23:32:57,002 migration_service Invalid serial format: 
WARNING 2025-10-01 23:32:57,002 migration_service Invalid serial format: 
WARNING 2025-10-01 23:32:57,002 migration_service Invalid serial format: 
WARNING 2025-10-01 23:32:57,002 migration_service Invalid serial format: 
WARNING 2025-10-01 23:32:57,002 migration_service Invalid serial format: 
WARNING 2025-10-01 23:32:57,002 migration_service Invalid serial format: 
WARNING 2025-10-01 23:32:57,002 migration_service Invalid serial format: 
WARNING 2025-10-01 23:32:57,002 migration_service Invalid serial format: 
WARNING 2025-10-01 23:32:57,002 migration_service Invalid serial format: 
WARNING 2025-10-01 23:32:57,002 migration_service Invalid serial format: 
WARNING 2025-10-01 23:32:57,002 migration_service Invalid serial format: 
WARNING 2025-10-01 23:32:57,002 migration_service Invalid serial format: 
WARNING 2025-10-01 23:32:57,002 migration_service Invalid serial format: 
WARNING 2025-10-01 23:32:57,003 migration_service Invalid serial format: 
WARNING 2025-10-01 23:32:57,003 migration_service Invalid serial format: 
WARNING 2025-10-01 23:32:57,003 migration_service Invalid serial format: 
WARNING 2025-10-01 23:32:57,003 migration_service Invalid serial format: 
WARNING 2025-10-01 23:32:57,003 migration_service Invalid serial format: 
WARNING 2025-10-01 23:32:57,003 migration_service Invalid serial format: 
WARNING 2025-10-01 23:32:57,003 migration_service Invalid serial format: 
WARNING 2025-10-01 23:32:57,003 migration_service Invalid serial format: 
WARNING 2025-10-01 23:32:57,003 migration_service Invalid serial format: 
WARNING 2025-10-01 23:32:57,003 migration_service Invalid serial format: 
WARNING 2025-10-01 23:32:57,003 migration_service Invalid serial format: 
WARNING 2025-10-01 23:32:57,003 migration_service Invalid serial format: 
WARNING 2025-10-01 23:32:57,003 migration_service Invalid serial format: 
WARNING 2025-10-01 23:32:57,003 migration_service Invalid serial format: 
WARNING 2025-10-01 23:32:57,003 migration_service Invalid serial format: 
WARNING 2025-10-01 23:32:57,004 migration_service Invalid serial format: 
WARNING 2025-10-01 23:32:57,004 migration_service Invalid serial format: 
WARNING 2025-10-01 23:32:57,004 migration_service Invalid serial format: 
WARNING 2025-10-01 23:32:57,004 migration_service Invalid serial format: 
WARNING 2025-10-01 23:32:57,004 migration_service Invalid serial format: 
WARNING 2025-10-01 23:32:57,004 migration_service Invalid serial format: 
WARNING 2025-10-01 23:32:57,004 migration_service Invalid serial format: 
WARNING 2025-10-01 23:32:57,004 migration_service Invalid serial format: 
WARNING 2025-10-01 23:32:57,004 migration_service Invalid serial format: 
WARNING 2025-10-01 23:32:57,004 migration_service Invalid serial format: 
WARNING 2025-10-01 23:32:57,004 migration_service Invalid serial format: 
WARNING 2025-10-01 23:32:57,004 migration_service Invalid serial format: 
WARNING 2025-10-01 23:32:57,005 migration_service Invalid serial format: 
WARNING 2025-10-01 23:32:57,005 migration_service Invalid serial format: 
WARNING 2025-10-01 23:32:57,005 migration_service Invalid serial format: 
WARNING 2025-10-01 23:32:57,005 migration_service Invalid serial format: 
WARNING 2025-10-01 23:32:57,005 migration_service Invalid serial format: 
WARNING 2025-10-01 23:32:57,005 migration_service Invalid serial format: 
WARNING 2025-10-01 23:32:57,005 migration_service Invalid serial format: 
WARNING 2025-10-01 23:32:57,005 migration_service Invalid serial format: 
WARNING 2025-10-01 23:32:57,005 migration_service Invalid serial format: 
WARNING 2025-10-01 23:32:57,005 migration_service Invalid serial format: 
WARNING 2025-10-01 23:32:57,005 migration_service Invalid serial format: 
WARNING 2025-10-01 23:32:57,005 migration_service Invalid serial format: 
WARNING 2025-10-01 23:32:57,005 migration_service Invalid serial format: 
WARNING 2025-10-01 23:32:57,005 migration_service Invalid serial format: 
WARNING 2025-10-01 23:32:57,005 migration_service Invalid serial format: 
WARNING 2025-10-01 23:32:57,005 migration_service Invalid serial format: 
WARNING 2025-10-01 23:32:57,005 migration_service Invalid serial format: 
WARNING 2025-10-01 23:32:57,005 migration_service Invalid serial format: 
WARNING 2025-10-01 23:32:57,005 migration_service Invalid serial format: 
WARNING 2025-10-01 23:32:57,006 migration_service Invalid serial format: 
WARNING 2025-10-01 23:32:57,006 migration_service Invalid serial format: 
WARNING 2025-10-01 23:32:57,006 migration_service Invalid serial format: 
WARNING 2025-10-01 23:32:57,006 migration_service Invalid serial format: 
WARNING 2025-10-01 23:32:57,006 migration_service Invalid serial format: 
WARNING 2025-10-01 23:32:57,006 migration_service Invalid serial format: 
WARNING 2025-10-01 23:32:57,006 migration_service Invalid serial format: 
WARNING 2025-10-01 23:32:57,006 migration_service Invalid serial format: 
WARNING 2025-10-01 23:32:57,006 migration_service Invalid serial format: 
WARNING 2025-10-01 23:32:57,006 migration_service Invalid serial format: 
WARNING 2025-10-01 23:32:57,006 migration_service Invalid serial format: 
WARNING 2025-10-01 23:32:57,006 migration_service Invalid serial format: 
WARNING 2025-10-01 23:32:57,006 migration_service Invalid serial format: 
WARNING 2025-10-01 23:32:57,006 migration_service Invalid serial format: 
WARNING 2025-10-01 23:32:57,006 migration_service Invalid serial format: 
WARNING 2025-10-01 23:32:57,006 migration_service Invalid serial format: 
WARNING 2025-10-01 23:32:57,006 migration_service Invalid serial format: 
WARNING 2025-10-01 23:32:57,006 migration_service Invalid serial format: 
WARNING 2025-10-01 23:32:57,007 migration_service Invalid serial format: 
WARNING 2025-10-01 23:32:57,007 migration_service Invalid serial format: 
WARNING 2025-10-01 23:32:57,007 migration_service Invalid serial format: 
WARNING 2025-10-01 23:32:57,007 migration_service Invalid serial format: 
WARNING 2025-10-01 23:32:57,007 migration_service Invalid serial format: 
WARNING 2025-10-01 23:32:57,007 migration_service Invalid serial format: 
WARNING 2025-10-01 23:32:57,007 migration_service Invalid serial format: 
WARNING 2025-10-01 23:32:57,007 migration_service Invalid serial format: 
WARNING 2025-10-01 23:32:57,007 migration_service Invalid serial format: 
WARNING 2025-10-01 23:32:57,007 migration_service Invalid serial format: 
WARNING 2025-10-01 23:32:57,007 migration_service Invalid serial format: 
WARNING 2025-10-01 23:32:57,007 migration_service Invalid serial format: 
WARNING 2025-10-01 23:32:57,007 migration_service Invalid serial format: 
WARNING 2025-10-01 23:32:57,007 migration_service Invalid serial format: 
WARNING 2025-10-01 23:32:57,007 migration_service Invalid serial format: 
WARNING 2025-10-01 23:32:57,007 migration_service Invalid serial format: 
WARNING 2025-10-01 23:32:57,007 migration_service Invalid serial format: 
WARNING 2025-10-01 23:32:57,008 migration_service Invalid serial format: 
WARNING 2025-10-01 23:32:57,008 migration_service Invalid serial format: 
WARNING 2025-10-01 23:32:57,008 migration_service Invalid serial format: 
WARNING 2025-10-01 23:32:57,008 migration_service Invalid serial format: 
WARNING 2025-10-01 23:32:57,008 migration_service Invalid serial format: 
WARNING 2025-10-01 23:32:57,008 migration_service Invalid serial format: 
WARNING 2025-10-01 23:32:57,008 migration_service Invalid serial format: 
WARNING 2025-10-01 23:32:57,008 migration_service Invalid serial format: 
WARNING 2025-10-01 23:32:57,008 migration_service Invalid serial format: 
WARNING 2025-10-01 23:32:57,008 migration_service Invalid serial format: 
WARNING 2025-10-01 23:32:57,008 migration_service Invalid serial format: 
WARNING 2025-10-01 23:32:57,008 migration_service Invalid serial format: 
WARNING 2025-10-01 23:32:57,008 migration_service Invalid serial format: 
WARNING 2025-10-01 23:32:57,008 migration_service Invalid serial format: 
WARNING 2025-10-01 23:32:57,008 migration_service Invalid serial format: 
WARNING 2025-10-01 23:32:57,008 migration_service Invalid serial format: 
WARNING 2025-10-01 23:32:57,009 migration_service Invalid serial format: 
WARNING 2025-10-01 23:32:57,009 migration_service Invalid serial format: 
WARNING 2025-10-01 23:32:57,009 migration_service Invalid serial format: 
WARNING 2025-10-01 23:32:57,009 migration_service Invalid serial format: 
WARNING 2025-10-01 23:32:57,009 migration_service Invalid serial format: 
WARNING 2025-10-01 23:32:57,009 migration_service Invalid serial format: 
WARNING 2025-10-01 23:32:57,009 migration_service Invalid serial format: 
WARNING 2025-10-01 23:32:57,009 migration_service Invalid serial format: 
WARNING 2025-10-01 23:32:57,009 migration_service Invalid serial format: 
WARNING 2025-10-01 23:32:57,009 migration_service Invalid serial format: 
WARNING 2025-10-01 23:32:57,009 migration_service Invalid serial format: 
WARNING 2025-10-01 23:32:57,009 migration_service Invalid serial format: 
WARNING 2025-10-01 23:32:57,009 migration_service Invalid serial format: 
WARNING 2025-10-01 23:32:57,009 migration_service Invalid serial format: 
WARNING 2025-10-01 23:32:57,010 migration_service Invalid serial format: 
WARNING 2025-10-01 23:32:57,010 migration_service Invalid serial format: 
WARNING 2025-10-01 23:32:57,010 migration_service Invalid serial format: 
WARNING 2025-10-01 23:32:57,010 migration_service Invalid serial format: 
WARNING 2025-10-01 23:32:57,010 migration_service Invalid serial format: 
WARNING 2025-10-01 23:32:57,010 migration_service Invalid serial format: 
WARNING 2025-10-01 23:32:57,010 migration_service Invalid serial format: 
WARNING 2025-10-01 23:32:57,010 migration_service Invalid serial format: 
WARNING 2025-10-01 23:32:57,010 migration_service Invalid serial format: 
WARNING 2025-10-01 23:32:57,010 migration_service Invalid serial format: 
WARNING 2025-10-01 23:32:57,011 migration_service Invalid serial format: 
WARNING 2025-10-01 23:32:57,011 migration_service Invalid serial format: 
WARNING 2025-10-01 23:32:57,011 migration_service Invalid serial format: 
WARNING 2025-10-01 23:32:57,011 migration_service Invalid serial format: 
WARNING 2025-10-01 23:32:57,011 migration_service Invalid serial format: 
WARNING 2025-10-01 23:32:57,011 migration_service Invalid serial format: 
WARNING 2025-10-01 23:32:57,011 migration_service Invalid serial format: 
WARNING 2025-10-01 23:32:57,011 migration_service Invalid serial format: 
WARNING 2025-10-01 23:32:57,011 migration_service Invalid serial format: 
WARNING 2025-10-01 23:32:57,011 migration_service Invalid serial format: 
WARNING 2025-10-01 23:32:57,011 migration_service Invalid serial format: 
WARNING 2025-10-01 23:32:57,011 migration_service Invalid serial format: 
WARNING 2025-10-01 23:32:57,012 migration_service Invalid serial format: 
WARNING 2025-10-01 23:32:57,012 migration_service Invalid serial format: 
WARNING 2025-10-01 23:32:57,012 migration_service Invalid serial format: 
WARNING 2025-10-01 23:32:57,012 migration_service Invalid serial format: 
WARNING 2025-10-01 23:32:57,012 migration_service Invalid serial format: 
WARNING 2025-10-01 23:32:57,012 migration_service Invalid serial format: 
WARNING 2025-10-01 23:32:57,012 migration_service Invalid serial format: 
WARNING 2025-10-01 23:32:57,012 migration_service Invalid serial format: 
WARNING 2025-10-01 23:32:57,012 migration_service Invalid serial format: 
WARNING 2025-10-01 23:32:57,012 migration_service Invalid serial format: 
WARNING 2025-10-01 23:32:57,012 migration_service Invalid serial format: 
WARNING 2025-10-01 23:32:57,012 migration_service Invalid serial format: 
WARNING 2025-10-01 23:32:57,012 migration_service Invalid serial format: 
WARNING 2025-10-01 23:32:57,012 migration_service Invalid serial format: 
WARNING 2025-10-01 23:32:57,012 migration_service Invalid serial format: 
WARNING 2025-10-01 23:32:57,012 migration_service Invalid serial format: 
WARNING 2025-10-01 23:32:57,012 migration_service Invalid serial format: 
WARNING 2025-10-01 23:32:57,013 migration_service Invalid serial format: 
WARNING 2025-10-01 23:32:57,013 migration_service Invalid serial format: 
WARNING 2025-10-01 23:32:57,013 migration_service Invalid serial format: 
WARNING 2025-10-01 23:32:57,013 migration_service Invalid serial format: 
WARNING 2025-10-01 23:32:57,013 migration_service Invalid serial format: 
WARNING 2025-10-01 23:32:57,013 migration_service Invalid serial format: 
WARNING 2025-10-01 23:32:57,013 migration_service Invalid serial format: 
WARNING 2025-10-01 23:32:57,013 migration_service Invalid serial format: 
WARNING 2025-10-01 23:32:57,013 migration_service Invalid serial format: 
WARNING 2025-10-01 23:32:57,013 migration_service Invalid serial format: 
WARNING 2025-10-01 23:32:57,013 migration_service Invalid serial format: 
WARNING 2025-10-01 23:32:57,013 migration_service Invalid serial format: 
WARNING 2025-10-01 23:32:57,013 migration_service Invalid serial format: 
WARNING 2025-10-01 23:32:57,013 migration_service Invalid serial format: 
WARNING 2025-10-01 23:32:57,013 migration_service Invalid serial format: 
WARNING 2025-10-01 23:32:57,013 migration_service Invalid serial format: 
WARNING 2025-10-01 23:32:57,014 migration_service Invalid serial format: 
WARNING 2025-10-01 23:32:57,014 migration_service Invalid serial format: 
WARNING 2025-10-01 23:32:57,014 migration_service Invalid serial format: 
WARNING 2025-10-01 23:32:57,014 migration_service Invalid serial format: 
WARNING 2025-10-01 23:32:57,014 migration_service Invalid serial format: 
WARNING 2025-10-01 23:32:57,014 migration_service Invalid serial format: 
WARNING 2025-10-01 23:32:57,014 migration_service Invalid serial format: 
WARNING 2025-10-01 23:32:57,014 migration_service Invalid serial format: 
WARNING 2025-10-01 23:32:57,014 migration_service Invalid serial format: 
WARNING 2025-10-01 23:32:57,014 migration_service Invalid serial format: 
WARNING 2025-10-01 23:32:57,014 migration_service Invalid serial format: 
WARNING 2025-10-01 23:32:57,014 migration_service Invalid serial format: 
WARNING 2025-10-01 23:32:57,014 migration_service Invalid serial format: 
WARNING 2025-10-01 23:32:57,014 migration_service Invalid serial format: 
WARNING 2025-10-01 23:32:57,014 migration_service Invalid serial format: 
WARNING 2025-10-01 23:32:57,015 migration_service Invalid serial format: 
WARNING 2025-10-01 23:32:57,015 migration_service Invalid serial format: 
WARNING 2025-10-01 23:32:57,015 migration_service Invalid serial format: 
WARNING 2025-10-01 23:32:57,015 migration_service Invalid serial format: 
WARNING 2025-10-01 23:32:57,015 migration_service Invalid serial format: 
WARNING 2025-10-01 23:32:57,015 migration_service Invalid serial format: 
WARNING 2025-10-01 23:32:57,015 migration_service Invalid serial format: 
WARNING 2025-10-01 23:32:57,015 migration_service Invalid serial format: 
WARNING 2025-10-01 23:32:57,015 migration_service Invalid serial format: 
WARNING 2025-10-01 23:32:57,015 migration_service Invalid serial format: 
WARNING 2025-10-01 23:32:57,015 migration_service Invalid serial format: 
WARNING 2025-10-01 23:32:57,015 migration_service Invalid serial format: 
WARNING 2025-10-01 23:32:57,015 migration_service Invalid serial format: 
WARNING 2025-10-01 23:32:57,015 migration_service Invalid serial format: 
WARNING 2025-10-01 23:32:57,015 migration_service Invalid serial format: 
WARNING 2025-10-01 23:32:57,015 migration_service Invalid serial format: 
WARNING 2025-10-01 23:32:57,016 migration_service Invalid serial format: 
WARNING 2025-10-01 23:32:57,016 migration_service Invalid serial format: 
WARNING 2025-10-01 23:32:57,016 migration_service Invalid serial format: 
WARNING 2025-10-01 23:32:57,016 migration_service Invalid serial format: 
WARNING 2025-10-01 23:32:57,016 migration_service Invalid serial format: 
WARNING 2025-10-01 23:32:57,016 migration_service Invalid serial format: 
WARNING 2025-10-01 23:32:57,016 migration_service Invalid serial format: 
WARNING 2025-10-01 23:32:57,016 migration_service Invalid serial format: 
WARNING 2025-10-01 23:32:57,016 migration_service Invalid serial format: 
WARNING 2025-10-01 23:32:57,016 migration_service Invalid serial format: 
WARNING 2025-10-01 23:32:57,016 migration_service Invalid serial format: 
WARNING 2025-10-01 23:32:57,016 migration_service Invalid serial format: 
WARNING 2025-10-01 23:32:57,016 migration_service Invalid serial format: 
WARNING 2025-10-01 23:32:57,016 migration_service Invalid serial format: 
WARNING 2025-10-01 23:32:57,016 migration_service Invalid serial format: 
WARNING 2025-10-01 23:32:57,016 migration_service Invalid serial format: 
WARNING 2025-10-01 23:32:57,017 migration_service Invalid serial format: 
WARNING 2025-10-01 23:32:57,017 migration_service Invalid serial format: 
WARNING 2025-10-01 23:32:57,017 migration_service Invalid serial format: 
WARNING 2025-10-01 23:32:57,017 migration_service Invalid serial format: 
WARNING 2025-10-01 23:32:57,017 migration_service Invalid serial format: 
WARNING 2025-10-01 23:32:57,017 migration_service Invalid serial format: 
WARNING 2025-10-01 23:32:57,017 migration_service Invalid serial format: 
WARNING 2025-10-01 23:32:57,017 migration_service Invalid serial format: 
WARNING 2025-10-01 23:32:57,017 migration_service Invalid serial format: 
WARNING 2025-10-01 23:32:57,017 migration_service Invalid serial format: 
WARNING 2025-10-01 23:32:57,017 migration_service Invalid serial format: 
WARNING 2025-10-01 23:32:57,017 migration_service Invalid serial format: 
WARNING 2025-10-01 23:32:57,017 migration_service Invalid serial format: 
WARNING 2025-10-01 23:32:57,017 migration_service Invalid serial format: 
WARNING 2025-10-01 23:32:57,017 migration_service Invalid serial format: 
WARNING 2025-10-01 23:32:57,017 migration_service Invalid serial format: 
WARNING 2025-10-01 23:32:57,018 migration_service Invalid serial format: 
WARNING 2025-10-01 23:32:57,018 migration_service Invalid serial format: 
WARNING 2025-10-01 23:32:57,018 migration_service Invalid serial format: 
WARNING 2025-10-01 23:32:57,018 migration_service Invalid serial format: 
WARNING 2025-10-01 23:32:57,018 migration_service Invalid serial format: 
WARNING 2025-10-01 23:32:57,018 migration_service Invalid serial format: 
WARNING 2025-10-01 23:32:57,018 migration_service Invalid serial format: 
WARNING 2025-10-01 23:32:57,018 migration_service Invalid serial format: 
WARNING 2025-10-01 23:32:57,018 migration_service Invalid serial format: 
WARNING 2025-10-01 23:32:57,018 migration_service Invalid serial format: 
WARNING 2025-10-01 23:32:57,018 migration_service Invalid serial format: 
WARNING 2025-10-01 23:32:57,018 migration_service Invalid serial format: 
WARNING 2025-10-01 23:32:57,018 migration_service Invalid serial format: 
WARNING 2025-10-01 23:32:57,018 migration_service Invalid serial format: 
WARNING 2025-10-01 23:32:57,018 migration_service Invalid serial format: 
WARNING 2025-10-01 23:32:57,018 migration_service Invalid serial format: 
WARNING 2025-10-01 23:32:57,019 migration_service Invalid serial format: 
WARNING 2025-10-01 23:32:57,019 migration_service Invalid serial format: 
WARNING 2025-10-01 23:32:57,019 migration_service Invalid serial format: 
WARNING 2025-10-01 23:32:57,019 migration_service Invalid serial format: 
WARNING 2025-10-01 23:32:57,019 migration_service Invalid serial format: 
WARNING 2025-10-01 23:32:57,019 migration_service Invalid serial format: 
WARNING 2025-10-01 23:32:57,019 migration_service Invalid serial format: 
WARNING 2025-10-01 23:32:57,019 migration_service Invalid serial format: 
WARNING 2025-10-01 23:32:57,019 migration_service Invalid serial format: 
WARNING 2025-10-01 23:32:57,019 migration_service Invalid serial format: 
WARNING 2025-10-01 23:32:57,019 migration_service Invalid serial format: 
WARNING 2025-10-01 23:32:57,019 migration_service Invalid serial format: 
WARNING 2025-10-01 23:32:57,019 migration_service Invalid serial format: 
WARNING 2025-10-01 23:32:57,019 migration_service Invalid serial format: 
WARNING 2025-10-01 23:32:57,019 migration_service Invalid serial format: 
WARNING 2025-10-01 23:32:57,020 migration_service Invalid serial format: 
WARNING 2025-10-01 23:32:57,020 migration_service Invalid serial format: 
WARNING 2025-10-01 23:32:57,020 migration_service Invalid serial format: 
WARNING 2025-10-01 23:32:57,020 migration_service Invalid serial format: 
WARNING 2025-10-01 23:32:57,020 migration_service Invalid serial format: 
WARNING 2025-10-01 23:32:57,020 migration_service Invalid serial format: 
WARNING 2025-10-01 23:32:57,020 migration_service Invalid serial format: 
WARNING 2025-10-01 23:32:57,020 migration_service Invalid serial format: 
WARNING 2025-10-01 23:32:57,020 migration_service Invalid serial format: 
WARNING 2025-10-01 23:32:57,020 migration_service Invalid serial format: 
WARNING 2025-10-01 23:32:57,020 migration_service Invalid serial format: 
WARNING 2025-10-01 23:32:57,020 migration_service Invalid serial format: 
WARNING 2025-10-01 23:32:57,020 migration_service Invalid serial format: 
WARNING 2025-10-01 23:32:57,020 migration_service Invalid serial format: 
WARNING 2025-10-01 23:32:57,020 migration_service Invalid serial format: 
WARNING 2025-10-01 23:32:57,020 migration_service Invalid serial format: 
WARNING 2025-10-01 23:32:57,021 migration_service Invalid serial format: 
WARNING 2025-10-01 23:32:57,021 migration_service Invalid serial format: 
WARNING 2025-10-01 23:32:57,021 migration_service Invalid serial format: 
WARNING 2025-10-01 23:32:57,021 migration_service Invalid serial format: 
WARNING 2025-10-01 23:32:57,021 migration_service Invalid serial format: 
WARNING 2025-10-01 23:32:57,021 migration_service Invalid serial format: 
WARNING 2025-10-01 23:32:57,021 migration_service Invalid serial format: 
WARNING 2025-10-01 23:32:57,021 migration_service Invalid serial format: 
WARNING 2025-10-01 23:32:57,021 migration_service Invalid serial format: 
WARNING 2025-10-01 23:32:57,021 migration_service Invalid serial format: 
WARNING 2025-10-01 23:32:57,021 migration_service Invalid serial format: 
WARNING 2025-10-01 23:32:57,021 migration_service Invalid serial format: 
WARNING 2025-10-01 23:32:57,021 migration_service Invalid serial format: 
WARNING 2025-10-01 23:32:57,021 migration_service Invalid serial format: 
WARNING 2025-10-01 23:32:57,021 migration_service Invalid serial format: 
WARNING 2025-10-01 23:32:57,021 migration_service Invalid serial format: 
WARNING 2025-10-01 23:32:57,021 migration_service Invalid serial format: 
WARNING 2025-10-01 23:32:57,021 migration_service Invalid serial format: 
WARNING 2025-10-01 23:32:57,022 migration_service Invalid serial format: 
WARNING 2025-10-01 23:32:57,022 migration_service Invalid serial format: 
WARNING 2025-10-01 23:32:57,022 migration_service Invalid serial format: 
WARNING 2025-10-01 23:32:57,022 migration_service Invalid serial format: 
WARNING 2025-10-01 23:32:57,022 migration_service Invalid serial format: 
WARNING 2025-10-01 23:32:57,022 migration_service Invalid serial format: 
WARNING 2025-10-01 23:32:57,022 migration_service Invalid serial format: 
WARNING 2025-10-01 23:32:57,022 migration_service Invalid serial format: 
WARNING 2025-10-01 23:32:57,022 migration_service Invalid serial format: 
WARNING 2025-10-01 23:32:57,022 migration_service Invalid serial format: 
WARNING 2025-10-01 23:32:57,022 migration_service Invalid serial format: 
WARNING 2025-10-01 23:32:57,022 migration_service Invalid serial format: 
WARNING 2025-10-01 23:32:57,022 migration_service Invalid serial format: 
WARNING 2025-10-01 23:32:57,022 migration_service Invalid serial format: 
WARNING 2025-10-01 23:32:57,022 migration_service Invalid serial format: 
WARNING 2025-10-01 23:32:57,023 migration_service Invalid serial format: 
WARNING 2025-10-01 23:32:57,023 migration_service Invalid serial format: 
WARNING 2025-10-01 23:32:57,023 migration_service Invalid serial format: 
WARNING 2025-10-01 23:32:57,023 migration_service Invalid serial format: 
WARNING 2025-10-01 23:32:57,023 migration_service Invalid serial format: 
WARNING 2025-10-01 23:32:57,023 migration_service Invalid serial format: 
WARNING 2025-10-01 23:32:57,023 migration_service Invalid serial format: 
WARNING 2025-10-01 23:32:57,023 migration_service Invalid serial format: 
WARNING 2025-10-01 23:32:57,023 migration_service Invalid serial format: 
WARNING 2025-10-01 23:32:57,023 migration_service Invalid serial format: 
WARNING 2025-10-01 23:32:57,023 migration_service Invalid serial format: 
WARNING 2025-10-01 23:32:57,023 migration_service Invalid serial format: 
WARNING 2025-10-01 23:32:57,023 migration_service Invalid serial format: 
WARNING 2025-10-01 23:32:57,023 migration_service Invalid serial format: 
WARNING 2025-10-01 23:32:57,023 migration_service Invalid serial format: 
WARNING 2025-10-01 23:32:57,024 migration_service Invalid serial format: 
WARNING 2025-10-01 23:32:57,024 migration_service Invalid serial format: 
WARNING 2025-10-01 23:32:57,024 migration_service Invalid serial format: 
WARNING 2025-10-01 23:32:57,024 migration_service Invalid serial format: 
WARNING 2025-10-01 23:32:57,024 migration_service Invalid serial format: 
WARNING 2025-10-01 23:32:57,024 migration_service Invalid serial format: 
WARNING 2025-10-01 23:32:57,024 migration_service Invalid serial format: 
WARNING 2025-10-01 23:32:57,024 migration_service Invalid serial format: 
WARNING 2025-10-01 23:32:57,024 migration_service Invalid serial format: 
WARNING 2025-10-01 23:32:57,024 migration_service Invalid serial format: 
WARNING 2025-10-01 23:32:57,024 migration_service Invalid serial format: 
WARNING 2025-10-01 23:32:57,024 migration_service Invalid serial format: 
WARNING 2025-10-01 23:32:57,024 migration_service Invalid serial format: 
WARNING 2025-10-01 23:32:57,024 migration_service Invalid serial format: 
WARNING 2025-10-01 23:32:57,024 migration_service Invalid serial format: 
WARNING 2025-10-01 23:32:57,024 migration_service Invalid serial format: 
WARNING 2025-10-01 23:32:57,025 migration_service Invalid serial format: 
WARNING 2025-10-01 23:32:57,025 migration_service Invalid serial format: 
WARNING 2025-10-01 23:32:57,025 migration_service Invalid serial format: 
WARNING 2025-10-01 23:32:57,025 migration_service Invalid serial format: 
WARNING 2025-10-01 23:32:57,025 migration_service Invalid serial format: 
WARNING 2025-10-01 23:32:57,025 migration_service Invalid serial format: 
WARNING 2025-10-01 23:32:57,025 migration_service Invalid serial format: 
WARNING 2025-10-01 23:32:57,025 migration_service Invalid serial format: 
WARNING 2025-10-01 23:32:57,025 migration_service Invalid serial format: 
WARNING 2025-10-01 23:32:57,025 migration_service Invalid serial format: 
WARNING 2025-10-01 23:32:57,025 migration_service Invalid serial format: 
WARNING 2025-10-01 23:32:57,025 migration_service Invalid serial format: 
WARNING 2025-10-01 23:32:57,025 migration_service Invalid serial format: 
WARNING 2025-10-01 23:32:57,025 migration_service Invalid serial format: 
WARNING 2025-10-01 23:32:57,025 migration_service Invalid serial format: 
WARNING 2025-10-01 23:32:57,026 migration_service Invalid serial format: 
WARNING 2025-10-01 23:32:57,026 migration_service Invalid serial format: 
WARNING 2025-10-01 23:32:57,026 migration_service Invalid serial format: 
WARNING 2025-10-01 23:32:57,026 migration_service Invalid serial format: 
WARNING 2025-10-01 23:32:57,026 migration_service Invalid serial format: 
WARNING 2025-10-01 23:32:57,026 migration_service Invalid serial format: 
WARNING 2025-10-01 23:32:57,026 migration_service Invalid serial format: 
WARNING 2025-10-01 23:32:57,026 migration_service Invalid serial format: 
WARNING 2025-10-01 23:32:57,026 migration_service Invalid serial format: 
WARNING 2025-10-01 23:32:57,026 migration_service Invalid serial format: 
WARNING 2025-10-01 23:32:57,026 migration_service Invalid serial format: 
WARNING 2025-10-01 23:32:57,026 migration_service Invalid serial format: 
WARNING 2025-10-01 23:32:57,026 migration_service Invalid serial format: 
WARNING 2025-10-01 23:32:57,026 migration_service Invalid serial format: 
WARNING 2025-10-01 23:32:57,026 migration_service Invalid serial format: 
WARNING 2025-10-01 23:32:57,027 migration_service Invalid serial format: 
WARNING 2025-10-01 23:32:57,027 migration_service Invalid serial format: 
WARNING 2025-10-01 23:32:57,027 migration_service Invalid serial format: 
WARNING 2025-10-01 23:32:57,027 migration_service Invalid serial format: 
WARNING 2025-10-01 23:32:57,027 migration_service Invalid serial format: 
WARNING 2025-10-01 23:32:57,027 migration_service Invalid serial format: 
WARNING 2025-10-01 23:32:57,027 migration_service Invalid serial format: 
WARNING 2025-10-01 23:32:57,027 migration_service Invalid serial format: 
WARNING 2025-10-01 23:32:57,027 migration_service Invalid serial format: 
WARNING 2025-10-01 23:32:57,027 migration_service Invalid serial format: 
WARNING 2025-10-01 23:32:57,027 migration_service Invalid serial format: 
WARNING 2025-10-01 23:32:57,027 migration_service Invalid serial format: 
WARNING 2025-10-01 23:32:57,027 migration_service Invalid serial format: 
WARNING 2025-10-01 23:32:57,027 migration_service Invalid serial format: 
WARNING 2025-10-01 23:32:57,027 migration_service Invalid serial format: 
WARNING 2025-10-01 23:32:57,027 migration_service Invalid serial format: 
WARNING 2025-10-01 23:32:57,027 migration_service Invalid serial format: 
WARNING 2025-10-01 23:32:57,028 migration_service Invalid serial format: 
WARNING 2025-10-01 23:32:57,028 migration_service Invalid serial format: 
WARNING 2025-10-01 23:32:57,028 migration_service Invalid serial format: 
WARNING 2025-10-01 23:32:57,028 migration_service Invalid serial format: 
WARNING 2025-10-01 23:32:57,028 migration_service Invalid serial format: 
WARNING 2025-10-01 23:32:57,028 migration_service Invalid serial format: 
WARNING 2025-10-01 23:32:57,028 migration_service Invalid serial format: 
WARNING 2025-10-01 23:32:57,028 migration_service Invalid serial format: 
WARNING 2025-10-01 23:32:57,028 migration_service Invalid serial format: 
WARNING 2025-10-01 23:32:57,028 migration_service Invalid serial format: 
WARNING 2025-10-01 23:32:57,028 migration_service Invalid serial format: 
WARNING 2025-10-01 23:32:57,028 migration_service Invalid serial format: 
WARNING 2025-10-01 23:32:57,028 migration_service Invalid serial format: 
WARNING 2025-10-01 23:32:57,028 migration_service Invalid serial format: 
WARNING 2025-10-01 23:32:57,029 migration_service Invalid serial format: 
WARNING 2025-10-01 23:32:57,029 migration_service Invalid serial format: 
WARNING 2025-10-01 23:32:57,029 migration_service Invalid serial format: 
WARNING 2025-10-01 23:32:57,029 migration_service Invalid serial format: 
WARNING 2025-10-01 23:32:57,029 migration_service Invalid serial format: 
WARNING 2025-10-01 23:32:57,029 migration_service Invalid serial format: 
WARNING 2025-10-01 23:32:57,029 migration_service Invalid serial format: 
WARNING 2025-10-01 23:32:57,029 migration_service Invalid serial format: 
WARNING 2025-10-01 23:32:57,029 migration_service Invalid serial format: 
WARNING 2025-10-01 23:32:57,029 migration_service Invalid serial format: 
WARNING 2025-10-01 23:32:57,029 migration_service Invalid serial format: 
WARNING 2025-10-01 23:32:57,029 migration_service Invalid serial format: 
WARNING 2025-10-01 23:32:57,057 migration_service Invalid serial format: 
WARNING 2025-10-01 23:32:57,120 migration_service Invalid serial format: RA:CH2:IN2:WB:RT08:KA7
WARNING 2025-10-01 23:32:57,184 migration_service Invalid serial format: 
WARNING 2025-10-01 23:32:57,253 migration_service Invalid serial format: 
WARNING 2025-10-01 23:32:57,264 migration_service Invalid serial format: 
WARNING 2025-10-01 23:32:57,273 migration_service Invalid serial format: 
WARNING 2025-10-01 23:32:57,273 migration_service Invalid serial format: 
WARNING 2025-10-01 23:32:57,273 migration_service Invalid serial format: 
WARNING 2025-10-01 23:32:57,274 migration_service Invalid serial format: 
WARNING 2025-10-01 23:32:57,274 migration_service Invalid serial format: 
WARNING 2025-10-01 23:32:57,274 migration_service Invalid serial format: 
WARNING 2025-10-01 23:32:57,274 migration_service Invalid serial format: 
WARNING 2025-10-01 23:32:57,274 migration_service Invalid serial format: 
WARNING 2025-10-01 23:32:57,274 migration_service Invalid serial format: 
WARNING 2025-10-01 23:32:57,274 migration_service Invalid serial format: 
WARNING 2025-10-01 23:32:57,274 migration_service Invalid serial format: 
WARNING 2025-10-01 23:32:57,274 migration_service Invalid serial format: 
WARNING 2025-10-01 23:32:57,274 migration_service Invalid serial format: 
WARNING 2025-10-01 23:32:57,274 migration_service Invalid serial format: 
WARNING 2025-10-01 23:32:57,274 migration_service Invalid serial format: 
WARNING 2025-10-01 23:32:57,274 migration_service Invalid serial format: 
WARNING 2025-10-01 23:32:57,275 migration_service Invalid serial format: 
WARNING 2025-10-01 23:32:57,275 migration_service Invalid serial format: 
WARNING 2025-10-01 23:32:57,275 migration_service Invalid serial format: 
WARNING 2025-10-01 23:32:57,275 migration_service Invalid serial format: 
WARNING 2025-10-01 23:32:57,275 migration_service Invalid serial format: 
WARNING 2025-10-01 23:32:57,275 migration_service Invalid serial format: 
WARNING 2025-10-01 23:32:57,275 migration_service Invalid serial format: 
WARNING 2025-10-01 23:32:57,275 migration_service Invalid serial format: 
WARNING 2025-10-01 23:32:57,275 migration_service Invalid serial format: 
WARNING 2025-10-01 23:32:57,275 migration_service Invalid serial format: 
WARNING 2025-10-01 23:32:57,275 migration_service Invalid serial format: 
WARNING 2025-10-01 23:32:57,275 migration_service Invalid serial format: 
WARNING 2025-10-01 23:32:57,275 migration_service Invalid serial format: 
WARNING 2025-10-01 23:32:57,276 migration_service Invalid serial format: 
WARNING 2025-10-01 23:32:57,276 migration_service Invalid serial format: 
WARNING 2025-10-01 23:32:57,276 migration_service Invalid serial format: 
WARNING 2025-10-01 23:32:57,276 migration_service Invalid serial format: 
WARNING 2025-10-01 23:32:57,276 migration_service Invalid serial format: 
WARNING 2025-10-01 23:32:57,276 migration_service Invalid serial format: 
WARNING 2025-10-01 23:32:57,276 migration_service Invalid serial format: 
WARNING 2025-10-01 23:32:57,276 migration_service Invalid serial format: 
WARNING 2025-10-01 23:32:57,276 migration_service Invalid serial format: 
WARNING 2025-10-01 23:32:57,276 migration_service Invalid serial format: 
WARNING 2025-10-01 23:32:57,276 migration_service Invalid serial format: 
WARNING 2025-10-01 23:32:57,276 migration_service Invalid serial format: 
WARNING 2025-10-01 23:32:57,276 migration_service Invalid serial format: 
WARNING 2025-10-01 23:32:57,276 migration_service Invalid serial format: 
WARNING 2025-10-01 23:32:57,276 migration_service Invalid serial format: 
WARNING 2025-10-01 23:32:57,276 migration_service Invalid serial format: 
WARNING 2025-10-01 23:32:57,276 migration_service Invalid serial format: 
WARNING 2025-10-01 23:32:57,277 migration_service Invalid serial format: 
WARNING 2025-10-01 23:32:57,277 migration_service Invalid serial format: 
WARNING 2025-10-01 23:32:57,277 migration_service Invalid serial format: 
WARNING 2025-10-01 23:32:57,277 migration_service Invalid serial format: 
WARNING 2025-10-01 23:32:57,277 migration_service Invalid serial format: 
WARNING 2025-10-01 23:32:57,277 migration_service Invalid serial format: 
WARNING 2025-10-01 23:32:57,277 migration_service Invalid serial format: 
WARNING 2025-10-01 23:32:57,277 migration_service Invalid serial format: 
WARNING 2025-10-01 23:32:57,278 migration_service Invalid serial format: 
WARNING 2025-10-01 23:32:57,278 migration_service Invalid serial format: 
WARNING 2025-10-01 23:32:57,278 migration_service Invalid serial format: 
WARNING 2025-10-01 23:32:57,278 migration_service Invalid serial format: 
WARNING 2025-10-01 23:32:57,278 migration_service Invalid serial format: 
WARNING 2025-10-01 23:32:57,278 migration_service Invalid serial format: 
WARNING 2025-10-01 23:32:57,278 migration_service Invalid serial format: 
WARNING 2025-10-01 23:32:57,278 migration_service Invalid serial format: 
WARNING 2025-10-01 23:32:57,278 migration_service Invalid serial format: 
WARNING 2025-10-01 23:32:57,279 migration_service Invalid serial format: 
WARNING 2025-10-01 23:32:57,279 migration_service Invalid serial format: 
WARNING 2025-10-01 23:32:57,279 migration_service Invalid serial format: 
WARNING 2025-10-01 23:32:57,279 migration_service Invalid serial format: 
WARNING 2025-10-01 23:32:57,279 migration_service Invalid serial format: 
WARNING 2025-10-01 23:32:57,279 migration_service Invalid serial format: 
WARNING 2025-10-01 23:32:57,279 migration_service Invalid serial format: 
WARNING 2025-10-01 23:32:57,279 migration_service Invalid serial format: 
WARNING 2025-10-01 23:32:57,279 migration_service Invalid serial format: 
WARNING 2025-10-01 23:32:57,279 migration_service Invalid serial format: 
WARNING 2025-10-01 23:32:57,279 migration_service Invalid serial format: 
WARNING 2025-10-01 23:32:57,279 migration_service Invalid serial format: 
WARNING 2025-10-01 23:32:57,279 migration_service Invalid serial format: 
WARNING 2025-10-01 23:32:57,279 migration_service Invalid serial format: 
WARNING 2025-10-01 23:32:57,279 migration_service Invalid serial format: 
WARNING 2025-10-01 23:32:57,279 migration_service Invalid serial format: 
WARNING 2025-10-01 23:32:57,279 migration_service Invalid serial format: 
WARNING 2025-10-01 23:32:57,280 migration_service Invalid serial format: 
WARNING 2025-10-01 23:32:57,280 migration_service Invalid serial format: 
WARNING 2025-10-01 23:32:57,280 migration_service Invalid serial format: 
WARNING 2025-10-01 23:32:57,280 migration_service Invalid serial format: 
WARNING 2025-10-01 23:32:57,280 migration_service Invalid serial format: 
WARNING 2025-10-01 23:32:57,280 migration_service Invalid serial format: 
WARNING 2025-10-01 23:32:57,280 migration_service Invalid serial format: 
WARNING 2025-10-01 23:32:57,280 migration_service Invalid serial format: 
WARNING 2025-10-01 23:32:57,280 migration_service Invalid serial format: 
WARNING 2025-10-01 23:32:57,280 migration_service Invalid serial format: 
WARNING 2025-10-01 23:32:57,280 migration_service Invalid serial format: 
WARNING 2025-10-01 23:32:57,280 migration_service Invalid serial format: 
WARNING 2025-10-01 23:32:57,280 migration_service Invalid serial format: 
WARNING 2025-10-01 23:32:57,280 migration_service Invalid serial format: 
WARNING 2025-10-01 23:32:57,280 migration_service Invalid serial format: 
WARNING 2025-10-01 23:32:57,280 migration_service Invalid serial format: 
WARNING 2025-10-01 23:32:57,281 migration_service Invalid serial format: 
WARNING 2025-10-01 23:32:57,281 migration_service Invalid serial format: 
WARNING 2025-10-01 23:32:57,281 migration_service Invalid serial format: 
WARNING 2025-10-01 23:32:57,281 migration_service Invalid serial format: 
WARNING 2025-10-01 23:32:57,281 migration_service Invalid serial format: 
WARNING 2025-10-01 23:32:57,281 migration_service Invalid serial format: 
WARNING 2025-10-01 23:32:57,281 migration_service Invalid serial format: 
WARNING 2025-10-01 23:32:57,281 migration_service Invalid serial format: 
WARNING 2025-10-01 23:32:57,293 migration_service Invalid serial format: 
WARNING 2025-10-01 23:32:57,293 migration_service Invalid serial format: 
WARNING 2025-10-01 23:32:57,293 migration_service Invalid serial format: 
WARNING 2025-10-01 23:32:57,293 migration_service Invalid serial format: 
WARNING 2025-10-01 23:32:57,293 migration_service Invalid serial format: 
WARNING 2025-10-01 23:32:57,293 migration_service Invalid serial format: 
WARNING 2025-10-01 23:32:57,293 migration_service Invalid serial format: 
WARNING 2025-10-01 23:32:57,293 migration_service Invalid serial format: 
WARNING 2025-10-01 23:32:57,293 migration_service Invalid serial format: 
WARNING 2025-10-01 23:32:57,309 migration_service Invalid serial format: 
WARNING 2025-10-01 23:32:57,321 migration_service Invalid serial format: 
WARNING 2025-10-01 23:32:57,334 migration_service Invalid serial format: 
WARNING 2025-10-01 23:32:57,334 migration_service Invalid serial format: 
WARNING 2025-10-01 23:32:57,378 migration_service Invalid serial format: 
WARNING 2025-10-01 23:32:57,390 migration_service Invalid serial format: 
WARNING 2025-10-01 23:32:57,397 migration_service Invalid serial format: 
WARNING 2025-10-01 23:32:57,412 migration_service Invalid serial format: 
WARNING 2025-10-01 23:32:57,426 migration_service Invalid serial format: 
WARNING 2025-10-01 23:32:57,440 migration_service Invalid serial format: 
WARNING 2025-10-01 23:32:57,457 migration_service Invalid serial format: 
WARNING 2025-10-01 23:32:57,532 migration_service Invalid serial format: 
WARNING 2025-10-01 23:32:57,532 migration_service Invalid serial format: 
WARNING 2025-10-01 23:32:57,532 migration_service Invalid serial format: 
WARNING 2025-10-01 23:32:57,532 migration_service Invalid serial format: 
WARNING 2025-10-01 23:32:57,532 migration_service Invalid serial format: 
WARNING 2025-10-01 23:32:57,532 migration_service Invalid serial format: 
WARNING 2025-10-01 23:32:57,532 migration_service Invalid serial format: 
WARNING 2025-10-01 23:32:57,532 migration_service Invalid serial format: 
WARNING 2025-10-01 23:32:57,532 migration_service Invalid serial format: 
WARNING 2025-10-01 23:32:57,533 migration_service Invalid serial format: 
WARNING 2025-10-01 23:32:57,533 migration_service Invalid serial format: 
WARNING 2025-10-01 23:32:57,533 migration_service Invalid serial format: 
WARNING 2025-10-01 23:32:57,533 migration_service Invalid serial format: 
WARNING 2025-10-01 23:32:57,533 migration_service Invalid serial format: 
WARNING 2025-10-01 23:32:57,533 migration_service Invalid serial format: 
WARNING 2025-10-01 23:32:57,533 migration_service Invalid serial format: 
WARNING 2025-10-01 23:32:57,533 migration_service Invalid serial format: 
WARNING 2025-10-01 23:32:57,533 migration_service Invalid serial format: 
WARNING 2025-10-01 23:32:57,533 migration_service Invalid serial format: 
WARNING 2025-10-01 23:32:57,533 migration_service Invalid serial format: 
WARNING 2025-10-01 23:32:57,533 migration_service Invalid serial format: 
WARNING 2025-10-01 23:32:57,533 migration_service Invalid serial format: 
WARNING 2025-10-01 23:32:57,533 migration_service Invalid serial format: 
WARNING 2025-10-01 23:32:57,533 migration_service Invalid serial format: 
WARNING 2025-10-01 23:32:57,533 migration_service Invalid serial format: 
WARNING 2025-10-01 23:32:57,533 migration_service Invalid serial format: 
WARNING 2025-10-01 23:32:57,533 migration_service Invalid serial format: 
WARNING 2025-10-01 23:32:57,534 migration_service Invalid serial format: 
WARNING 2025-10-01 23:32:57,534 migration_service Invalid serial format: 
WARNING 2025-10-01 23:32:57,534 migration_service Invalid serial format: 
WARNING 2025-10-01 23:32:57,534 migration_service Invalid serial format: 
WARNING 2025-10-01 23:32:57,534 migration_service Invalid serial format: 
WARNING 2025-10-01 23:32:57,534 migration_service Invalid serial format: 
WARNING 2025-10-01 23:32:57,534 migration_service Invalid serial format: 
WARNING 2025-10-01 23:32:57,534 migration_service Invalid serial format: 
WARNING 2025-10-01 23:32:57,534 migration_service Invalid serial format: 
WARNING 2025-10-01 23:32:57,534 migration_service Invalid serial format: 
WARNING 2025-10-01 23:32:57,534 migration_service Invalid serial format: 
WARNING 2025-10-01 23:32:57,534 migration_service Invalid serial format: 
WARNING 2025-10-01 23:32:57,534 migration_service Invalid serial format: 
WARNING 2025-10-01 23:32:57,534 migration_service Invalid serial format: 
WARNING 2025-10-01 23:32:57,534 migration_service Invalid serial format: 
WARNING 2025-10-01 23:32:57,534 migration_service Invalid serial format: 
WARNING 2025-10-01 23:32:57,535 migration_service Invalid serial format: 
WARNING 2025-10-01 23:32:57,535 migration_service Invalid serial format: 
WARNING 2025-10-01 23:32:57,535 migration_service Invalid serial format: 
WARNING 2025-10-01 23:32:57,535 migration_service Invalid serial format: 
WARNING 2025-10-01 23:32:57,535 migration_service Invalid serial format: 
WARNING 2025-10-01 23:32:57,535 migration_service Invalid serial format: 
WARNING 2025-10-01 23:32:57,535 migration_service Invalid serial format: 
WARNING 2025-10-01 23:32:57,535 migration_service Invalid serial format: 
WARNING 2025-10-01 23:32:57,535 migration_service Invalid serial format: 
WARNING 2025-10-01 23:32:57,535 migration_service Invalid serial format: 
WARNING 2025-10-01 23:32:57,535 migration_service Invalid serial format: 
WARNING 2025-10-01 23:32:57,535 migration_service Invalid serial format: 
WARNING 2025-10-01 23:32:57,536 migration_service Invalid serial format: 
WARNING 2025-10-01 23:32:57,536 migration_service Invalid serial format: 
WARNING 2025-10-01 23:32:57,536 migration_service Invalid serial format: 
WARNING 2025-10-01 23:32:57,536 migration_service Invalid serial format: 
WARNING 2025-10-01 23:32:57,536 migration_service Invalid serial format: 
WARNING 2025-10-01 23:32:57,536 migration_service Invalid serial format: 
WARNING 2025-10-01 23:32:57,536 migration_service Invalid serial format: 
WARNING 2025-10-01 23:32:57,536 migration_service Invalid serial format: 
WARNING 2025-10-01 23:32:57,536 migration_service Invalid serial format: 
WARNING 2025-10-01 23:32:57,536 migration_service Invalid serial format: 
WARNING 2025-10-01 23:32:57,536 migration_service Invalid serial format: 
WARNING 2025-10-01 23:32:57,537 migration_service Invalid serial format: 
WARNING 2025-10-01 23:32:57,537 migration_service Invalid serial format: 
WARNING 2025-10-01 23:32:57,537 migration_service Invalid serial format: 
WARNING 2025-10-01 23:32:57,537 migration_service Invalid serial format: 
WARNING 2025-10-01 23:32:57,537 migration_service Invalid serial format: 
WARNING 2025-10-01 23:32:57,537 migration_service Invalid serial format: 
WARNING 2025-10-01 23:32:57,537 migration_service Invalid serial format: 
WARNING 2025-10-01 23:32:57,537 migration_service Invalid serial format: 
WARNING 2025-10-01 23:32:57,537 migration_service Invalid serial format: 
WARNING 2025-10-01 23:32:57,537 migration_service Invalid serial format: 
WARNING 2025-10-01 23:32:57,537 migration_service Invalid serial format: 
WARNING 2025-10-01 23:32:57,537 migration_service Invalid serial format: 
WARNING 2025-10-01 23:32:57,537 migration_service Invalid serial format: 
WARNING 2025-10-01 23:32:57,537 migration_service Invalid serial format: 
WARNING 2025-10-01 23:32:57,538 migration_service Invalid serial format: 
WARNING 2025-10-01 23:32:57,538 migration_service Invalid serial format: 
WARNING 2025-10-01 23:32:57,538 migration_service Invalid serial format: 
WARNING 2025-10-01 23:32:57,538 migration_service Invalid serial format: 
WARNING 2025-10-01 23:32:57,538 migration_service Invalid serial format: 
WARNING 2025-10-01 23:32:57,538 migration_service Invalid serial format: 
WARNING 2025-10-01 23:32:57,538 migration_service Invalid serial format: 
WARNING 2025-10-01 23:32:57,538 migration_service Invalid serial format: 
WARNING 2025-10-01 23:32:57,538 migration_service Invalid serial format: 
WARNING 2025-10-01 23:32:57,538 migration_service Invalid serial format: 
WARNING 2025-10-01 23:32:57,539 migration_service Invalid serial format: 
WARNING 2025-10-01 23:32:57,539 migration_service Invalid serial format: 
WARNING 2025-10-01 23:32:57,539 migration_service Invalid serial format: 
WARNING 2025-10-01 23:32:57,539 migration_service Invalid serial format: 
WARNING 2025-10-01 23:32:57,539 migration_service Invalid serial format: 
WARNING 2025-10-01 23:32:57,539 migration_service Invalid serial format: 
WARNING 2025-10-01 23:32:57,539 migration_service Invalid serial format: 
WARNING 2025-10-01 23:32:57,539 migration_service Invalid serial format: 
WARNING 2025-10-01 23:32:57,539 migration_service Invalid serial format: 
WARNING 2025-10-01 23:32:57,539 migration_service Invalid serial format: 
WARNING 2025-10-01 23:32:57,539 migration_service Invalid serial format: 
WARNING 2025-10-01 23:32:57,539 migration_service Invalid serial format: 
WARNING 2025-10-01 23:32:57,539 migration_service Invalid serial format: 
WARNING 2025-10-01 23:32:57,540 migration_service Invalid serial format: 
WARNING 2025-10-01 23:32:57,540 migration_service Invalid serial format: 
WARNING 2025-10-01 23:32:57,540 migration_service Invalid serial format: 
WARNING 2025-10-01 23:32:57,540 migration_service Invalid serial format: 
WARNING 2025-10-01 23:32:57,540 migration_service Invalid serial format: 
WARNING 2025-10-01 23:32:57,540 migration_service Invalid serial format: 
WARNING 2025-10-01 23:32:57,540 migration_service Invalid serial format: 
WARNING 2025-10-01 23:32:57,540 migration_service Invalid serial format: 
WARNING 2025-10-01 23:32:57,540 migration_service Invalid serial format: 
WARNING 2025-10-01 23:32:57,540 migration_service Invalid serial format: 
WARNING 2025-10-01 23:32:57,540 migration_service Invalid serial format: 
WARNING 2025-10-01 23:32:57,540 migration_service Invalid serial format: 
WARNING 2025-10-01 23:32:57,540 migration_service Invalid serial format: 
WARNING 2025-10-01 23:32:57,540 migration_service Invalid serial format: 
WARNING 2025-10-01 23:32:57,540 migration_service Invalid serial format: 
WARNING 2025-10-01 23:32:57,540 migration_service Invalid serial format: 
WARNING 2025-10-01 23:32:57,540 migration_service Invalid serial format: 
WARNING 2025-10-01 23:32:57,540 migration_service Invalid serial format: 
WARNING 2025-10-01 23:32:57,540 migration_service Invalid serial format: 
WARNING 2025-10-01 23:32:57,540 migration_service Invalid serial format: 
WARNING 2025-10-01 23:32:57,541 migration_service Invalid serial format: 
WARNING 2025-10-01 23:32:57,541 migration_service Invalid serial format: 
WARNING 2025-10-01 23:32:57,541 migration_service Invalid serial format: 
WARNING 2025-10-01 23:32:57,541 migration_service Invalid serial format: 
WARNING 2025-10-01 23:32:57,541 migration_service Invalid serial format: 
WARNING 2025-10-01 23:32:57,541 migration_service Invalid serial format: 
WARNING 2025-10-01 23:32:57,541 migration_service Invalid serial format: 
WARNING 2025-10-01 23:32:57,541 migration_service Invalid serial format: 
WARNING 2025-10-01 23:32:57,541 migration_service Invalid serial format: 
WARNING 2025-10-01 23:32:57,541 migration_service Invalid serial format: 
WARNING 2025-10-01 23:32:57,541 migration_service Invalid serial format: 
WARNING 2025-10-01 23:32:57,541 migration_service Invalid serial format: 
WARNING 2025-10-01 23:32:57,541 migration_service Invalid serial format: 
WARNING 2025-10-01 23:32:57,541 migration_service Invalid serial format: 
WARNING 2025-10-01 23:32:57,541 migration_service Invalid serial format: 
WARNING 2025-10-01 23:32:57,541 migration_service Invalid serial format: 
WARNING 2025-10-01 23:32:57,541 migration_service Invalid serial format: 
WARNING 2025-10-01 23:32:57,542 migration_service Invalid serial format: 
WARNING 2025-10-01 23:32:57,542 migration_service Invalid serial format: 
WARNING 2025-10-01 23:32:57,542 migration_service Invalid serial format: 
WARNING 2025-10-01 23:32:57,542 migration_service Invalid serial format: 
WARNING 2025-10-01 23:32:57,542 migration_service Invalid serial format: 
WARNING 2025-10-01 23:32:57,542 migration_service Invalid serial format: 
WARNING 2025-10-01 23:32:57,542 migration_service Invalid serial format: 
WARNING 2025-10-01 23:32:57,542 migration_service Invalid serial format: 
WARNING 2025-10-01 23:32:57,542 migration_service Invalid serial format: 
WARNING 2025-10-01 23:32:57,542 migration_service Invalid serial format: 
WARNING 2025-10-01 23:32:57,542 migration_service Invalid serial format: 
WARNING 2025-10-01 23:32:57,542 migration_service Invalid serial format: 
WARNING 2025-10-01 23:32:57,542 migration_service Invalid serial format: 
WARNING 2025-10-01 23:32:57,542 migration_service Invalid serial format: 
WARNING 2025-10-01 23:32:57,543 migration_service Invalid serial format: 
WARNING 2025-10-01 23:32:57,543 migration_service Invalid serial format: 
WARNING 2025-10-01 23:32:57,543 migration_service Invalid serial format: 
WARNING 2025-10-01 23:32:57,543 migration_service Invalid serial format: 
WARNING 2025-10-01 23:32:57,543 migration_service Invalid serial format: 
WARNING 2025-10-01 23:32:57,543 migration_service Invalid serial format: 
WARNING 2025-10-01 23:32:57,543 migration_service Invalid serial format: 
WARNING 2025-10-01 23:32:57,543 migration_service Invalid serial format: 
WARNING 2025-10-01 23:32:57,543 migration_service Invalid serial format: 
WARNING 2025-10-01 23:32:57,543 migration_service Invalid serial format: 
WARNING 2025-10-01 23:32:57,543 migration_service Invalid serial format: 
WARNING 2025-10-01 23:32:57,543 migration_service Invalid serial format: 
WARNING 2025-10-01 23:32:57,543 migration_service Invalid serial format: 
WARNING 2025-10-01 23:32:57,543 migration_service Invalid serial format: 
WARNING 2025-10-01 23:32:57,544 migration_service Invalid serial format: 
WARNING 2025-10-01 23:32:57,544 migration_service Invalid serial format: 
WARNING 2025-10-01 23:32:57,544 migration_service Invalid serial format: 
WARNING 2025-10-01 23:32:57,544 migration_service Invalid serial format: 
WARNING 2025-10-01 23:32:57,544 migration_service Invalid serial format: 
WARNING 2025-10-01 23:32:57,544 migration_service Invalid serial format: 
WARNING 2025-10-01 23:32:57,544 migration_service Invalid serial format: 
WARNING 2025-10-01 23:32:57,544 migration_service Invalid serial format: 
WARNING 2025-10-01 23:32:57,544 migration_service Invalid serial format: 
WARNING 2025-10-01 23:32:57,544 migration_service Invalid serial format: 
WARNING 2025-10-01 23:32:57,544 migration_service Invalid serial format: 
WARNING 2025-10-01 23:32:57,544 migration_service Invalid serial format: 
WARNING 2025-10-01 23:32:57,545 migration_service Invalid serial format: 
WARNING 2025-10-01 23:32:57,545 migration_service Invalid serial format: 
WARNING 2025-10-01 23:32:57,545 migration_service Invalid serial format: 
WARNING 2025-10-01 23:32:57,545 migration_service Invalid serial format: 
WARNING 2025-10-01 23:32:57,545 migration_service Invalid serial format: 
WARNING 2025-10-01 23:32:57,545 migration_service Invalid serial format: 
WARNING 2025-10-01 23:32:57,545 migration_service Invalid serial format: 
WARNING 2025-10-01 23:32:57,545 migration_service Invalid serial format: 
WARNING 2025-10-01 23:32:57,545 migration_service Invalid serial format: 
WARNING 2025-10-01 23:32:57,545 migration_service Invalid serial format: 
WARNING 2025-10-01 23:32:57,545 migration_service Invalid serial format: 
WARNING 2025-10-01 23:32:57,545 migration_service Invalid serial format: 
WARNING 2025-10-01 23:32:57,545 migration_service Invalid serial format: 
WARNING 2025-10-01 23:32:57,545 migration_service Invalid serial format: 
WARNING 2025-10-01 23:32:57,546 migration_service Invalid serial format: 
WARNING 2025-10-01 23:32:57,546 migration_service Invalid serial format: 
WARNING 2025-10-01 23:32:57,546 migration_service Invalid serial format: 
WARNING 2025-10-01 23:32:57,546 migration_service Invalid serial format: 
WARNING 2025-10-01 23:32:57,546 migration_service Invalid serial format: 
WARNING 2025-10-01 23:32:57,546 migration_service Invalid serial format: 
WARNING 2025-10-01 23:32:57,546 migration_service Invalid serial format: 
WARNING 2025-10-01 23:32:57,546 migration_service Invalid serial format: 
WARNING 2025-10-01 23:32:57,546 migration_service Invalid serial format: 
WARNING 2025-10-01 23:32:57,546 migration_service Invalid serial format: 
WARNING 2025-10-01 23:32:57,547 migration_service Invalid serial format: 
WARNING 2025-10-01 23:32:57,547 migration_service Invalid serial format: 
WARNING 2025-10-01 23:32:57,547 migration_service Invalid serial format: 
WARNING 2025-10-01 23:32:57,547 migration_service Invalid serial format: 
WARNING 2025-10-01 23:32:57,547 migration_service Invalid serial format: 
WARNING 2025-10-01 23:32:57,547 migration_service Invalid serial format: 
WARNING 2025-10-01 23:32:57,547 migration_service Invalid serial format: 
WARNING 2025-10-01 23:32:57,547 migration_service Invalid serial format: 
WARNING 2025-10-01 23:32:57,547 migration_service Invalid serial format: 
WARNING 2025-10-01 23:32:57,547 migration_service Invalid serial format: 
WARNING 2025-10-01 23:32:57,547 migration_service Invalid serial format: 
WARNING 2025-10-01 23:32:57,548 migration_service Invalid serial format: 
WARNING 2025-10-01 23:32:57,548 migration_service Invalid serial format: 
WARNING 2025-10-01 23:32:57,548 migration_service Invalid serial format: 
WARNING 2025-10-01 23:32:57,548 migration_service Invalid serial format: 
WARNING 2025-10-01 23:32:57,548 migration_service Invalid serial format: 
WARNING 2025-10-01 23:32:57,548 migration_service Invalid serial format: 
WARNING 2025-10-01 23:32:57,548 migration_service Invalid serial format: 
WARNING 2025-10-01 23:32:57,548 migration_service Invalid serial format: 
WARNING 2025-10-01 23:32:57,548 migration_service Invalid serial format: 
WARNING 2025-10-01 23:32:57,548 migration_service Invalid serial format: 
WARNING 2025-10-01 23:32:57,548 migration_service Invalid serial format: 
WARNING 2025-10-01 23:32:57,548 migration_service Invalid serial format: 
WARNING 2025-10-01 23:32:57,548 migration_service Invalid serial format: 
WARNING 2025-10-01 23:32:57,548 migration_service Invalid serial format: 
WARNING 2025-10-01 23:32:57,548 migration_service Invalid serial format: 
WARNING 2025-10-01 23:32:57,548 migration_service Invalid serial format: 
WARNING 2025-10-01 23:32:57,549 migration_service Invalid serial format: 
WARNING 2025-10-01 23:32:57,549 migration_service Invalid serial format: 
WARNING 2025-10-01 23:32:57,549 migration_service Invalid serial format: 
WARNING 2025-10-01 23:32:57,549 migration_service Invalid serial format: 
WARNING 2025-10-01 23:32:57,549 migration_service Invalid serial format: 
WARNING 2025-10-01 23:32:57,549 migration_service Invalid serial format: 
WARNING 2025-10-01 23:32:57,549 migration_service Invalid serial format: 
WARNING 2025-10-01 23:32:57,549 migration_service Invalid serial format: 
WARNING 2025-10-01 23:32:57,549 migration_service Invalid serial format: 
WARNING 2025-10-01 23:32:57,549 migration_service Invalid serial format: 
WARNING 2025-10-01 23:32:57,549 migration_service Invalid serial format: 
WARNING 2025-10-01 23:32:57,549 migration_service Invalid serial format: 
WARNING 2025-10-01 23:32:57,549 migration_service Invalid serial format: 
WARNING 2025-10-01 23:32:57,549 migration_service Invalid serial format: 
WARNING 2025-10-01 23:32:57,549 migration_service Invalid serial format: 
WARNING 2025-10-01 23:32:57,549 migration_service Invalid serial format: 
WARNING 2025-10-01 23:32:57,549 migration_service Invalid serial format: 
WARNING 2025-10-01 23:32:57,549 migration_service Invalid serial format: 
WARNING 2025-10-01 23:32:57,550 migration_service Invalid serial format: 
WARNING 2025-10-01 23:32:57,892 migration_service Invalid serial format: 
WARNING 2025-10-01 23:32:57,893 migration_service Invalid serial format: 
WARNING 2025-10-01 23:32:57,893 migration_service Invalid serial format: 
WARNING 2025-10-01 23:32:57,893 migration_service Invalid serial format: 
WARNING 2025-10-01 23:32:57,893 migration_service Invalid serial format: 
WARNING 2025-10-01 23:32:57,894 migration_service Invalid serial format: 
WARNING 2025-10-01 23:32:57,894 migration_service Invalid serial format: 
WARNING 2025-10-01 23:32:57,894 migration_service Invalid serial format: 
WARNING 2025-10-01 23:32:57,894 migration_service Invalid serial format: 
WARNING 2025-10-01 23:32:57,894 migration_service Invalid serial format: 
WARNING 2025-10-01 23:32:57,894 migration_service Invalid serial format: 
WARNING 2025-10-01 23:32:57,894 migration_service Invalid serial format: 
WARNING 2025-10-01 23:32:57,894 migration_service Invalid serial format: 
WARNING 2025-10-01 23:32:57,894 migration_service Invalid serial format: 
WARNING 2025-10-01 23:32:57,895 migration_service Invalid serial format: 
WARNING 2025-10-01 23:32:57,895 migration_service Invalid serial format: 
WARNING 2025-10-01 23:32:57,895 migration_service Invalid serial format: 
WARNING 2025-10-01 23:32:57,895 migration_service Invalid serial format: 
WARNING 2025-10-01 23:32:57,895 migration_service Invalid serial format: 
WARNING 2025-10-01 23:32:57,895 migration_service Invalid serial format: 
WARNING 2025-10-01 23:32:57,895 migration_service Invalid serial format: 
WARNING 2025-10-01 23:32:57,895 migration_service Invalid serial format: 
WARNING 2025-10-01 23:32:57,895 migration_service Invalid serial format: 
WARNING 2025-10-01 23:32:57,896 migration_service Invalid serial format: 
WARNING 2025-10-01 23:32:57,896 migration_service Invalid serial format: 
WARNING 2025-10-01 23:32:57,896 migration_service Invalid serial format: 
WARNING 2025-10-01 23:32:57,896 migration_service Invalid serial format: 
WARNING 2025-10-01 23:32:57,896 migration_service Invalid serial format: 
WARNING 2025-10-01 23:32:57,897 migration_service Invalid serial format: 
WARNING 2025-10-01 23:32:57,897 migration_service Invalid serial format: 
WARNING 2025-10-01 23:32:57,897 migration_service Invalid serial format: 
WARNING 2025-10-01 23:32:57,897 migration_service Invalid serial format: 
WARNING 2025-10-01 23:32:57,897 migration_service Invalid serial format: 
WARNING 2025-10-01 23:32:57,897 migration_service Invalid serial format: 
WARNING 2025-10-01 23:32:57,897 migration_service Invalid serial format: 
WARNING 2025-10-01 23:32:57,898 migration_service Invalid serial format: 
WARNING 2025-10-01 23:32:57,898 migration_service Invalid serial format: 
WARNING 2025-10-01 23:32:57,898 migration_service Invalid serial format: 
WARNING 2025-10-01 23:32:57,898 migration_service Invalid serial format: 
WARNING 2025-10-01 23:32:57,898 migration_service Invalid serial format: 
WARNING 2025-10-01 23:32:57,898 migration_service Invalid serial format: 
WARNING 2025-10-01 23:32:57,898 migration_service Invalid serial format: 
WARNING 2025-10-01 23:32:57,898 migration_service Invalid serial format: 
WARNING 2025-10-01 23:32:57,898 migration_service Invalid serial format: 
WARNING 2025-10-01 23:32:57,898 migration_service Invalid serial format: 
WARNING 2025-10-01 23:32:57,898 migration_service Invalid serial format: 
WARNING 2025-10-01 23:32:57,899 migration_service Invalid serial format: 
WARNING 2025-10-01 23:32:57,899 migration_service Invalid serial format: 
WARNING 2025-10-01 23:32:57,899 migration_service Invalid serial format: 
WARNING 2025-10-01 23:32:57,899 migration_service Invalid serial format: 
WARNING 2025-10-01 23:32:57,899 migration_service Invalid serial format: 
WARNING 2025-10-01 23:32:57,899 migration_service Invalid serial format: 
WARNING 2025-10-01 23:32:57,899 migration_service Invalid serial format: 
WARNING 2025-10-01 23:32:57,899 migration_service Invalid serial format: 
WARNING 2025-10-01 23:32:57,899 migration_service Invalid serial format: 
WARNING 2025-10-01 23:32:57,899 migration_service Invalid serial format: 
WARNING 2025-10-01 23:32:57,899 migration_service Invalid serial format: 
WARNING 2025-10-01 23:32:57,900 migration_service Invalid serial format: 
WARNING 2025-10-01 23:32:57,900 migration_service Invalid serial format: 
WARNING 2025-10-01 23:32:57,900 migration_service Invalid serial format: 
WARNING 2025-10-01 23:32:57,900 migration_service Invalid serial format: 
WARNING 2025-10-01 23:32:57,900 migration_service Invalid serial format: 
WARNING 2025-10-01 23:32:57,900 migration_service Invalid serial format: 
WARNING 2025-10-01 23:32:57,900 migration_service Invalid serial format: 
WARNING 2025-10-01 23:32:57,900 migration_service Invalid serial format: 
WARNING 2025-10-01 23:32:57,900 migration_service Invalid serial format: 
WARNING 2025-10-01 23:32:57,900 migration_service Invalid serial format: 
WARNING 2025-10-01 23:32:57,900 migration_service Invalid serial format: 
WARNING 2025-10-01 23:32:57,901 migration_service Invalid serial format: 
WARNING 2025-10-01 23:32:57,901 migration_service Invalid serial format: 
WARNING 2025-10-01 23:32:57,901 migration_service Invalid serial format: 
WARNING 2025-10-01 23:32:57,901 migration_service Invalid serial format: 
WARNING 2025-10-01 23:32:57,901 migration_service Invalid serial format: 
WARNING 2025-10-01 23:32:57,901 migration_service Invalid serial format: 
WARNING 2025-10-01 23:32:57,901 migration_service Invalid serial format: 
WARNING 2025-10-01 23:32:57,901 migration_service Invalid serial format: 
WARNING 2025-10-01 23:32:57,901 migration_service Invalid serial format: 
WARNING 2025-10-01 23:32:57,901 migration_service Invalid serial format: 
WARNING 2025-10-01 23:32:57,901 migration_service Invalid serial format: 
WARNING 2025-10-01 23:32:57,901 migration_service Invalid serial format: 
WARNING 2025-10-01 23:32:57,901 migration_service Invalid serial format: 
WARNING 2025-10-01 23:32:57,901 migration_service Invalid serial format: 
WARNING 2025-10-01 23:32:57,902 migration_service Invalid serial format: 
WARNING 2025-10-01 23:32:57,902 migration_service Invalid serial format: 
WARNING 2025-10-01 23:32:57,902 migration_service Invalid serial format: 
WARNING 2025-10-01 23:32:57,902 migration_service Invalid serial format: 
WARNING 2025-10-01 23:32:57,902 migration_service Invalid serial format: 
WARNING 2025-10-01 23:32:57,902 migration_service Invalid serial format: 
WARNING 2025-10-01 23:32:57,902 migration_service Invalid serial format: 
WARNING 2025-10-01 23:32:57,902 migration_service Invalid serial format: 
WARNING 2025-10-01 23:32:57,902 migration_service Invalid serial format: 
WARNING 2025-10-01 23:32:57,902 migration_service Invalid serial format: 
WARNING 2025-10-01 23:32:57,902 migration_service Invalid serial format: 
WARNING 2025-10-01 23:32:57,903 migration_service Invalid serial format: 
WARNING 2025-10-01 23:32:57,903 migration_service Invalid serial format: 
WARNING 2025-10-01 23:32:57,903 migration_service Invalid serial format: 
WARNING 2025-10-01 23:32:57,903 migration_service Invalid serial format: 
WARNING 2025-10-01 23:32:57,903 migration_service Invalid serial format: 
WARNING 2025-10-01 23:32:57,903 migration_service Invalid serial format: 
WARNING 2025-10-01 23:32:57,904 migration_service Invalid serial format: 
WARNING 2025-10-01 23:32:57,905 migration_service Invalid serial format: 
WARNING 2025-10-01 23:32:57,905 migration_service Invalid serial format: 
WARNING 2025-10-01 23:32:57,905 migration_service Invalid serial format: 
WARNING 2025-10-01 23:32:57,905 migration_service Invalid serial format: 
WARNING 2025-10-01 23:32:57,905 migration_service Invalid serial format: 
WARNING 2025-10-01 23:32:57,905 migration_service Invalid serial format: 
WARNING 2025-10-01 23:32:57,906 migration_service Invalid serial format: 
WARNING 2025-10-01 23:32:57,906 migration_service Invalid serial format: 
WARNING 2025-10-01 23:32:57,906 migration_service Invalid serial format: 
WARNING 2025-10-01 23:32:57,906 migration_service Invalid serial format: 
WARNING 2025-10-01 23:32:57,906 migration_service Invalid serial format: 
WARNING 2025-10-01 23:32:57,906 migration_service Invalid serial format: 
WARNING 2025-10-01 23:32:57,906 migration_service Invalid serial format: 
WARNING 2025-10-01 23:32:57,906 migration_service Invalid serial format: 
WARNING 2025-10-01 23:32:57,907 migration_service Invalid serial format: 
WARNING 2025-10-01 23:32:57,907 migration_service Invalid serial format: 
WARNING 2025-10-01 23:32:57,907 migration_service Invalid serial format: 
WARNING 2025-10-01 23:32:57,907 migration_service Invalid serial format: 
WARNING 2025-10-01 23:32:57,907 migration_service Invalid serial format: 
WARNING 2025-10-01 23:32:57,908 migration_service Invalid serial format: 
WARNING 2025-10-01 23:32:57,908 migration_service Invalid serial format: 
WARNING 2025-10-01 23:32:57,908 migration_service Invalid serial format: 
WARNING 2025-10-01 23:32:57,908 migration_service Invalid serial format: 
WARNING 2025-10-01 23:32:57,908 migration_service Invalid serial format: 
WARNING 2025-10-01 23:32:57,909 migration_service Invalid serial format: 
WARNING 2025-10-01 23:32:57,909 migration_service Invalid serial format: 
WARNING 2025-10-01 23:32:57,909 migration_service Invalid serial format: 
WARNING 2025-10-01 23:32:57,909 migration_service Invalid serial format: 
WARNING 2025-10-01 23:32:57,909 migration_service Invalid serial format: 
WARNING 2025-10-01 23:32:57,909 migration_service Invalid serial format: 
WARNING 2025-10-01 23:32:57,909 migration_service Invalid serial format: 
WARNING 2025-10-01 23:32:57,909 migration_service Invalid serial format: 
WARNING 2025-10-01 23:32:57,910 migration_service Invalid serial format: 
WARNING 2025-10-01 23:32:57,910 migration_service Invalid serial format: 
WARNING 2025-10-01 23:32:57,910 migration_service Invalid serial format: 
WARNING 2025-10-01 23:32:57,910 migration_service Invalid serial format: 
WARNING 2025-10-01 23:32:57,910 migration_service Invalid serial format: 
WARNING 2025-10-01 23:32:57,910 migration_service Invalid serial format: 
WARNING 2025-10-01 23:32:57,910 migration_service Invalid serial format: 
WARNING 2025-10-01 23:32:57,910 migration_service Invalid serial format: 
WARNING 2025-10-01 23:32:57,911 migration_service Invalid serial format: 
WARNING 2025-10-01 23:32:57,911 migration_service Invalid serial format: 
WARNING 2025-10-01 23:32:57,911 migration_service Invalid serial format: 
WARNING 2025-10-01 23:32:57,911 migration_service Invalid serial format: 
WARNING 2025-10-01 23:32:57,911 migration_service Invalid serial format: 
WARNING 2025-10-01 23:32:57,911 migration_service Invalid serial format: 
WARNING 2025-10-01 23:32:57,911 migration_service Invalid serial format: 
WARNING 2025-10-01 23:32:57,911 migration_service Invalid serial format: 
WARNING 2025-10-01 23:32:57,912 migration_service Invalid serial format: 
WARNING 2025-10-01 23:32:57,912 migration_service Invalid serial format: 
WARNING 2025-10-01 23:32:57,912 migration_service Invalid serial format: 
WARNING 2025-10-01 23:32:57,912 migration_service Invalid serial format: 
WARNING 2025-10-01 23:32:57,912 migration_service Invalid serial format: 
WARNING 2025-10-01 23:32:57,912 migration_service Invalid serial format: 
WARNING 2025-10-01 23:32:57,912 migration_service Invalid serial format: 
WARNING 2025-10-01 23:32:57,912 migration_service Invalid serial format: 
WARNING 2025-10-01 23:32:57,912 migration_service Invalid serial format: 
WARNING 2025-10-01 23:32:57,912 migration_service Invalid serial format: 
WARNING 2025-10-01 23:32:57,912 migration_service Invalid serial format: 
WARNING 2025-10-01 23:32:57,912 migration_service Invalid serial format: 
WARNING 2025-10-01 23:32:57,912 migration_service Invalid serial format: 
WARNING 2025-10-01 23:32:57,912 migration_service Invalid serial format: 
WARNING 2025-10-01 23:32:57,912 migration_service Invalid serial format: 
WARNING 2025-10-01 23:32:57,912 migration_service Invalid serial format: 
WARNING 2025-10-01 23:32:57,913 migration_service Invalid serial format: 
WARNING 2025-10-01 23:32:57,913 migration_service Invalid serial format: 
WARNING 2025-10-01 23:32:57,913 migration_service Invalid serial format: 
WARNING 2025-10-01 23:32:57,913 migration_service Invalid serial format: 
WARNING 2025-10-01 23:32:57,913 migration_service Invalid serial format: 
WARNING 2025-10-01 23:32:57,913 migration_service Invalid serial format: 
WARNING 2025-10-01 23:32:57,913 migration_service Invalid serial format: 
WARNING 2025-10-01 23:32:57,913 migration_service Invalid serial format: 
WARNING 2025-10-01 23:32:57,913 migration_service Invalid serial format: 
WARNING 2025-10-01 23:32:57,913 migration_service Invalid serial format: 
WARNING 2025-10-01 23:32:57,913 migration_service Invalid serial format: 
WARNING 2025-10-01 23:32:57,913 migration_service Invalid serial format: 
WARNING 2025-10-01 23:32:57,913 migration_service Invalid serial format: 
WARNING 2025-10-01 23:32:57,913 migration_service Invalid serial format: 
WARNING 2025-10-01 23:32:57,914 migration_service Invalid serial format: 
WARNING 2025-10-01 23:32:57,914 migration_service Invalid serial format: 
WARNING 2025-10-01 23:32:57,914 migration_service Invalid serial format: 
WARNING 2025-10-01 23:32:57,914 migration_service Invalid serial format: 
WARNING 2025-10-01 23:32:57,914 migration_service Invalid serial format: 
WARNING 2025-10-01 23:32:57,914 migration_service Invalid serial format: 
WARNING 2025-10-01 23:32:57,914 migration_service Invalid serial format: 
WARNING 2025-10-01 23:32:57,914 migration_service Invalid serial format: 
WARNING 2025-10-01 23:32:57,914 migration_service Invalid serial format: 
WARNING 2025-10-01 23:32:57,914 migration_service Invalid serial format: 
WARNING 2025-10-01 23:32:57,914 migration_service Invalid serial format: 
WARNING 2025-10-01 23:32:57,914 migration_service Invalid serial format: 
WARNING 2025-10-01 23:32:57,914 migration_service Invalid serial format: 
WARNING 2025-10-01 23:32:57,914 migration_service Invalid serial format: 
WARNING 2025-10-01 23:32:57,914 migration_service Invalid serial format: 
WARNING 2025-10-01 23:32:57,914 migration_service Invalid serial format: 
WARNING 2025-10-01 23:32:57,914 migration_service Invalid serial format: 
WARNING 2025-10-01 23:32:57,915 migration_service Invalid serial format: 
WARNING 2025-10-01 23:32:57,915 migration_service Invalid serial format: 
WARNING 2025-10-01 23:32:57,915 migration_service Invalid serial format: 
WARNING 2025-10-01 23:32:57,915 migration_service Invalid serial format: 
WARNING 2025-10-01 23:32:57,915 migration_service Invalid serial format: 
WARNING 2025-10-01 23:32:57,915 migration_service Invalid serial format: 
WARNING 2025-10-01 23:32:57,915 migration_service Invalid serial format: 
WARNING 2025-10-01 23:32:57,915 migration_service Invalid serial format: 
WARNING 2025-10-01 23:32:57,915 migration_service Invalid serial format: 
WARNING 2025-10-01 23:32:57,915 migration_service Invalid serial format: 
WARNING 2025-10-01 23:32:57,915 migration_service Invalid serial format: 
WARNING 2025-10-01 23:32:57,915 migration_service Invalid serial format: 
WARNING 2025-10-01 23:32:57,916 migration_service Invalid serial format: 
WARNING 2025-10-01 23:32:57,916 migration_service Invalid serial format: 
WARNING 2025-10-01 23:32:57,916 migration_service Invalid serial format: 
WARNING 2025-10-01 23:32:57,916 migration_service Invalid serial format: 
WARNING 2025-10-01 23:32:57,916 migration_service Invalid serial format: 
WARNING 2025-10-01 23:32:57,916 migration_service Invalid serial format: 
WARNING 2025-10-01 23:32:57,916 migration_service Invalid serial format: 
WARNING 2025-10-01 23:32:57,917 migration_service Invalid serial format: 
WARNING 2025-10-01 23:32:57,918 migration_service Invalid serial format: 
WARNING 2025-10-01 23:32:57,918 migration_service Invalid serial format: 
WARNING 2025-10-01 23:32:57,918 migration_service Invalid serial format: 
WARNING 2025-10-01 23:32:57,918 migration_service Invalid serial format: 
WARNING 2025-10-01 23:32:57,918 migration_service Invalid serial format: 
WARNING 2025-10-01 23:32:57,918 migration_service Invalid serial format: 
WARNING 2025-10-01 23:32:57,918 migration_service Invalid serial format: 
WARNING 2025-10-01 23:32:57,918 migration_service Invalid serial format: 
WARNING 2025-10-01 23:32:57,918 migration_service Invalid serial format: 
WARNING 2025-10-01 23:32:57,919 migration_service Invalid serial format: 
WARNING 2025-10-01 23:32:57,919 migration_service Invalid serial format: 
WARNING 2025-10-01 23:32:57,919 migration_service Invalid serial format: 
WARNING 2025-10-01 23:32:57,919 migration_service Invalid serial format: 
WARNING 2025-10-01 23:32:57,919 migration_service Invalid serial format: 
WARNING 2025-10-01 23:32:57,919 migration_service Invalid serial format: 
WARNING 2025-10-01 23:32:57,920 migration_service Invalid serial format: 
WARNING 2025-10-01 23:32:57,920 migration_service Invalid serial format: 
WARNING 2025-10-01 23:32:57,920 migration_service Invalid serial format: 
WARNING 2025-10-01 23:32:57,920 migration_service Invalid serial format: 
WARNING 2025-10-01 23:32:57,920 migration_service Invalid serial format: 
WARNING 2025-10-01 23:32:57,920 migration_service Invalid serial format: 
WARNING 2025-10-01 23:32:57,920 migration_service Invalid serial format: 
WARNING 2025-10-01 23:32:57,921 migration_service Invalid serial format: 
WARNING 2025-10-01 23:32:57,921 migration_service Invalid serial format: 
WARNING 2025-10-01 23:32:57,921 migration_service Invalid serial format: 
WARNING 2025-10-01 23:32:57,921 migration_service Invalid serial format: 
WARNING 2025-10-01 23:32:57,921 migration_service Invalid serial format: 
WARNING 2025-10-01 23:32:57,922 migration_service Invalid serial format: 
WARNING 2025-10-01 23:32:57,922 migration_service Invalid serial format: 
WARNING 2025-10-01 23:32:57,922 migration_service Invalid serial format: 
WARNING 2025-10-01 23:32:57,922 migration_service Invalid serial format: 
WARNING 2025-10-01 23:32:57,922 migration_service Invalid serial format: 
WARNING 2025-10-01 23:32:57,922 migration_service Invalid serial format: 
WARNING 2025-10-01 23:32:57,923 migration_service Invalid serial format: 
WARNING 2025-10-01 23:32:57,923 migration_service Invalid serial format: 
WARNING 2025-10-01 23:32:57,923 migration_service Invalid serial format: 
WARNING 2025-10-01 23:32:57,923 migration_service Invalid serial format: 
WARNING 2025-10-01 23:32:57,923 migration_service Invalid serial format: 
WARNING 2025-10-01 23:32:57,923 migration_service Invalid serial format: 
WARNING 2025-10-01 23:32:57,924 migration_service Invalid serial format: 
WARNING 2025-10-01 23:32:57,924 migration_service Invalid serial format: 
WARNING 2025-10-01 23:32:57,924 migration_service Invalid serial format: 
WARNING 2025-10-01 23:32:57,924 migration_service Invalid serial format: 
WARNING 2025-10-01 23:32:57,924 migration_service Invalid serial format: 
WARNING 2025-10-01 23:32:57,924 migration_service Invalid serial format: 
WARNING 2025-10-01 23:32:57,924 migration_service Invalid serial format: 
WARNING 2025-10-01 23:32:57,924 migration_service Invalid serial format: 
WARNING 2025-10-01 23:32:57,924 migration_service Invalid serial format: 
WARNING 2025-10-01 23:32:57,925 migration_service Invalid serial format: 
WARNING 2025-10-01 23:32:57,925 migration_service Invalid serial format: 
WARNING 2025-10-01 23:32:57,925 migration_service Invalid serial format: 
WARNING 2025-10-01 23:32:57,925 migration_service Invalid serial format: 
WARNING 2025-10-01 23:32:57,925 migration_service Invalid serial format: 
WARNING 2025-10-01 23:32:57,925 migration_service Invalid serial format: 
WARNING 2025-10-01 23:32:57,925 migration_service Invalid serial format: 
WARNING 2025-10-01 23:32:57,925 migration_service Invalid serial format: 
WARNING 2025-10-01 23:32:57,926 migration_service Invalid serial format: 
WARNING 2025-10-01 23:32:57,926 migration_service Invalid serial format: 
WARNING 2025-10-01 23:32:57,930 migration_service Invalid serial format: 
WARNING 2025-10-01 23:32:57,931 migration_service Invalid serial format: 
WARNING 2025-10-01 23:32:57,931 migration_service Invalid serial format: 
WARNING 2025-10-01 23:32:57,931 migration_service Invalid serial format: 
WARNING 2025-10-01 23:32:57,931 migration_service Invalid serial format: 
WARNING 2025-10-01 23:32:57,931 migration_service Invalid serial format: 
WARNING 2025-10-01 23:32:57,931 migration_service Invalid serial format: 
WARNING 2025-10-01 23:32:57,931 migration_service Invalid serial format: 
WARNING 2025-10-01 23:32:57,931 migration_service Invalid serial format: 
WARNING 2025-10-01 23:32:57,932 migration_service Invalid serial format: 
WARNING 2025-10-01 23:32:57,932 migration_service Invalid serial format: 
WARNING 2025-10-01 23:32:57,932 migration_service Invalid serial format: 
WARNING 2025-10-01 23:32:57,932 migration_service Invalid serial format: 
WARNING 2025-10-01 23:32:57,933 migration_service Invalid serial format: 
WARNING 2025-10-01 23:32:57,933 migration_service Invalid serial format: 
WARNING 2025-10-01 23:32:57,933 migration_service Invalid serial format: 
WARNING 2025-10-01 23:32:57,933 migration_service Invalid serial format: 
WARNING 2025-10-01 23:32:57,934 migration_service Invalid serial format: 
WARNING 2025-10-01 23:32:57,934 migration_service Invalid serial format: 
WARNING 2025-10-01 23:32:57,934 migration_service Invalid serial format: 
WARNING 2025-10-01 23:32:57,934 migration_service Invalid serial format: 
WARNING 2025-10-01 23:32:57,934 migration_service Invalid serial format: 
WARNING 2025-10-01 23:32:57,934 migration_service Invalid serial format: 
WARNING 2025-10-01 23:32:57,934 migration_service Invalid serial format: 
WARNING 2025-10-01 23:32:57,934 migration_service Invalid serial format: 
WARNING 2025-10-01 23:32:57,934 migration_service Invalid serial format: 
WARNING 2025-10-01 23:32:57,934 migration_service Invalid serial format: 
WARNING 2025-10-01 23:32:57,934 migration_service Invalid serial format: 
WARNING 2025-10-01 23:32:57,935 migration_service Invalid serial format: 
WARNING 2025-10-01 23:32:57,935 migration_service Invalid serial format: 
WARNING 2025-10-01 23:32:57,935 migration_service Invalid serial format: 
WARNING 2025-10-01 23:32:57,935 migration_service Invalid serial format: 
WARNING 2025-10-01 23:32:57,935 migration_service Invalid serial format: 
WARNING 2025-10-01 23:32:57,935 migration_service Invalid serial format: 
WARNING 2025-10-01 23:32:57,935 migration_service Invalid serial format: 
WARNING 2025-10-01 23:32:57,935 migration_service Invalid serial format: 
WARNING 2025-10-01 23:32:57,935 migration_service Invalid serial format: 
WARNING 2025-10-01 23:32:57,935 migration_service Invalid serial format: 
WARNING 2025-10-01 23:32:57,936 migration_service Invalid serial format: 
WARNING 2025-10-01 23:32:57,936 migration_service Invalid serial format: 
WARNING 2025-10-01 23:32:57,936 migration_service Invalid serial format: 
WARNING 2025-10-01 23:32:57,936 migration_service Invalid serial format: 
WARNING 2025-10-01 23:32:57,936 migration_service Invalid serial format: 
WARNING 2025-10-01 23:32:57,936 migration_service Invalid serial format: 
WARNING 2025-10-01 23:32:57,936 migration_service Invalid serial format: 
WARNING 2025-10-01 23:32:57,936 migration_service Invalid serial format: 
WARNING 2025-10-01 23:32:57,936 migration_service Invalid serial format: 
WARNING 2025-10-01 23:32:57,936 migration_service Invalid serial format: 
WARNING 2025-10-01 23:32:57,936 migration_service Invalid serial format: 
WARNING 2025-10-01 23:32:57,937 migration_service Invalid serial format: 
WARNING 2025-10-01 23:32:57,937 migration_service Invalid serial format: 
WARNING 2025-10-01 23:32:57,937 migration_service Invalid serial format: 
WARNING 2025-10-01 23:32:57,937 migration_service Invalid serial format: 
WARNING 2025-10-01 23:32:57,937 migration_service Invalid serial format: 
WARNING 2025-10-01 23:32:57,937 migration_service Invalid serial format: 
WARNING 2025-10-01 23:32:57,937 migration_service Invalid serial format: 
WARNING 2025-10-01 23:32:57,937 migration_service Invalid serial format: 
WARNING 2025-10-01 23:32:57,937 migration_service Invalid serial format: 
WARNING 2025-10-01 23:32:57,937 migration_service Invalid serial format: 
WARNING 2025-10-01 23:32:57,937 migration_service Invalid serial format: 
WARNING 2025-10-01 23:32:57,938 migration_service Invalid serial format: 
WARNING 2025-10-01 23:32:57,938 migration_service Invalid serial format: 
WARNING 2025-10-01 23:32:57,938 migration_service Invalid serial format: 
WARNING 2025-10-01 23:32:58,048 migration_service Invalid serial format: 
WARNING 2025-10-01 23:32:58,065 migration_service Invalid serial format: 
WARNING 2025-10-01 23:32:58,238 migration_service Invalid serial format: 
WARNING 2025-10-01 23:32:58,277 migration_service Invalid serial format: 
WARNING 2025-10-01 23:32:58,277 migration_service Invalid serial format: 
WARNING 2025-10-01 23:32:58,278 migration_service Invalid serial format: 
WARNING 2025-10-01 23:32:58,278 migration_service Invalid serial format: 
WARNING 2025-10-01 23:32:58,278 migration_service Invalid serial format: 
WARNING 2025-10-01 23:32:58,278 migration_service Invalid serial format: 
WARNING 2025-10-01 23:32:58,278 migration_service Invalid serial format: 
WARNING 2025-10-01 23:32:58,278 migration_service Invalid serial format: 
WARNING 2025-10-01 23:32:58,278 migration_service Invalid serial format: 
WARNING 2025-10-01 23:32:58,278 migration_service Invalid serial format: 
WARNING 2025-10-01 23:32:58,279 migration_service Invalid serial format: 
WARNING 2025-10-01 23:32:58,279 migration_service Invalid serial format: 
WARNING 2025-10-01 23:32:58,279 migration_service Invalid serial format: 
WARNING 2025-10-01 23:32:58,279 migration_service Invalid serial format: 
WARNING 2025-10-01 23:32:58,279 migration_service Invalid serial format: 
WARNING 2025-10-01 23:32:58,279 migration_service Invalid serial format: 
WARNING 2025-10-01 23:32:58,279 migration_service Invalid serial format: 
WARNING 2025-10-01 23:32:58,279 migration_service Invalid serial format: 
WARNING 2025-10-01 23:32:58,279 migration_service Invalid serial format: 
WARNING 2025-10-01 23:32:58,279 migration_service Invalid serial format: 
WARNING 2025-10-01 23:32:58,280 migration_service Invalid serial format: 
WARNING 2025-10-01 23:32:58,280 migration_service Invalid serial format: 
WARNING 2025-10-01 23:32:58,280 migration_service Invalid serial format: 
WARNING 2025-10-01 23:32:58,280 migration_service Invalid serial format: 
WARNING 2025-10-01 23:32:58,280 migration_service Invalid serial format: 
WARNING 2025-10-01 23:32:58,280 migration_service Invalid serial format: 
WARNING 2025-10-01 23:32:58,280 migration_service Invalid serial format: 
WARNING 2025-10-01 23:32:58,280 migration_service Invalid serial format: 
WARNING 2025-10-01 23:32:58,280 migration_service Invalid serial format: 
WARNING 2025-10-01 23:32:58,280 migration_service Invalid serial format: 
WARNING 2025-10-01 23:32:58,281 migration_service Invalid serial format: 
WARNING 2025-10-01 23:32:58,281 migration_service Invalid serial format: 
WARNING 2025-10-01 23:32:58,281 migration_service Invalid serial format: 
WARNING 2025-10-01 23:32:58,281 migration_service Invalid serial format: 
WARNING 2025-10-01 23:32:58,281 migration_service Invalid serial format: 
WARNING 2025-10-01 23:32:58,281 migration_service Invalid serial format: 
WARNING 2025-10-01 23:32:58,281 migration_service Invalid serial format: 
WARNING 2025-10-01 23:32:58,281 migration_service Invalid serial format: 
WARNING 2025-10-01 23:32:58,281 migration_service Invalid serial format: 
WARNING 2025-10-01 23:32:58,281 migration_service Invalid serial format: 
WARNING 2025-10-01 23:32:58,281 migration_service Invalid serial format: 
WARNING 2025-10-01 23:32:58,282 migration_service Invalid serial format: 
WARNING 2025-10-01 23:32:58,350 migration_service Invalid serial format: R2-CH2-MBE-WB-AS10-357
WARNING 2025-10-01 23:32:58,403 migration_service Invalid serial format: 
WARNING 2025-10-01 23:32:58,403 migration_service Invalid serial format: 
WARNING 2025-10-01 23:32:58,403 migration_service Invalid serial format: 
WARNING 2025-10-01 23:32:58,403 migration_service Invalid serial format: 
WARNING 2025-10-01 23:32:58,403 migration_service Invalid serial format: 
WARNING 2025-10-01 23:32:58,403 migration_service Invalid serial format: 
WARNING 2025-10-01 23:32:58,404 migration_service Invalid serial format: 
WARNING 2025-10-01 23:32:58,404 migration_service Invalid serial format: 
WARNING 2025-10-01 23:32:58,404 migration_service Invalid serial format: 
WARNING 2025-10-01 23:32:58,404 migration_service Invalid serial format: 
WARNING 2025-10-01 23:32:58,404 migration_service Invalid serial format: 
WARNING 2025-10-01 23:32:58,404 migration_service Invalid serial format: 
WARNING 2025-10-01 23:32:58,404 migration_service Invalid serial format: 
WARNING 2025-10-01 23:32:58,404 migration_service Invalid serial format: 
WARNING 2025-10-01 23:32:58,404 migration_service Invalid serial format: 
WARNING 2025-10-01 23:32:58,404 migration_service Invalid serial format: 
WARNING 2025-10-01 23:32:58,404 migration_service Invalid serial format: 
WARNING 2025-10-01 23:32:58,405 migration_service Invalid serial format: 
WARNING 2025-10-01 23:32:58,405 migration_service Invalid serial format: 
WARNING 2025-10-01 23:32:58,405 migration_service Invalid serial format: 
WARNING 2025-10-01 23:32:58,405 migration_service Invalid serial format: 
WARNING 2025-10-01 23:32:58,405 migration_service Invalid serial format: 
WARNING 2025-10-01 23:32:58,405 migration_service Invalid serial format: 
WARNING 2025-10-01 23:32:58,405 migration_service Invalid serial format: 
WARNING 2025-10-01 23:32:58,405 migration_service Invalid serial format: 
WARNING 2025-10-01 23:32:58,406 migration_service Invalid serial format: 
WARNING 2025-10-01 23:32:58,406 migration_service Invalid serial format: 
WARNING 2025-10-01 23:32:58,406 migration_service Invalid serial format: 
WARNING 2025-10-01 23:32:58,406 migration_service Invalid serial format: 
WARNING 2025-10-01 23:32:58,406 migration_service Invalid serial format: 
WARNING 2025-10-01 23:32:58,406 migration_service Invalid serial format: 
WARNING 2025-10-01 23:32:58,406 migration_service Invalid serial format: 
WARNING 2025-10-01 23:32:58,406 migration_service Invalid serial format: 
WARNING 2025-10-01 23:32:58,407 migration_service Invalid serial format: 
WARNING 2025-10-01 23:32:58,407 migration_service Invalid serial format: 
WARNING 2025-10-01 23:32:58,407 migration_service Invalid serial format: 
WARNING 2025-10-01 23:32:58,407 migration_service Invalid serial format: 
WARNING 2025-10-01 23:32:58,407 migration_service Invalid serial format: 
WARNING 2025-10-01 23:32:58,408 migration_service Invalid serial format: 
WARNING 2025-10-01 23:32:58,408 migration_service Invalid serial format: 
WARNING 2025-10-01 23:32:58,408 migration_service Invalid serial format: 
WARNING 2025-10-01 23:32:58,408 migration_service Invalid serial format: 
WARNING 2025-10-01 23:32:58,408 migration_service Invalid serial format: 
WARNING 2025-10-01 23:32:58,408 migration_service Invalid serial format: 
WARNING 2025-10-01 23:32:58,408 migration_service Invalid serial format: 
WARNING 2025-10-01 23:32:58,408 migration_service Invalid serial format: 
WARNING 2025-10-01 23:32:58,408 migration_service Invalid serial format: 
WARNING 2025-10-01 23:32:58,409 migration_service Invalid serial format: 
WARNING 2025-10-01 23:32:58,409 migration_service Invalid serial format: 
WARNING 2025-10-01 23:32:58,409 migration_service Invalid serial format: 
WARNING 2025-10-01 23:32:58,409 migration_service Invalid serial format: 
WARNING 2025-10-01 23:32:58,409 migration_service Invalid serial format: 
WARNING 2025-10-01 23:32:58,409 migration_service Invalid serial format: 
WARNING 2025-10-01 23:32:58,409 migration_service Invalid serial format: 
WARNING 2025-10-01 23:32:58,409 migration_service Invalid serial format: 
WARNING 2025-10-01 23:32:58,409 migration_service Invalid serial format: 
WARNING 2025-10-01 23:32:58,409 migration_service Invalid serial format: 
WARNING 2025-10-01 23:32:58,409 migration_service Invalid serial format: 
WARNING 2025-10-01 23:32:58,409 migration_service Invalid serial format: 
WARNING 2025-10-01 23:32:58,409 migration_service Invalid serial format: 
WARNING 2025-10-01 23:32:58,410 migration_service Invalid serial format: 
WARNING 2025-10-01 23:32:58,410 migration_service Invalid serial format: 
WARNING 2025-10-01 23:32:58,410 migration_service Invalid serial format: 
WARNING 2025-10-01 23:32:58,410 migration_service Invalid serial format: 
WARNING 2025-10-01 23:32:58,410 migration_service Invalid serial format: 
WARNING 2025-10-01 23:32:58,410 migration_service Invalid serial format: 
WARNING 2025-10-01 23:32:58,410 migration_service Invalid serial format: 
WARNING 2025-10-01 23:32:58,410 migration_service Invalid serial format: 
WARNING 2025-10-01 23:32:58,410 migration_service Invalid serial format: 
WARNING 2025-10-01 23:32:58,410 migration_service Invalid serial format: 
WARNING 2025-10-01 23:32:58,410 migration_service Invalid serial format: 
WARNING 2025-10-01 23:32:58,410 migration_service Invalid serial format: 
WARNING 2025-10-01 23:32:58,411 migration_service Invalid serial format: 
WARNING 2025-10-01 23:32:58,411 migration_service Invalid serial format: 
WARNING 2025-10-01 23:32:58,411 migration_service Invalid serial format: 
WARNING 2025-10-01 23:32:58,411 migration_service Invalid serial format: 
WARNING 2025-10-01 23:32:58,411 migration_service Invalid serial format: 
WARNING 2025-10-01 23:32:58,411 migration_service Invalid serial format: 
WARNING 2025-10-01 23:32:58,411 migration_service Invalid serial format: 
WARNING 2025-10-01 23:32:58,411 migration_service Invalid serial format: 
WARNING 2025-10-01 23:32:58,411 migration_service Invalid serial format: 
WARNING 2025-10-01 23:32:58,411 migration_service Invalid serial format: 
WARNING 2025-10-01 23:32:58,411 migration_service Invalid serial format: 
WARNING 2025-10-01 23:32:58,411 migration_service Invalid serial format: 
WARNING 2025-10-01 23:32:58,411 migration_service Invalid serial format: 
WARNING 2025-10-01 23:32:58,412 migration_service Invalid serial format: 
WARNING 2025-10-01 23:32:58,412 migration_service Invalid serial format: 
WARNING 2025-10-01 23:32:58,412 migration_service Invalid serial format: 
WARNING 2025-10-01 23:32:58,412 migration_service Invalid serial format: 
WARNING 2025-10-01 23:32:58,412 migration_service Invalid serial format: 
WARNING 2025-10-01 23:32:58,412 migration_service Invalid serial format: 
WARNING 2025-10-01 23:32:58,412 migration_service Invalid serial format: 
WARNING 2025-10-01 23:32:58,412 migration_service Invalid serial format: 
WARNING 2025-10-01 23:32:58,412 migration_service Invalid serial format: 
WARNING 2025-10-01 23:32:58,412 migration_service Invalid serial format: 
WARNING 2025-10-01 23:32:58,412 migration_service Invalid serial format: 
WARNING 2025-10-01 23:32:58,412 migration_service Invalid serial format: 
WARNING 2025-10-01 23:32:58,412 migration_service Invalid serial format: 
WARNING 2025-10-01 23:32:58,412 migration_service Invalid serial format: 
WARNING 2025-10-01 23:32:58,413 migration_service Invalid serial format: 
WARNING 2025-10-01 23:32:58,413 migration_service Invalid serial format: 
WARNING 2025-10-01 23:32:58,413 migration_service Invalid serial format: 
WARNING 2025-10-01 23:32:58,413 migration_service Invalid serial format: 
WARNING 2025-10-01 23:32:58,413 migration_service Invalid serial format: 
WARNING 2025-10-01 23:32:58,413 migration_service Invalid serial format: 
WARNING 2025-10-01 23:32:58,413 migration_service Invalid serial format: 
WARNING 2025-10-01 23:32:58,413 migration_service Invalid serial format: 
WARNING 2025-10-01 23:32:58,413 migration_service Invalid serial format: 
WARNING 2025-10-01 23:32:58,413 migration_service Invalid serial format: 
WARNING 2025-10-01 23:32:58,413 migration_service Invalid serial format: 
WARNING 2025-10-01 23:32:58,413 migration_service Invalid serial format: 
WARNING 2025-10-01 23:32:58,413 migration_service Invalid serial format: 
WARNING 2025-10-01 23:32:58,414 migration_service Invalid serial format: 
WARNING 2025-10-01 23:32:58,414 migration_service Invalid serial format: 
WARNING 2025-10-01 23:32:58,414 migration_service Invalid serial format: 
WARNING 2025-10-01 23:32:58,414 migration_service Invalid serial format: 
WARNING 2025-10-01 23:32:58,414 migration_service Invalid serial format: 
WARNING 2025-10-01 23:32:58,414 migration_service Invalid serial format: 
WARNING 2025-10-01 23:32:58,414 migration_service Invalid serial format: 
WARNING 2025-10-01 23:32:58,414 migration_service Invalid serial format: 
WARNING 2025-10-01 23:32:58,414 migration_service Invalid serial format: 
WARNING 2025-10-01 23:32:58,414 migration_service Invalid serial format: 
WARNING 2025-10-01 23:32:58,414 migration_service Invalid serial format: 
WARNING 2025-10-01 23:32:58,414 migration_service Invalid serial format: 
WARNING 2025-10-01 23:32:58,414 migration_service Invalid serial format: 
WARNING 2025-10-01 23:32:58,415 migration_service Invalid serial format: 
WARNING 2025-10-01 23:32:58,415 migration_service Invalid serial format: 
WARNING 2025-10-01 23:32:58,415 migration_service Invalid serial format: 
WARNING 2025-10-01 23:32:58,415 migration_service Invalid serial format: 
WARNING 2025-10-01 23:32:58,415 migration_service Invalid serial format: 
WARNING 2025-10-01 23:32:58,415 migration_service Invalid serial format: 
WARNING 2025-10-01 23:32:58,415 migration_service Invalid serial format: 
WARNING 2025-10-01 23:32:58,415 migration_service Invalid serial format: 
WARNING 2025-10-01 23:32:58,415 migration_service Invalid serial format: 
WARNING 2025-10-01 23:32:58,415 migration_service Invalid serial format: 
WARNING 2025-10-01 23:32:58,415 migration_service Invalid serial format: 
WARNING 2025-10-01 23:32:58,415 migration_service Invalid serial format: 
WARNING 2025-10-01 23:32:58,415 migration_service Invalid serial format: 
WARNING 2025-10-01 23:32:58,415 migration_service Invalid serial format: 
WARNING 2025-10-01 23:32:58,416 migration_service Invalid serial format: 
WARNING 2025-10-01 23:32:58,416 migration_service Invalid serial format: 
WARNING 2025-10-01 23:32:58,416 migration_service Invalid serial format: 
WARNING 2025-10-01 23:32:58,416 migration_service Invalid serial format: 
WARNING 2025-10-01 23:32:58,416 migration_service Invalid serial format: 
WARNING 2025-10-01 23:32:58,416 migration_service Invalid serial format: 
WARNING 2025-10-01 23:32:58,416 migration_service Invalid serial format: 
WARNING 2025-10-01 23:32:58,416 migration_service Invalid serial format: 
WARNING 2025-10-01 23:32:58,416 migration_service Invalid serial format: 
WARNING 2025-10-01 23:32:58,416 migration_service Invalid serial format: 
WARNING 2025-10-01 23:32:58,416 migration_service Invalid serial format: 
WARNING 2025-10-01 23:32:58,416 migration_service Invalid serial format: 
WARNING 2025-10-01 23:32:58,418 migration_service Invalid serial format: 
WARNING 2025-10-01 23:32:58,418 migration_service Invalid serial format: 
WARNING 2025-10-01 23:32:58,418 migration_service Invalid serial format: 
WARNING 2025-10-01 23:32:58,418 migration_service Invalid serial format: 
WARNING 2025-10-01 23:32:58,418 migration_service Invalid serial format: 
WARNING 2025-10-01 23:32:58,419 migration_service Invalid serial format: 
WARNING 2025-10-01 23:32:58,419 migration_service Invalid serial format: 
WARNING 2025-10-01 23:32:58,419 migration_service Invalid serial format: 
WARNING 2025-10-01 23:32:58,419 migration_service Invalid serial format: 
WARNING 2025-10-01 23:32:58,419 migration_service Invalid serial format: 
WARNING 2025-10-01 23:32:58,419 migration_service Invalid serial format: 
WARNING 2025-10-01 23:32:58,419 migration_service Invalid serial format: 
WARNING 2025-10-01 23:32:58,419 migration_service Invalid serial format: 
WARNING 2025-10-01 23:32:58,419 migration_service Invalid serial format: 
WARNING 2025-10-01 23:32:58,419 migration_service Invalid serial format: 
WARNING 2025-10-01 23:32:58,419 migration_service Invalid serial format: 
WARNING 2025-10-01 23:32:58,419 migration_service Invalid serial format: 
WARNING 2025-10-01 23:32:58,419 migration_service Invalid serial format: 
WARNING 2025-10-01 23:32:58,420 migration_service Invalid serial format: 
WARNING 2025-10-01 23:32:58,420 migration_service Invalid serial format: 
WARNING 2025-10-01 23:32:58,420 migration_service Invalid serial format: 
WARNING 2025-10-01 23:32:58,420 migration_service Invalid serial format: 
WARNING 2025-10-01 23:32:58,420 migration_service Invalid serial format: 
WARNING 2025-10-01 23:32:58,420 migration_service Invalid serial format: 
WARNING 2025-10-01 23:32:58,420 migration_service Invalid serial format: 
WARNING 2025-10-01 23:32:58,420 migration_service Invalid serial format: 
WARNING 2025-10-01 23:32:58,420 migration_service Invalid serial format: 
WARNING 2025-10-01 23:32:58,420 migration_service Invalid serial format: 
WARNING 2025-10-01 23:32:58,420 migration_service Invalid serial format: 
WARNING 2025-10-01 23:32:58,420 migration_service Invalid serial format: 
WARNING 2025-10-01 23:32:58,420 migration_service Invalid serial format: 
WARNING 2025-10-01 23:32:58,420 migration_service Invalid serial format: 
WARNING 2025-10-01 23:32:58,421 migration_service Invalid serial format: 
WARNING 2025-10-01 23:32:58,421 migration_service Invalid serial format: 
WARNING 2025-10-01 23:32:58,421 migration_service Invalid serial format: 
WARNING 2025-10-01 23:32:58,421 migration_service Invalid serial format: 
WARNING 2025-10-01 23:32:58,421 migration_service Invalid serial format: 
WARNING 2025-10-01 23:32:58,421 migration_service Invalid serial format: 
WARNING 2025-10-01 23:32:58,421 migration_service Invalid serial format: 
WARNING 2025-10-01 23:32:58,421 migration_service Invalid serial format: 
WARNING 2025-10-01 23:32:58,421 migration_service Invalid serial format: 
WARNING 2025-10-01 23:32:58,421 migration_service Invalid serial format: 
WARNING 2025-10-01 23:32:58,421 migration_service Invalid serial format: 
WARNING 2025-10-01 23:32:58,421 migration_service Invalid serial format: 
WARNING 2025-10-01 23:32:58,421 migration_service Invalid serial format: 
WARNING 2025-10-01 23:32:58,421 migration_service Invalid serial format: 
WARNING 2025-10-01 23:32:58,422 migration_service Invalid serial format: 
WARNING 2025-10-01 23:32:58,422 migration_service Invalid serial format: 
WARNING 2025-10-01 23:32:58,422 migration_service Invalid serial format: 
WARNING 2025-10-01 23:32:58,422 migration_service Invalid serial format: 
WARNING 2025-10-01 23:32:58,422 migration_service Invalid serial format: 
WARNING 2025-10-01 23:32:58,422 migration_service Invalid serial format: 
WARNING 2025-10-01 23:32:58,422 migration_service Invalid serial format: 
WARNING 2025-10-01 23:32:58,422 migration_service Invalid serial format: 
WARNING 2025-10-01 23:32:58,422 migration_service Invalid serial format: 
WARNING 2025-10-01 23:32:58,422 migration_service Invalid serial format: 
WARNING 2025-10-01 23:32:58,422 migration_service Invalid serial format: 
WARNING 2025-10-01 23:32:58,422 migration_service Invalid serial format: 
WARNING 2025-10-01 23:32:58,422 migration_service Invalid serial format: 
WARNING 2025-10-01 23:32:58,422 migration_service Invalid serial format: 
WARNING 2025-10-01 23:32:58,422 migration_service Invalid serial format: 
WARNING 2025-10-01 23:32:58,422 migration_service Invalid serial format: 
WARNING 2025-10-01 23:32:58,423 migration_service Invalid serial format: 
WARNING 2025-10-01 23:32:58,423 migration_service Invalid serial format: 
WARNING 2025-10-01 23:32:58,423 migration_service Invalid serial format: 
WARNING 2025-10-01 23:32:58,423 migration_service Invalid serial format: 
WARNING 2025-10-01 23:32:58,423 migration_service Invalid serial format: 
WARNING 2025-10-01 23:32:58,423 migration_service Invalid serial format: 
WARNING 2025-10-01 23:32:58,423 migration_service Invalid serial format: 
WARNING 2025-10-01 23:32:58,423 migration_service Invalid serial format: 
WARNING 2025-10-01 23:32:58,423 migration_service Invalid serial format: 
WARNING 2025-10-01 23:32:58,423 migration_service Invalid serial format: 
WARNING 2025-10-01 23:32:58,423 migration_service Invalid serial format: 
WARNING 2025-10-01 23:32:58,423 migration_service Invalid serial format: 
WARNING 2025-10-01 23:32:58,423 migration_service Invalid serial format: 
WARNING 2025-10-01 23:32:58,423 migration_service Invalid serial format: 
WARNING 2025-10-01 23:32:58,424 migration_service Invalid serial format: 
WARNING 2025-10-01 23:32:58,424 migration_service Invalid serial format: 
WARNING 2025-10-01 23:32:58,424 migration_service Invalid serial format: 
WARNING 2025-10-01 23:32:58,424 migration_service Invalid serial format: 
WARNING 2025-10-01 23:32:58,424 migration_service Invalid serial format: 
WARNING 2025-10-01 23:32:58,424 migration_service Invalid serial format: 
WARNING 2025-10-01 23:32:58,424 migration_service Invalid serial format: 
WARNING 2025-10-01 23:32:58,424 migration_service Invalid serial format: 
WARNING 2025-10-01 23:32:58,424 migration_service Invalid serial format: 
WARNING 2025-10-01 23:32:58,424 migration_service Invalid serial format: 
WARNING 2025-10-01 23:32:58,424 migration_service Invalid serial format: 
WARNING 2025-10-01 23:32:58,424 migration_service Invalid serial format: 
WARNING 2025-10-01 23:32:58,424 migration_service Invalid serial format: 
WARNING 2025-10-01 23:32:58,424 migration_service Invalid serial format: 
WARNING 2025-10-01 23:32:58,425 migration_service Invalid serial format: 
WARNING 2025-10-01 23:32:58,425 migration_service Invalid serial format: 
WARNING 2025-10-01 23:32:58,425 migration_service Invalid serial format: 
WARNING 2025-10-01 23:32:58,425 migration_service Invalid serial format: 
WARNING 2025-10-01 23:32:58,425 migration_service Invalid serial format: 
WARNING 2025-10-01 23:32:58,461 migration_service Invalid serial format: 
WARNING 2025-10-01 23:32:58,461 migration_service Invalid serial format: 
WARNING 2025-10-01 23:32:58,461 migration_service Invalid serial format: 
WARNING 2025-10-01 23:32:58,461 migration_service Invalid serial format: 
WARNING 2025-10-01 23:32:58,461 migration_service Invalid serial format: 
WARNING 2025-10-01 23:32:58,461 migration_service Invalid serial format: 
WARNING 2025-10-01 23:32:58,462 migration_service Invalid serial format: 
WARNING 2025-10-01 23:32:58,462 migration_service Invalid serial format: 
WARNING 2025-10-01 23:32:58,462 migration_service Invalid serial format: 
WARNING 2025-10-01 23:32:58,462 migration_service Invalid serial format: 
WARNING 2025-10-01 23:32:58,462 migration_service Invalid serial format: 
WARNING 2025-10-01 23:32:58,462 migration_service Invalid serial format: 
WARNING 2025-10-01 23:32:58,462 migration_service Invalid serial format: 
WARNING 2025-10-01 23:32:58,462 migration_service Invalid serial format: 
WARNING 2025-10-01 23:32:58,462 migration_service Invalid serial format: 
WARNING 2025-10-01 23:32:58,462 migration_service Invalid serial format: 
WARNING 2025-10-01 23:32:58,464 migration_service Invalid serial format: 
WARNING 2025-10-01 23:32:58,464 migration_service Invalid serial format: 
WARNING 2025-10-01 23:32:58,464 migration_service Invalid serial format: 
WARNING 2025-10-01 23:32:58,464 migration_service Invalid serial format: 
WARNING 2025-10-01 23:32:58,464 migration_service Invalid serial format: 
WARNING 2025-10-01 23:32:58,465 migration_service Invalid serial format: 
WARNING 2025-10-01 23:32:58,465 migration_service Invalid serial format: 
WARNING 2025-10-01 23:32:58,465 migration_service Invalid serial format: 
WARNING 2025-10-01 23:32:58,465 migration_service Invalid serial format: 
WARNING 2025-10-01 23:32:58,465 migration_service Invalid serial format: 
WARNING 2025-10-01 23:32:58,465 migration_service Invalid serial format: 
WARNING 2025-10-01 23:32:58,465 migration_service Invalid serial format: 
WARNING 2025-10-01 23:32:58,465 migration_service Invalid serial format: 
WARNING 2025-10-01 23:32:58,465 migration_service Invalid serial format: 
WARNING 2025-10-01 23:32:58,466 migration_service Invalid serial format: 
WARNING 2025-10-01 23:32:58,466 migration_service Invalid serial format: 
WARNING 2025-10-01 23:32:58,466 migration_service Invalid serial format: 
WARNING 2025-10-01 23:32:58,466 migration_service Invalid serial format: 
WARNING 2025-10-01 23:32:58,466 migration_service Invalid serial format: 
WARNING 2025-10-01 23:32:58,466 migration_service Invalid serial format: 
WARNING 2025-10-01 23:32:58,466 migration_service Invalid serial format: 
WARNING 2025-10-01 23:32:58,466 migration_service Invalid serial format: 
WARNING 2025-10-01 23:32:58,467 migration_service Invalid serial format: 
WARNING 2025-10-01 23:32:58,467 migration_service Invalid serial format: 
WARNING 2025-10-01 23:32:58,467 migration_service Invalid serial format: 
WARNING 2025-10-01 23:32:58,467 migration_service Invalid serial format: 
WARNING 2025-10-01 23:32:58,467 migration_service Invalid serial format: 
WARNING 2025-10-01 23:32:58,467 migration_service Invalid serial format: 
WARNING 2025-10-01 23:32:58,467 migration_service Invalid serial format: 
WARNING 2025-10-01 23:32:58,467 migration_service Invalid serial format: 
WARNING 2025-10-01 23:32:58,467 migration_service Invalid serial format: 
WARNING 2025-10-01 23:32:58,467 migration_service Invalid serial format: 
WARNING 2025-10-01 23:32:58,468 migration_service Invalid serial format: 
WARNING 2025-10-01 23:32:58,468 migration_service Invalid serial format: 
WARNING 2025-10-01 23:32:58,468 migration_service Invalid serial format: 
WARNING 2025-10-01 23:32:58,468 migration_service Invalid serial format: 
WARNING 2025-10-01 23:32:58,468 migration_service Invalid serial format: 
WARNING 2025-10-01 23:32:58,468 migration_service Invalid serial format: 
WARNING 2025-10-01 23:32:58,468 migration_service Invalid serial format: 
WARNING 2025-10-01 23:32:58,468 migration_service Invalid serial format: 
WARNING 2025-10-01 23:32:58,468 migration_service Invalid serial format: 
WARNING 2025-10-01 23:32:58,468 migration_service Invalid serial format: 
WARNING 2025-10-01 23:32:58,485 migration_service Invalid serial format: 
WARNING 2025-10-01 23:32:58,485 migration_service Invalid serial format: 
WARNING 2025-10-01 23:32:58,485 migration_service Invalid serial format: 
WARNING 2025-10-01 23:32:58,485 migration_service Invalid serial format: 
WARNING 2025-10-01 23:32:58,485 migration_service Invalid serial format: 
WARNING 2025-10-01 23:32:58,485 migration_service Invalid serial format: 
WARNING 2025-10-01 23:32:58,485 migration_service Invalid serial format: 
WARNING 2025-10-01 23:32:58,485 migration_service Invalid serial format: 
WARNING 2025-10-01 23:32:58,485 migration_service Invalid serial format: 
WARNING 2025-10-01 23:32:58,486 migration_service Invalid serial format: 
WARNING 2025-10-01 23:32:58,486 migration_service Invalid serial format: 
WARNING 2025-10-01 23:32:58,486 migration_service Invalid serial format: 
WARNING 2025-10-01 23:32:58,486 migration_service Invalid serial format: 
WARNING 2025-10-01 23:32:58,486 migration_service Invalid serial format: 
WARNING 2025-10-01 23:32:58,486 migration_service Invalid serial format: 
WARNING 2025-10-01 23:32:58,486 migration_service Invalid serial format: 
WARNING 2025-10-01 23:32:58,486 migration_service Invalid serial format: 
WARNING 2025-10-01 23:32:58,486 migration_service Invalid serial format: 
WARNING 2025-10-01 23:32:58,486 migration_service Invalid serial format: 
WARNING 2025-10-01 23:32:58,486 migration_service Invalid serial format: 
WARNING 2025-10-01 23:32:58,486 migration_service Invalid serial format: 
WARNING 2025-10-01 23:32:58,486 migration_service Invalid serial format: 
WARNING 2025-10-01 23:32:58,487 migration_service Invalid serial format: 
WARNING 2025-10-01 23:32:58,487 migration_service Invalid serial format: 
WARNING 2025-10-01 23:32:58,487 migration_service Invalid serial format: 
WARNING 2025-10-01 23:32:58,487 migration_service Invalid serial format: 
WARNING 2025-10-01 23:32:58,487 migration_service Invalid serial format: 
WARNING 2025-10-01 23:32:58,487 migration_service Invalid serial format: 
WARNING 2025-10-01 23:32:58,487 migration_service Invalid serial format: 
WARNING 2025-10-01 23:32:58,487 migration_service Invalid serial format: 
WARNING 2025-10-01 23:32:58,487 migration_service Invalid serial format: 
WARNING 2025-10-01 23:32:58,487 migration_service Invalid serial format: 
WARNING 2025-10-01 23:32:58,488 migration_service Invalid serial format: 
WARNING 2025-10-01 23:32:58,488 migration_service Invalid serial format: 
WARNING 2025-10-01 23:32:58,488 migration_service Invalid serial format: 
WARNING 2025-10-01 23:32:58,488 migration_service Invalid serial format: 
WARNING 2025-10-01 23:32:58,488 migration_service Invalid serial format: 
WARNING 2025-10-01 23:32:58,488 migration_service Invalid serial format: 
WARNING 2025-10-01 23:32:58,488 migration_service Invalid serial format: 
WARNING 2025-10-01 23:32:58,488 migration_service Invalid serial format: 
WARNING 2025-10-01 23:32:58,488 migration_service Invalid serial format: 
WARNING 2025-10-01 23:32:58,488 migration_service Invalid serial format: 
WARNING 2025-10-01 23:32:58,488 migration_service Invalid serial format: 
WARNING 2025-10-01 23:32:58,488 migration_service Invalid serial format: 
WARNING 2025-10-01 23:32:58,489 migration_service Invalid serial format: 
WARNING 2025-10-01 23:32:58,489 migration_service Invalid serial format: 
WARNING 2025-10-01 23:32:58,489 migration_service Invalid serial format: 
WARNING 2025-10-01 23:32:58,489 migration_service Invalid serial format: 
WARNING 2025-10-01 23:32:58,489 migration_service Invalid serial format: 
WARNING 2025-10-01 23:32:58,489 migration_service Invalid serial format: 
WARNING 2025-10-01 23:32:58,489 migration_service Invalid serial format: 
WARNING 2025-10-01 23:32:58,489 migration_service Invalid serial format: 
WARNING 2025-10-01 23:32:58,489 migration_service Invalid serial format: 
WARNING 2025-10-01 23:32:58,489 migration_service Invalid serial format: 
WARNING 2025-10-01 23:32:58,489 migration_service Invalid serial format: 
WARNING 2025-10-01 23:32:58,489 migration_service Invalid serial format: 
WARNING 2025-10-01 23:32:58,489 migration_service Invalid serial format: 
WARNING 2025-10-01 23:32:58,489 migration_service Invalid serial format: 
WARNING 2025-10-01 23:32:58,489 migration_service Invalid serial format: 
WARNING 2025-10-01 23:32:58,490 migration_service Invalid serial format: 
WARNING 2025-10-01 23:32:58,490 migration_service Invalid serial format: 
WARNING 2025-10-01 23:32:58,490 migration_service Invalid serial format: 
WARNING 2025-10-01 23:32:58,490 migration_service Invalid serial format: 
WARNING 2025-10-01 23:32:58,490 migration_service Invalid serial format: 
WARNING 2025-10-01 23:32:58,490 migration_service Invalid serial format: 
WARNING 2025-10-01 23:32:58,490 migration_service Invalid serial format: 
WARNING 2025-10-01 23:32:58,490 migration_service Invalid serial format: 
WARNING 2025-10-01 23:32:58,490 migration_service Invalid serial format: 
WARNING 2025-10-01 23:32:58,490 migration_service Invalid serial format: 
WARNING 2025-10-01 23:32:58,490 migration_service Invalid serial format: 
WARNING 2025-10-01 23:32:58,490 migration_service Invalid serial format: 
WARNING 2025-10-01 23:32:58,490 migration_service Invalid serial format: 
WARNING 2025-10-01 23:32:58,490 migration_service Invalid serial format: 
WARNING 2025-10-01 23:32:58,490 migration_service Invalid serial format: 
WARNING 2025-10-01 23:32:58,490 migration_service Invalid serial format: 
WARNING 2025-10-01 23:32:58,491 migration_service Invalid serial format: 
WARNING 2025-10-01 23:32:58,491 migration_service Invalid serial format: 
WARNING 2025-10-01 23:32:58,491 migration_service Invalid serial format: 
WARNING 2025-10-01 23:32:58,491 migration_service Invalid serial format: 
WARNING 2025-10-01 23:32:58,491 migration_service Invalid serial format: 
WARNING 2025-10-01 23:32:58,491 migration_service Invalid serial format: 
WARNING 2025-10-01 23:32:58,491 migration_service Invalid serial format: 
WARNING 2025-10-01 23:32:58,491 migration_service Invalid serial format: 
WARNING 2025-10-01 23:32:58,491 migration_service Invalid serial format: 
WARNING 2025-10-01 23:32:58,491 migration_service Invalid serial format: 
WARNING 2025-10-01 23:32:58,491 migration_service Invalid serial format: 
WARNING 2025-10-01 23:32:58,491 migration_service Invalid serial format: 
WARNING 2025-10-01 23:32:58,492 migration_service Invalid serial format: 
WARNING 2025-10-01 23:32:58,492 migration_service Invalid serial format: 
WARNING 2025-10-01 23:32:58,492 migration_service Invalid serial format: 
WARNING 2025-10-01 23:32:58,492 migration_service Invalid serial format: 
WARNING 2025-10-01 23:32:58,492 migration_service Invalid serial format: 
WARNING 2025-10-01 23:32:58,492 migration_service Invalid serial format: 
WARNING 2025-10-01 23:32:58,492 migration_service Invalid serial format: 
WARNING 2025-10-01 23:32:58,492 migration_service Invalid serial format: 
WARNING 2025-10-01 23:32:58,492 migration_service Invalid serial format: 
WARNING 2025-10-01 23:32:58,492 migration_service Invalid serial format: 
WARNING 2025-10-01 23:32:58,492 migration_service Invalid serial format: 
WARNING 2025-10-01 23:32:58,493 migration_service Invalid serial format: 
WARNING 2025-10-01 23:32:58,493 migration_service Invalid serial format: 
WARNING 2025-10-01 23:32:58,493 migration_service Invalid serial format: 
WARNING 2025-10-01 23:32:58,493 migration_service Invalid serial format: 
WARNING 2025-10-01 23:32:58,493 migration_service Invalid serial format: 
WARNING 2025-10-01 23:32:58,493 migration_service Invalid serial format: 
WARNING 2025-10-01 23:32:58,493 migration_service Invalid serial format: 
WARNING 2025-10-01 23:32:58,493 migration_service Invalid serial format: 
WARNING 2025-10-01 23:32:58,494 migration_service Invalid serial format: 
WARNING 2025-10-01 23:32:58,494 migration_service Invalid serial format: 
WARNING 2025-10-01 23:32:58,494 migration_service Invalid serial format: 
WARNING 2025-10-01 23:32:58,494 migration_service Invalid serial format: 
WARNING 2025-10-01 23:32:58,494 migration_service Invalid serial format: 
WARNING 2025-10-01 23:32:58,494 migration_service Invalid serial format: 
WARNING 2025-10-01 23:32:58,494 migration_service Invalid serial format: 
WARNING 2025-10-01 23:32:58,495 migration_service Invalid serial format: 
WARNING 2025-10-01 23:32:58,495 migration_service Invalid serial format: 
WARNING 2025-10-01 23:32:58,495 migration_service Invalid serial format: 
WARNING 2025-10-01 23:32:58,495 migration_service Invalid serial format: 
WARNING 2025-10-01 23:32:58,495 migration_service Invalid serial format: 
WARNING 2025-10-01 23:32:58,495 migration_service Invalid serial format: 
WARNING 2025-10-01 23:32:58,495 migration_service Invalid serial format: 
WARNING 2025-10-01 23:32:58,495 migration_service Invalid serial format: 
WARNING 2025-10-01 23:32:58,495 migration_service Invalid serial format: 
WARNING 2025-10-01 23:32:58,495 migration_service Invalid serial format: 
WARNING 2025-10-01 23:32:58,496 migration_service Invalid serial format: 
WARNING 2025-10-01 23:32:58,496 migration_service Invalid serial format: 
WARNING 2025-10-01 23:32:58,496 migration_service Invalid serial format: 
WARNING 2025-10-01 23:32:58,496 migration_service Invalid serial format: 
WARNING 2025-10-01 23:32:58,496 migration_service Invalid serial format: 
WARNING 2025-10-01 23:32:58,496 migration_service Invalid serial format: 
WARNING 2025-10-01 23:32:58,496 migration_service Invalid serial format: 
WARNING 2025-10-01 23:32:58,496 migration_service Invalid serial format: 
WARNING 2025-10-01 23:32:58,496 migration_service Invalid serial format: 
WARNING 2025-10-01 23:32:58,496 migration_service Invalid serial format: 
WARNING 2025-10-01 23:32:58,496 migration_service Invalid serial format: 
WARNING 2025-10-01 23:32:58,496 migration_service Invalid serial format: 
WARNING 2025-10-01 23:32:58,496 migration_service Invalid serial format: 
WARNING 2025-10-01 23:32:58,496 migration_service Invalid serial format: 
WARNING 2025-10-01 23:32:58,497 migration_service Invalid serial format: 
WARNING 2025-10-01 23:32:58,497 migration_service Invalid serial format: 
WARNING 2025-10-01 23:32:58,497 migration_service Invalid serial format: 
WARNING 2025-10-01 23:32:58,497 migration_service Invalid serial format: 
WARNING 2025-10-01 23:32:58,497 migration_service Invalid serial format: 
WARNING 2025-10-01 23:32:58,497 migration_service Invalid serial format: 
WARNING 2025-10-01 23:32:58,497 migration_service Invalid serial format: 
WARNING 2025-10-01 23:32:58,497 migration_service Invalid serial format: 
WARNING 2025-10-01 23:32:58,497 migration_service Invalid serial format: 
WARNING 2025-10-01 23:32:58,497 migration_service Invalid serial format: 
WARNING 2025-10-01 23:32:58,497 migration_service Invalid serial format: 
WARNING 2025-10-01 23:32:58,497 migration_service Invalid serial format: 
WARNING 2025-10-01 23:32:58,497 migration_service Invalid serial format: 
WARNING 2025-10-01 23:32:58,497 migration_service Invalid serial format: 
WARNING 2025-10-01 23:32:58,498 migration_service Invalid serial format: 
WARNING 2025-10-01 23:32:58,498 migration_service Invalid serial format: 
WARNING 2025-10-01 23:32:58,498 migration_service Invalid serial format: 
WARNING 2025-10-01 23:32:58,498 migration_service Invalid serial format: 
WARNING 2025-10-01 23:32:58,498 migration_service Invalid serial format: 
WARNING 2025-10-01 23:32:58,498 migration_service Invalid serial format: 
WARNING 2025-10-01 23:32:58,498 migration_service Invalid serial format: 
WARNING 2025-10-01 23:32:58,498 migration_service Invalid serial format: 
WARNING 2025-10-01 23:32:58,498 migration_service Invalid serial format: 
WARNING 2025-10-01 23:32:58,498 migration_service Invalid serial format: 
WARNING 2025-10-01 23:32:58,498 migration_service Invalid serial format: 
WARNING 2025-10-01 23:32:58,498 migration_service Invalid serial format: 
WARNING 2025-10-01 23:32:58,498 migration_service Invalid serial format: 
WARNING 2025-10-01 23:32:58,498 migration_service Invalid serial format: 
WARNING 2025-10-01 23:32:58,498 migration_service Invalid serial format: 
WARNING 2025-10-01 23:32:58,499 migration_service Invalid serial format: 
WARNING 2025-10-01 23:32:58,499 migration_service Invalid serial format: 
WARNING 2025-10-01 23:32:58,499 migration_service Invalid serial format: 
WARNING 2025-10-01 23:32:58,499 migration_service Invalid serial format: 
WARNING 2025-10-01 23:32:58,499 migration_service Invalid serial format: 
WARNING 2025-10-01 23:32:58,499 migration_service Invalid serial format: 
WARNING 2025-10-01 23:32:58,499 migration_service Invalid serial format: 
WARNING 2025-10-01 23:32:58,499 migration_service Invalid serial format: 
WARNING 2025-10-01 23:32:58,499 migration_service Invalid serial format: 
WARNING 2025-10-01 23:32:58,499 migration_service Invalid serial format: 
WARNING 2025-10-01 23:32:58,499 migration_service Invalid serial format: 
WARNING 2025-10-01 23:32:58,499 migration_service Invalid serial format: 
WARNING 2025-10-01 23:32:58,499 migration_service Invalid serial format: 
WARNING 2025-10-01 23:32:58,499 migration_service Invalid serial format: 
WARNING 2025-10-01 23:32:58,499 migration_service Invalid serial format: 
WARNING 2025-10-01 23:32:58,500 migration_service Invalid serial format: 
WARNING 2025-10-01 23:32:58,500 migration_service Invalid serial format: 
WARNING 2025-10-01 23:32:58,500 migration_service Invalid serial format: 
WARNING 2025-10-01 23:32:58,500 migration_service Invalid serial format: 
WARNING 2025-10-01 23:32:58,500 migration_service Invalid serial format: 
WARNING 2025-10-01 23:32:58,500 migration_service Invalid serial format: 
WARNING 2025-10-01 23:32:58,500 migration_service Invalid serial format: 
WARNING 2025-10-01 23:32:58,500 migration_service Invalid serial format: 
WARNING 2025-10-01 23:32:58,500 migration_service Invalid serial format: 
WARNING 2025-10-01 23:32:58,500 migration_service Invalid serial format: 
WARNING 2025-10-01 23:32:58,500 migration_service Invalid serial format: 
WARNING 2025-10-01 23:32:58,500 migration_service Invalid serial format: 
WARNING 2025-10-01 23:32:58,500 migration_service Invalid serial format: 
WARNING 2025-10-01 23:32:58,501 migration_service Invalid serial format: 
WARNING 2025-10-01 23:32:58,501 migration_service Invalid serial format: 
WARNING 2025-10-01 23:32:58,501 migration_service Invalid serial format: 
WARNING 2025-10-01 23:32:58,501 migration_service Invalid serial format: 
WARNING 2025-10-01 23:32:58,501 migration_service Invalid serial format: 
WARNING 2025-10-01 23:32:58,501 migration_service Invalid serial format: 
WARNING 2025-10-01 23:32:58,501 migration_service Invalid serial format: 
WARNING 2025-10-01 23:32:58,501 migration_service Invalid serial format: 
WARNING 2025-10-01 23:32:58,501 migration_service Invalid serial format: 
WARNING 2025-10-01 23:32:58,501 migration_service Invalid serial format: 
WARNING 2025-10-01 23:32:58,501 migration_service Invalid serial format: 
WARNING 2025-10-01 23:32:58,501 migration_service Invalid serial format: 
WARNING 2025-10-01 23:32:58,501 migration_service Invalid serial format: 
WARNING 2025-10-01 23:32:58,501 migration_service Invalid serial format: 
WARNING 2025-10-01 23:32:58,501 migration_service Invalid serial format: 
WARNING 2025-10-01 23:32:58,501 migration_service Invalid serial format: 
WARNING 2025-10-01 23:32:58,502 migration_service Invalid serial format: 
WARNING 2025-10-01 23:32:58,502 migration_service Invalid serial format: 
WARNING 2025-10-01 23:32:58,502 migration_service Invalid serial format: 
WARNING 2025-10-01 23:32:58,502 migration_service Invalid serial format: 
WARNING 2025-10-01 23:32:58,502 migration_service Invalid serial format: 
WARNING 2025-10-01 23:32:58,502 migration_service Invalid serial format: 
WARNING 2025-10-01 23:32:58,502 migration_service Invalid serial format: 
WARNING 2025-10-01 23:32:58,502 migration_service Invalid serial format: 
WARNING 2025-10-01 23:32:58,502 migration_service Invalid serial format: 
WARNING 2025-10-01 23:32:58,502 migration_service Invalid serial format: 
WARNING 2025-10-01 23:32:58,502 migration_service Invalid serial format: 
WARNING 2025-10-01 23:32:58,502 migration_service Invalid serial format: 
WARNING 2025-10-01 23:32:58,502 migration_service Invalid serial format: 
WARNING 2025-10-01 23:32:58,502 migration_service Invalid serial format: 
WARNING 2025-10-01 23:32:58,502 migration_service Invalid serial format: 
WARNING 2025-10-01 23:32:58,503 migration_service Invalid serial format: 
WARNING 2025-10-01 23:32:58,503 migration_service Invalid serial format: 
WARNING 2025-10-01 23:32:58,503 migration_service Invalid serial format: 
WARNING 2025-10-01 23:32:58,503 migration_service Invalid serial format: 
WARNING 2025-10-01 23:32:58,503 migration_service Invalid serial format: 
WARNING 2025-10-01 23:32:58,503 migration_service Invalid serial format: 
WARNING 2025-10-01 23:32:58,503 migration_service Invalid serial format: 
WARNING 2025-10-01 23:32:58,503 migration_service Invalid serial format: 
WARNING 2025-10-01 23:32:58,503 migration_service Invalid serial format: 
WARNING 2025-10-01 23:32:58,503 migration_service Invalid serial format: 
WARNING 2025-10-01 23:32:58,503 migration_service Invalid serial format: 
WARNING 2025-10-01 23:32:58,503 migration_service Invalid serial format: 
WARNING 2025-10-01 23:32:58,503 migration_service Invalid serial format: 
WARNING 2025-10-01 23:32:58,503 migration_service Invalid serial format: 
WARNING 2025-10-01 23:32:58,503 migration_service Invalid serial format: 
WARNING 2025-10-01 23:32:58,503 migration_service Invalid serial format: 
WARNING 2025-10-01 23:32:58,504 migration_service Invalid serial format: 
WARNING 2025-10-01 23:32:58,504 migration_service Invalid serial format: 
WARNING 2025-10-01 23:32:58,504 migration_service Invalid serial format: 
WARNING 2025-10-01 23:32:58,504 migration_service Invalid serial format: 
WARNING 2025-10-01 23:32:58,504 migration_service Invalid serial format: 
WARNING 2025-10-01 23:32:58,504 migration_service Invalid serial format: 
WARNING 2025-10-01 23:32:58,504 migration_service Invalid serial format: 
WARNING 2025-10-01 23:32:58,504 migration_service Invalid serial format: 
WARNING 2025-10-01 23:32:58,504 migration_service Invalid serial format: 
WARNING 2025-10-01 23:32:58,504 migration_service Invalid serial format: 
WARNING 2025-10-01 23:32:58,504 migration_service Invalid serial format: 
WARNING 2025-10-01 23:32:58,504 migration_service Invalid serial format: 
WARNING 2025-10-01 23:32:58,504 migration_service Invalid serial format: 
WARNING 2025-10-01 23:32:58,504 migration_service Invalid serial format: 
WARNING 2025-10-01 23:32:58,505 migration_service Invalid serial format: 
WARNING 2025-10-01 23:32:58,505 migration_service Invalid serial format: 
WARNING 2025-10-01 23:32:58,505 migration_service Invalid serial format: 
WARNING 2025-10-01 23:32:58,505 migration_service Invalid serial format: 
WARNING 2025-10-01 23:32:58,505 migration_service Invalid serial format: 
WARNING 2025-10-01 23:32:58,505 migration_service Invalid serial format: 
WARNING 2025-10-01 23:32:58,506 migration_service Invalid serial format: 
WARNING 2025-10-01 23:32:58,506 migration_service Invalid serial format: 
WARNING 2025-10-01 23:32:58,506 migration_service Invalid serial format: 
WARNING 2025-10-01 23:32:58,506 migration_service Invalid serial format: 
WARNING 2025-10-01 23:32:58,506 migration_service Invalid serial format: 
WARNING 2025-10-01 23:32:58,506 migration_service Invalid serial format: 
WARNING 2025-10-01 23:32:58,506 migration_service Invalid serial format: 
WARNING 2025-10-01 23:32:58,506 migration_service Invalid serial format: 
WARNING 2025-10-01 23:32:58,506 migration_service Invalid serial format: 
WARNING 2025-10-01 23:32:58,506 migration_service Invalid serial format: 
WARNING 2025-10-01 23:32:58,506 migration_service Invalid serial format: 
WARNING 2025-10-01 23:32:58,507 migration_service Invalid serial format: 
WARNING 2025-10-01 23:32:58,507 migration_service Invalid serial format: 
WARNING 2025-10-01 23:32:58,507 migration_service Invalid serial format: 
WARNING 2025-10-01 23:32:58,507 migration_service Invalid serial format: 
WARNING 2025-10-01 23:32:58,507 migration_service Invalid serial format: 
WARNING 2025-10-01 23:32:58,507 migration_service Invalid serial format: 
WARNING 2025-10-01 23:32:58,507 migration_service Invalid serial format: 
WARNING 2025-10-01 23:32:58,507 migration_service Invalid serial format: 
WARNING 2025-10-01 23:32:58,507 migration_service Invalid serial format: 
WARNING 2025-10-01 23:32:58,507 migration_service Invalid serial format: 
WARNING 2025-10-01 23:32:58,507 migration_service Invalid serial format: 
WARNING 2025-10-01 23:32:58,508 migration_service Invalid serial format: 
WARNING 2025-10-01 23:32:58,508 migration_service Invalid serial format: 
WARNING 2025-10-01 23:32:58,508 migration_service Invalid serial format: 
WARNING 2025-10-01 23:32:58,508 migration_service Invalid serial format: 
WARNING 2025-10-01 23:32:58,508 migration_service Invalid serial format: 
WARNING 2025-10-01 23:32:58,508 migration_service Invalid serial format: 
WARNING 2025-10-01 23:32:58,508 migration_service Invalid serial format: 
WARNING 2025-10-01 23:32:58,508 migration_service Invalid serial format: 
WARNING 2025-10-01 23:32:58,508 migration_service Invalid serial format: 
WARNING 2025-10-01 23:32:58,508 migration_service Invalid serial format: 
WARNING 2025-10-01 23:32:58,508 migration_service Invalid serial format: 
WARNING 2025-10-01 23:32:58,508 migration_service Invalid serial format: 
WARNING 2025-10-01 23:32:58,508 migration_service Invalid serial format: 
WARNING 2025-10-01 23:32:58,509 migration_service Invalid serial format: 
WARNING 2025-10-01 23:32:58,509 migration_service Invalid serial format: 
WARNING 2025-10-01 23:32:58,509 migration_service Invalid serial format: 
WARNING 2025-10-01 23:32:58,509 migration_service Invalid serial format: 
WARNING 2025-10-01 23:32:58,509 migration_service Invalid serial format: 
WARNING 2025-10-01 23:32:58,509 migration_service Invalid serial format: 
WARNING 2025-10-01 23:32:58,509 migration_service Invalid serial format: 
WARNING 2025-10-01 23:32:58,509 migration_service Invalid serial format: 
WARNING 2025-10-01 23:32:58,509 migration_service Invalid serial format: 
WARNING 2025-10-01 23:32:58,509 migration_service Invalid serial format: 
WARNING 2025-10-01 23:32:58,509 migration_service Invalid serial format: 
WARNING 2025-10-01 23:32:58,509 migration_service Invalid serial format: 
WARNING 2025-10-01 23:32:58,509 migration_service Invalid serial format: 
WARNING 2025-10-01 23:32:58,509 migration_service Invalid serial format: 
WARNING 2025-10-01 23:32:58,509 migration_service Invalid serial format: 
WARNING 2025-10-01 23:32:58,509 migration_service Invalid serial format: 
WARNING 2025-10-01 23:32:58,510 migration_service Invalid serial format: 
WARNING 2025-10-01 23:32:58,510 migration_service Invalid serial format: 
WARNING 2025-10-01 23:32:58,510 migration_service Invalid serial format: 
WARNING 2025-10-01 23:32:58,510 migration_service Invalid serial format: 
WARNING 2025-10-01 23:32:58,510 migration_service Invalid serial format: 
WARNING 2025-10-01 23:32:58,510 migration_service Invalid serial format: 
WARNING 2025-10-01 23:32:58,510 migration_service Invalid serial format: 
WARNING 2025-10-01 23:32:58,510 migration_service Invalid serial format: 
WARNING 2025-10-01 23:32:58,510 migration_service Invalid serial format: 
WARNING 2025-10-01 23:32:58,510 migration_service Invalid serial format: 
WARNING 2025-10-01 23:32:58,510 migration_service Invalid serial format: 
WARNING 2025-10-01 23:32:58,510 migration_service Invalid serial format: 
WARNING 2025-10-01 23:32:58,510 migration_service Invalid serial format: 
WARNING 2025-10-01 23:32:58,510 migration_service Invalid serial format: 
WARNING 2025-10-01 23:32:58,510 migration_service Invalid serial format: 
WARNING 2025-10-01 23:32:58,510 migration_service Invalid serial format: 
WARNING 2025-10-01 23:32:58,511 migration_service Invalid serial format: 
WARNING 2025-10-01 23:32:58,511 migration_service Invalid serial format: 
WARNING 2025-10-01 23:32:58,511 migration_service Invalid serial format: 
WARNING 2025-10-01 23:32:58,511 migration_service Invalid serial format: 
WARNING 2025-10-01 23:32:58,511 migration_service Invalid serial format: 
WARNING 2025-10-01 23:32:58,511 migration_service Invalid serial format: 
WARNING 2025-10-01 23:32:58,511 migration_service Invalid serial format: 
WARNING 2025-10-01 23:32:58,511 migration_service Invalid serial format: 
WARNING 2025-10-01 23:32:58,511 migration_service Invalid serial format: 
WARNING 2025-10-01 23:32:58,511 migration_service Invalid serial format: 
WARNING 2025-10-01 23:32:58,511 migration_service Invalid serial format: 
WARNING 2025-10-01 23:32:58,511 migration_service Invalid serial format: 
WARNING 2025-10-01 23:32:58,511 migration_service Invalid serial format: 
WARNING 2025-10-01 23:32:58,511 migration_service Invalid serial format: 
WARNING 2025-10-01 23:32:58,511 migration_service Invalid serial format: 
WARNING 2025-10-01 23:32:58,511 migration_service Invalid serial format: 
WARNING 2025-10-01 23:32:58,511 migration_service Invalid serial format: 
WARNING 2025-10-01 23:32:58,511 migration_service Invalid serial format: 
WARNING 2025-10-01 23:32:58,511 migration_service Invalid serial format: 
WARNING 2025-10-01 23:32:58,511 migration_service Invalid serial format: 
WARNING 2025-10-01 23:32:58,512 migration_service Invalid serial format: 
WARNING 2025-10-01 23:32:58,512 migration_service Invalid serial format: 
WARNING 2025-10-01 23:32:58,512 migration_service Invalid serial format: 
WARNING 2025-10-01 23:32:58,512 migration_service Invalid serial format: 
WARNING 2025-10-01 23:32:58,512 migration_service Invalid serial format: 
WARNING 2025-10-01 23:32:58,512 migration_service Invalid serial format: 
WARNING 2025-10-01 23:32:58,512 migration_service Invalid serial format: 
WARNING 2025-10-01 23:32:58,512 migration_service Invalid serial format: 
WARNING 2025-10-01 23:32:58,512 migration_service Invalid serial format: 
WARNING 2025-10-01 23:32:58,512 migration_service Invalid serial format: 
WARNING 2025-10-01 23:32:58,512 migration_service Invalid serial format: 
WARNING 2025-10-01 23:32:58,512 migration_service Invalid serial format: 
WARNING 2025-10-01 23:32:58,512 migration_service Invalid serial format: 
WARNING 2025-10-01 23:32:58,512 migration_service Invalid serial format: 
WARNING 2025-10-01 23:32:58,512 migration_service Invalid serial format: 
WARNING 2025-10-01 23:32:58,512 migration_service Invalid serial format: 
WARNING 2025-10-01 23:32:58,512 migration_service Invalid serial format: 
WARNING 2025-10-01 23:32:58,512 migration_service Invalid serial format: 
WARNING 2025-10-01 23:32:58,512 migration_service Invalid serial format: 
WARNING 2025-10-01 23:32:58,512 migration_service Invalid serial format: 
WARNING 2025-10-01 23:32:58,513 migration_service Invalid serial format: 
WARNING 2025-10-01 23:32:58,513 migration_service Invalid serial format: 
WARNING 2025-10-01 23:32:58,513 migration_service Invalid serial format: 
WARNING 2025-10-01 23:32:58,513 migration_service Invalid serial format: 
WARNING 2025-10-01 23:32:58,513 migration_service Invalid serial format: 
WARNING 2025-10-01 23:32:58,513 migration_service Invalid serial format: 
WARNING 2025-10-01 23:32:58,513 migration_service Invalid serial format: 
WARNING 2025-10-01 23:32:58,513 migration_service Invalid serial format: 
WARNING 2025-10-01 23:32:58,513 migration_service Invalid serial format: 
WARNING 2025-10-01 23:32:58,513 migration_service Invalid serial format: 
WARNING 2025-10-01 23:32:58,513 migration_service Invalid serial format: 
WARNING 2025-10-01 23:32:58,513 migration_service Invalid serial format: 
WARNING 2025-10-01 23:32:58,513 migration_service Invalid serial format: 
WARNING 2025-10-01 23:32:58,513 migration_service Invalid serial format: 
WARNING 2025-10-01 23:32:58,513 migration_service Invalid serial format: 
WARNING 2025-10-01 23:32:58,514 migration_service Invalid serial format: 
WARNING 2025-10-01 23:32:58,514 migration_service Invalid serial format: 
WARNING 2025-10-01 23:32:58,514 migration_service Invalid serial format: 
WARNING 2025-10-01 23:32:58,514 migration_service Invalid serial format: 
WARNING 2025-10-01 23:32:58,514 migration_service Invalid serial format: 
WARNING 2025-10-01 23:32:58,514 migration_service Invalid serial format: 
WARNING 2025-10-01 23:32:58,514 migration_service Invalid serial format: 
WARNING 2025-10-01 23:32:58,514 migration_service Invalid serial format: 
WARNING 2025-10-01 23:32:58,514 migration_service Invalid serial format: 
WARNING 2025-10-01 23:32:58,514 migration_service Invalid serial format: 
WARNING 2025-10-01 23:32:58,514 migration_service Invalid serial format: 
WARNING 2025-10-01 23:32:58,514 migration_service Invalid serial format: 
WARNING 2025-10-01 23:32:58,514 migration_service Invalid serial format: 
WARNING 2025-10-01 23:32:58,514 migration_service Invalid serial format: 
WARNING 2025-10-01 23:32:58,514 migration_service Invalid serial format: 
WARNING 2025-10-01 23:32:58,515 migration_service Invalid serial format: 
WARNING 2025-10-01 23:32:58,515 migration_service Invalid serial format: 
WARNING 2025-10-01 23:32:58,515 migration_service Invalid serial format: 
WARNING 2025-10-01 23:32:58,515 migration_service Invalid serial format: 
WARNING 2025-10-01 23:32:58,515 migration_service Invalid serial format: 
WARNING 2025-10-01 23:32:58,515 migration_service Invalid serial format: 
WARNING 2025-10-01 23:32:58,515 migration_service Invalid serial format: 
WARNING 2025-10-01 23:32:58,515 migration_service Invalid serial format: 
WARNING 2025-10-01 23:32:58,515 migration_service Invalid serial format: 
WARNING 2025-10-01 23:32:58,515 migration_service Invalid serial format: 
WARNING 2025-10-01 23:32:58,515 migration_service Invalid serial format: 
WARNING 2025-10-01 23:32:58,515 migration_service Invalid serial format: 
WARNING 2025-10-01 23:32:58,515 migration_service Invalid serial format: 
WARNING 2025-10-01 23:32:58,515 migration_service Invalid serial format: 
WARNING 2025-10-01 23:32:58,515 migration_service Invalid serial format: 
WARNING 2025-10-01 23:32:58,515 migration_service Invalid serial format: 
WARNING 2025-10-01 23:32:58,516 migration_service Invalid serial format: 
WARNING 2025-10-01 23:32:58,516 migration_service Invalid serial format: 
WARNING 2025-10-01 23:32:58,516 migration_service Invalid serial format: 
WARNING 2025-10-01 23:32:58,516 migration_service Invalid serial format: 
WARNING 2025-10-01 23:32:58,516 migration_service Invalid serial format: 
WARNING 2025-10-01 23:32:58,516 migration_service Invalid serial format: 
WARNING 2025-10-01 23:32:58,516 migration_service Invalid serial format: 
WARNING 2025-10-01 23:32:58,516 migration_service Invalid serial format: 
WARNING 2025-10-01 23:32:58,516 migration_service Invalid serial format: 
WARNING 2025-10-01 23:32:58,516 migration_service Invalid serial format: 
WARNING 2025-10-01 23:32:58,516 migration_service Invalid serial format: 
WARNING 2025-10-01 23:32:58,516 migration_service Invalid serial format: 
WARNING 2025-10-01 23:32:58,516 migration_service Invalid serial format: 
WARNING 2025-10-01 23:32:58,516 migration_service Invalid serial format: 
WARNING 2025-10-01 23:32:58,516 migration_service Invalid serial format: 
WARNING 2025-10-01 23:32:58,517 migration_service Invalid serial format: 
WARNING 2025-10-01 23:32:58,517 migration_service Invalid serial format: 
WARNING 2025-10-01 23:32:58,517 migration_service Invalid serial format: 
WARNING 2025-10-01 23:32:58,517 migration_service Invalid serial format: 
WARNING 2025-10-01 23:32:58,517 migration_service Invalid serial format: 
WARNING 2025-10-01 23:32:58,517 migration_service Invalid serial format: 
WARNING 2025-10-01 23:32:58,517 migration_service Invalid serial format: 
WARNING 2025-10-01 23:32:58,517 migration_service Invalid serial format: 
WARNING 2025-10-01 23:32:58,517 migration_service Invalid serial format: 
WARNING 2025-10-01 23:32:58,517 migration_service Invalid serial format: 
WARNING 2025-10-01 23:32:58,517 migration_service Invalid serial format: 
WARNING 2025-10-01 23:32:58,517 migration_service Invalid serial format: 
WARNING 2025-10-01 23:32:58,517 migration_service Invalid serial format: 
WARNING 2025-10-01 23:32:58,517 migration_service Invalid serial format: 
WARNING 2025-10-01 23:32:58,517 migration_service Invalid serial format: 
WARNING 2025-10-01 23:32:58,518 migration_service Invalid serial format: 
WARNING 2025-10-01 23:32:58,518 migration_service Invalid serial format: 
WARNING 2025-10-01 23:32:58,518 migration_service Invalid serial format: 
WARNING 2025-10-01 23:32:58,518 migration_service Invalid serial format: 
WARNING 2025-10-01 23:32:58,518 migration_service Invalid serial format: 
WARNING 2025-10-01 23:32:58,518 migration_service Invalid serial format: 
WARNING 2025-10-01 23:32:58,518 migration_service Invalid serial format: 
WARNING 2025-10-01 23:32:58,518 migration_service Invalid serial format: 
WARNING 2025-10-01 23:32:58,518 migration_service Invalid serial format: 
WARNING 2025-10-01 23:32:58,518 migration_service Invalid serial format: 
WARNING 2025-10-01 23:32:58,518 migration_service Invalid serial format: 
WARNING 2025-10-01 23:32:58,518 migration_service Invalid serial format: 
WARNING 2025-10-01 23:32:58,518 migration_service Invalid serial format: 
WARNING 2025-10-01 23:32:58,518 migration_service Invalid serial format: 
WARNING 2025-10-01 23:32:58,518 migration_service Invalid serial format: 
WARNING 2025-10-01 23:32:58,518 migration_service Invalid serial format: 
WARNING 2025-10-01 23:32:58,519 migration_service Invalid serial format: 
WARNING 2025-10-01 23:32:58,519 migration_service Invalid serial format: 
WARNING 2025-10-01 23:32:58,519 migration_service Invalid serial format: 
WARNING 2025-10-01 23:32:58,519 migration_service Invalid serial format: 
WARNING 2025-10-01 23:32:58,519 migration_service Invalid serial format: 
WARNING 2025-10-01 23:32:58,519 migration_service Invalid serial format: 
WARNING 2025-10-01 23:32:58,519 migration_service Invalid serial format: 
WARNING 2025-10-01 23:32:58,519 migration_service Invalid serial format: 
WARNING 2025-10-01 23:32:58,519 migration_service Invalid serial format: 
WARNING 2025-10-01 23:32:58,519 migration_service Invalid serial format: 
WARNING 2025-10-01 23:32:58,519 migration_service Invalid serial format: 
WARNING 2025-10-01 23:32:58,519 migration_service Invalid serial format: 
WARNING 2025-10-01 23:32:58,519 migration_service Invalid serial format: 
WARNING 2025-10-01 23:32:58,519 migration_service Invalid serial format: 
WARNING 2025-10-01 23:32:58,520 migration_service Invalid serial format: 
WARNING 2025-10-01 23:32:58,520 migration_service Invalid serial format: 
WARNING 2025-10-01 23:32:58,520 migration_service Invalid serial format: 
WARNING 2025-10-01 23:32:58,520 migration_service Invalid serial format: 
WARNING 2025-10-01 23:32:58,520 migration_service Invalid serial format: 
WARNING 2025-10-01 23:32:58,520 migration_service Invalid serial format: 
WARNING 2025-10-01 23:32:58,520 migration_service Invalid serial format: 
WARNING 2025-10-01 23:32:58,520 migration_service Invalid serial format: 
WARNING 2025-10-01 23:32:58,520 migration_service Invalid serial format: 
WARNING 2025-10-01 23:32:58,520 migration_service Invalid serial format: 
WARNING 2025-10-01 23:32:58,520 migration_service Invalid serial format: 
WARNING 2025-10-01 23:32:58,520 migration_service Invalid serial format: 
WARNING 2025-10-01 23:32:58,520 migration_service Invalid serial format: 
WARNING 2025-10-01 23:32:58,521 migration_service Invalid serial format: 
WARNING 2025-10-01 23:32:58,521 migration_service Invalid serial format: 
WARNING 2025-10-01 23:32:58,521 migration_service Invalid serial format: 
WARNING 2025-10-01 23:32:58,521 migration_service Invalid serial format: 
WARNING 2025-10-01 23:32:58,521 migration_service Invalid serial format: 
WARNING 2025-10-01 23:32:58,521 migration_service Invalid serial format: 
WARNING 2025-10-01 23:32:58,521 migration_service Invalid serial format: 
WARNING 2025-10-01 23:32:58,521 migration_service Invalid serial format: 
WARNING 2025-10-01 23:32:58,521 migration_service Invalid serial format: 
WARNING 2025-10-01 23:32:58,521 migration_service Invalid serial format: 
WARNING 2025-10-01 23:32:58,521 migration_service Invalid serial format: 
WARNING 2025-10-01 23:32:58,521 migration_service Invalid serial format: 
WARNING 2025-10-01 23:32:58,522 migration_service Invalid serial format: 
WARNING 2025-10-01 23:32:58,522 migration_service Invalid serial format: 
WARNING 2025-10-01 23:32:58,522 migration_service Invalid serial format: 
WARNING 2025-10-01 23:32:58,522 migration_service Invalid serial format: 
WARNING 2025-10-01 23:32:58,522 migration_service Invalid serial format: 
WARNING 2025-10-01 23:32:58,522 migration_service Invalid serial format: 
WARNING 2025-10-01 23:32:58,522 migration_service Invalid serial format: 
WARNING 2025-10-01 23:32:58,522 migration_service Invalid serial format: 
WARNING 2025-10-01 23:32:58,522 migration_service Invalid serial format: 
WARNING 2025-10-01 23:32:58,522 migration_service Invalid serial format: 
WARNING 2025-10-01 23:32:58,522 migration_service Invalid serial format: 
WARNING 2025-10-01 23:32:58,522 migration_service Invalid serial format: 
WARNING 2025-10-01 23:32:58,522 migration_service Invalid serial format: 
WARNING 2025-10-01 23:32:58,523 migration_service Invalid serial format: 
WARNING 2025-10-01 23:32:58,523 migration_service Invalid serial format: 
WARNING 2025-10-01 23:32:58,523 migration_service Invalid serial format: 
WARNING 2025-10-01 23:32:58,523 migration_service Invalid serial format: 
WARNING 2025-10-01 23:32:58,523 migration_service Invalid serial format: 
WARNING 2025-10-01 23:32:58,523 migration_service Invalid serial format: 
WARNING 2025-10-01 23:32:58,523 migration_service Invalid serial format: 
WARNING 2025-10-01 23:32:58,523 migration_service Invalid serial format: 
WARNING 2025-10-01 23:32:58,523 migration_service Invalid serial format: 
WARNING 2025-10-01 23:32:58,523 migration_service Invalid serial format: 
WARNING 2025-10-01 23:32:58,523 migration_service Invalid serial format: 
WARNING 2025-10-01 23:32:58,523 migration_service Invalid serial format: 
WARNING 2025-10-01 23:32:58,523 migration_service Invalid serial format: 
WARNING 2025-10-01 23:32:58,523 migration_service Invalid serial format: 
WARNING 2025-10-01 23:32:58,524 migration_service Invalid serial format: 
WARNING 2025-10-01 23:32:58,524 migration_service Invalid serial format: 
WARNING 2025-10-01 23:32:58,524 migration_service Invalid serial format: 
WARNING 2025-10-01 23:32:58,524 migration_service Invalid serial format: 
WARNING 2025-10-01 23:32:58,524 migration_service Invalid serial format: 
WARNING 2025-10-01 23:32:58,524 migration_service Invalid serial format: 
WARNING 2025-10-01 23:32:58,524 migration_service Invalid serial format: 
WARNING 2025-10-01 23:32:58,524 migration_service Invalid serial format: 
WARNING 2025-10-01 23:32:58,524 migration_service Invalid serial format: 
WARNING 2025-10-01 23:32:58,524 migration_service Invalid serial format: 
WARNING 2025-10-01 23:32:58,524 migration_service Invalid serial format: 
WARNING 2025-10-01 23:32:58,524 migration_service Invalid serial format: 
WARNING 2025-10-01 23:32:58,524 migration_service Invalid serial format: 
WARNING 2025-10-01 23:32:58,525 migration_service Invalid serial format: 
WARNING 2025-10-01 23:32:58,525 migration_service Invalid serial format: 
WARNING 2025-10-01 23:32:58,525 migration_service Invalid serial format: 
WARNING 2025-10-01 23:32:58,525 migration_service Invalid serial format: 
WARNING 2025-10-01 23:32:58,525 migration_service Invalid serial format: 
WARNING 2025-10-01 23:32:58,525 migration_service Invalid serial format: 
WARNING 2025-10-01 23:32:58,525 migration_service Invalid serial format: 
WARNING 2025-10-01 23:32:58,525 migration_service Invalid serial format: 
WARNING 2025-10-01 23:32:58,525 migration_service Invalid serial format: 
WARNING 2025-10-01 23:32:58,525 migration_service Invalid serial format: 
WARNING 2025-10-01 23:32:58,525 migration_service Invalid serial format: 
WARNING 2025-10-01 23:32:58,525 migration_service Invalid serial format: 
WARNING 2025-10-01 23:32:58,525 migration_service Invalid serial format: 
WARNING 2025-10-01 23:32:58,525 migration_service Invalid serial format: 
WARNING 2025-10-01 23:32:58,526 migration_service Invalid serial format: 
WARNING 2025-10-01 23:32:58,526 migration_service Invalid serial format: 
WARNING 2025-10-01 23:32:58,526 migration_service Invalid serial format: 
WARNING 2025-10-01 23:32:58,526 migration_service Invalid serial format: 
WARNING 2025-10-01 23:32:58,526 migration_service Invalid serial format: 
WARNING 2025-10-01 23:32:58,526 migration_service Invalid serial format: 
WARNING 2025-10-01 23:32:58,526 migration_service Invalid serial format: 
WARNING 2025-10-01 23:32:58,526 migration_service Invalid serial format: 
WARNING 2025-10-01 23:32:58,526 migration_service Invalid serial format: 
WARNING 2025-10-01 23:32:58,526 migration_service Invalid serial format: 
WARNING 2025-10-01 23:32:58,526 migration_service Invalid serial format: 
WARNING 2025-10-01 23:32:58,526 migration_service Invalid serial format: 
WARNING 2025-10-01 23:32:58,526 migration_service Invalid serial format: 
WARNING 2025-10-01 23:32:58,527 migration_service Invalid serial format: 
WARNING 2025-10-01 23:32:58,527 migration_service Invalid serial format: 
WARNING 2025-10-01 23:32:58,527 migration_service Invalid serial format: 
WARNING 2025-10-01 23:32:58,527 migration_service Invalid serial format: 
WARNING 2025-10-01 23:32:58,527 migration_service Invalid serial format: 
WARNING 2025-10-01 23:32:58,527 migration_service Invalid serial format: 
WARNING 2025-10-01 23:32:58,527 migration_service Invalid serial format: 
WARNING 2025-10-01 23:32:58,527 migration_service Invalid serial format: 
WARNING 2025-10-01 23:32:58,527 migration_service Invalid serial format: 
WARNING 2025-10-01 23:32:58,527 migration_service Invalid serial format: 
WARNING 2025-10-01 23:32:58,527 migration_service Invalid serial format: 
WARNING 2025-10-01 23:32:58,527 migration_service Invalid serial format: 
WARNING 2025-10-01 23:32:58,527 migration_service Invalid serial format: 
WARNING 2025-10-01 23:32:58,527 migration_service Invalid serial format: 
WARNING 2025-10-01 23:32:58,528 migration_service Invalid serial format: 
WARNING 2025-10-01 23:32:58,528 migration_service Invalid serial format: 
WARNING 2025-10-01 23:32:58,528 migration_service Invalid serial format: 
WARNING 2025-10-01 23:32:58,528 migration_service Invalid serial format: 
WARNING 2025-10-01 23:32:58,528 migration_service Invalid serial format: 
WARNING 2025-10-01 23:32:58,528 migration_service Invalid serial format: 
WARNING 2025-10-01 23:32:58,528 migration_service Invalid serial format: 
WARNING 2025-10-01 23:32:58,528 migration_service Invalid serial format: 
WARNING 2025-10-01 23:32:58,528 migration_service Invalid serial format: 
WARNING 2025-10-01 23:32:58,539 migration_service Invalid serial format: 
WARNING 2025-10-01 23:32:58,539 migration_service Invalid serial format: 
WARNING 2025-10-01 23:32:58,539 migration_service Invalid serial format: 
WARNING 2025-10-01 23:32:58,539 migration_service Invalid serial format: 
WARNING 2025-10-01 23:32:58,539 migration_service Invalid serial format: 
WARNING 2025-10-01 23:32:58,539 migration_service Invalid serial format: 
WARNING 2025-10-01 23:32:58,539 migration_service Invalid serial format: 
WARNING 2025-10-01 23:32:58,539 migration_service Invalid serial format: 
WARNING 2025-10-01 23:32:58,539 migration_service Invalid serial format: 
WARNING 2025-10-01 23:32:58,540 migration_service Invalid serial format: 
WARNING 2025-10-01 23:32:58,540 migration_service Invalid serial format: 
WARNING 2025-10-01 23:32:58,540 migration_service Invalid serial format: 
WARNING 2025-10-01 23:32:58,540 migration_service Invalid serial format: 
WARNING 2025-10-01 23:32:58,540 migration_service Invalid serial format: 
WARNING 2025-10-01 23:32:58,540 migration_service Invalid serial format: 
WARNING 2025-10-01 23:32:58,540 migration_service Invalid serial format: 
WARNING 2025-10-01 23:32:58,540 migration_service Invalid serial format: 
WARNING 2025-10-01 23:32:58,540 migration_service Invalid serial format: 
WARNING 2025-10-01 23:32:58,540 migration_service Invalid serial format: 
WARNING 2025-10-01 23:32:58,540 migration_service Invalid serial format: 
WARNING 2025-10-01 23:32:58,541 migration_service Invalid serial format: 
WARNING 2025-10-01 23:32:58,541 migration_service Invalid serial format: 
WARNING 2025-10-01 23:32:58,541 migration_service Invalid serial format: 
WARNING 2025-10-01 23:32:58,541 migration_service Invalid serial format: 
WARNING 2025-10-01 23:32:58,541 migration_service Invalid serial format: 
WARNING 2025-10-01 23:32:58,541 migration_service Invalid serial format: 
WARNING 2025-10-01 23:32:58,541 migration_service Invalid serial format: 
WARNING 2025-10-01 23:32:58,541 migration_service Invalid serial format: 
WARNING 2025-10-01 23:32:58,541 migration_service Invalid serial format: 
WARNING 2025-10-01 23:32:58,541 migration_service Invalid serial format: 
WARNING 2025-10-01 23:32:58,542 migration_service Invalid serial format: 
WARNING 2025-10-01 23:32:58,542 migration_service Invalid serial format: 
WARNING 2025-10-01 23:32:58,542 migration_service Invalid serial format: 
WARNING 2025-10-01 23:32:58,542 migration_service Invalid serial format: 
WARNING 2025-10-01 23:32:58,542 migration_service Invalid serial format: 
WARNING 2025-10-01 23:32:58,542 migration_service Invalid serial format: 
WARNING 2025-10-01 23:32:58,542 migration_service Invalid serial format: 
WARNING 2025-10-01 23:32:58,542 migration_service Invalid serial format: 
WARNING 2025-10-01 23:32:58,542 migration_service Invalid serial format: 
WARNING 2025-10-01 23:32:58,542 migration_service Invalid serial format: 
WARNING 2025-10-01 23:32:58,542 migration_service Invalid serial format: 
WARNING 2025-10-01 23:32:58,542 migration_service Invalid serial format: 
WARNING 2025-10-01 23:32:58,542 migration_service Invalid serial format: 
WARNING 2025-10-01 23:32:58,542 migration_service Invalid serial format: 
WARNING 2025-10-01 23:32:58,542 migration_service Invalid serial format: 
WARNING 2025-10-01 23:32:58,543 migration_service Invalid serial format: 
WARNING 2025-10-01 23:32:58,543 migration_service Invalid serial format: 
WARNING 2025-10-01 23:32:58,543 migration_service Invalid serial format: 
WARNING 2025-10-01 23:32:58,543 migration_service Invalid serial format: 
WARNING 2025-10-01 23:32:58,543 migration_service Invalid serial format: 
WARNING 2025-10-01 23:32:58,543 migration_service Invalid serial format: 
WARNING 2025-10-01 23:32:58,543 migration_service Invalid serial format: 
WARNING 2025-10-01 23:32:58,543 migration_service Invalid serial format: 
WARNING 2025-10-01 23:32:58,543 migration_service Invalid serial format: 
WARNING 2025-10-01 23:32:58,543 migration_service Invalid serial format: 
WARNING 2025-10-01 23:32:58,543 migration_service Invalid serial format: 
WARNING 2025-10-01 23:32:58,543 migration_service Invalid serial format: 
WARNING 2025-10-01 23:32:58,543 migration_service Invalid serial format: 
WARNING 2025-10-01 23:32:58,543 migration_service Invalid serial format: 
WARNING 2025-10-01 23:32:58,543 migration_service Invalid serial format: 
WARNING 2025-10-01 23:32:58,544 migration_service Invalid serial format: 
WARNING 2025-10-01 23:32:58,544 migration_service Invalid serial format: 
WARNING 2025-10-01 23:32:58,544 migration_service Invalid serial format: 
WARNING 2025-10-01 23:32:58,544 migration_service Invalid serial format: 
WARNING 2025-10-01 23:32:58,544 migration_service Invalid serial format: 
WARNING 2025-10-01 23:32:58,544 migration_service Invalid serial format: 
WARNING 2025-10-01 23:32:58,544 migration_service Invalid serial format: 
WARNING 2025-10-01 23:32:58,544 migration_service Invalid serial format: 
WARNING 2025-10-01 23:32:58,544 migration_service Invalid serial format: 
WARNING 2025-10-01 23:32:58,544 migration_service Invalid serial format: 
WARNING 2025-10-01 23:32:58,544 migration_service Invalid serial format: 
WARNING 2025-10-01 23:32:58,544 migration_service Invalid serial format: 
WARNING 2025-10-01 23:32:58,544 migration_service Invalid serial format: 
WARNING 2025-10-01 23:32:58,544 migration_service Invalid serial format: 
WARNING 2025-10-01 23:32:58,544 migration_service Invalid serial format: 
WARNING 2025-10-01 23:32:58,544 migration_service Invalid serial format: 
WARNING 2025-10-01 23:32:58,544 migration_service Invalid serial format: 
WARNING 2025-10-01 23:32:58,545 migration_service Invalid serial format: 
WARNING 2025-10-01 23:32:58,545 migration_service Invalid serial format: 
WARNING 2025-10-01 23:32:58,545 migration_service Invalid serial format: 
WARNING 2025-10-01 23:32:58,545 migration_service Invalid serial format: 
WARNING 2025-10-01 23:32:58,545 migration_service Invalid serial format: 
WARNING 2025-10-01 23:32:58,545 migration_service Invalid serial format: 
WARNING 2025-10-01 23:32:58,545 migration_service Invalid serial format: 
WARNING 2025-10-01 23:32:58,545 migration_service Invalid serial format: 
WARNING 2025-10-01 23:32:58,545 migration_service Invalid serial format: 
WARNING 2025-10-01 23:32:58,545 migration_service Invalid serial format: 
WARNING 2025-10-01 23:32:58,545 migration_service Invalid serial format: 
WARNING 2025-10-01 23:32:58,545 migration_service Invalid serial format: 
WARNING 2025-10-01 23:32:58,545 migration_service Invalid serial format: 
WARNING 2025-10-01 23:32:58,545 migration_service Invalid serial format: 
WARNING 2025-10-01 23:32:58,545 migration_service Invalid serial format: 
WARNING 2025-10-01 23:32:58,545 migration_service Invalid serial format: 
WARNING 2025-10-01 23:32:58,545 migration_service Invalid serial format: 
WARNING 2025-10-01 23:32:58,546 migration_service Invalid serial format: 
WARNING 2025-10-01 23:32:58,546 migration_service Invalid serial format: 
WARNING 2025-10-01 23:32:58,546 migration_service Invalid serial format: 
WARNING 2025-10-01 23:32:58,546 migration_service Invalid serial format: 
WARNING 2025-10-01 23:32:58,546 migration_service Invalid serial format: 
WARNING 2025-10-01 23:32:58,546 migration_service Invalid serial format: 
WARNING 2025-10-01 23:32:58,546 migration_service Invalid serial format: 
WARNING 2025-10-01 23:32:58,546 migration_service Invalid serial format: 
WARNING 2025-10-01 23:32:58,546 migration_service Invalid serial format: 
WARNING 2025-10-01 23:32:58,546 migration_service Invalid serial format: 
WARNING 2025-10-01 23:32:58,546 migration_service Invalid serial format: 
WARNING 2025-10-01 23:32:58,546 migration_service Invalid serial format: 
WARNING 2025-10-01 23:32:58,546 migration_service Invalid serial format: 
WARNING 2025-10-01 23:32:58,546 migration_service Invalid serial format: 
WARNING 2025-10-01 23:32:58,546 migration_service Invalid serial format: 
WARNING 2025-10-01 23:32:58,546 migration_service Invalid serial format: 
WARNING 2025-10-01 23:32:58,546 migration_service Invalid serial format: 
WARNING 2025-10-01 23:32:58,547 migration_service Invalid serial format: 
WARNING 2025-10-01 23:32:58,547 migration_service Invalid serial format: 
WARNING 2025-10-01 23:32:58,547 migration_service Invalid serial format: 
WARNING 2025-10-01 23:32:58,547 migration_service Invalid serial format: 
WARNING 2025-10-01 23:32:58,547 migration_service Invalid serial format: 
WARNING 2025-10-01 23:32:58,547 migration_service Invalid serial format: 
WARNING 2025-10-01 23:32:58,547 migration_service Invalid serial format: 
WARNING 2025-10-01 23:32:58,547 migration_service Invalid serial format: 
WARNING 2025-10-01 23:32:58,547 migration_service Invalid serial format: 
WARNING 2025-10-01 23:32:58,547 migration_service Invalid serial format: 
WARNING 2025-10-01 23:32:58,547 migration_service Invalid serial format: 
WARNING 2025-10-01 23:32:58,547 migration_service Invalid serial format: 
WARNING 2025-10-01 23:32:58,547 migration_service Invalid serial format: 
WARNING 2025-10-01 23:32:58,547 migration_service Invalid serial format: 
WARNING 2025-10-01 23:32:58,547 migration_service Invalid serial format: 
WARNING 2025-10-01 23:32:58,547 migration_service Invalid serial format: 
WARNING 2025-10-01 23:32:58,547 migration_service Invalid serial format: 
WARNING 2025-10-01 23:32:58,548 migration_service Invalid serial format: 
WARNING 2025-10-01 23:32:58,548 migration_service Invalid serial format: 
WARNING 2025-10-01 23:32:58,548 migration_service Invalid serial format: 
WARNING 2025-10-01 23:32:58,548 migration_service Invalid serial format: 
WARNING 2025-10-01 23:32:58,548 migration_service Invalid serial format: 
WARNING 2025-10-01 23:32:58,548 migration_service Invalid serial format: 
WARNING 2025-10-01 23:32:58,548 migration_service Invalid serial format: 
WARNING 2025-10-01 23:32:58,548 migration_service Invalid serial format: 
WARNING 2025-10-01 23:32:58,548 migration_service Invalid serial format: 
WARNING 2025-10-01 23:32:58,548 migration_service Invalid serial format: 
WARNING 2025-10-01 23:32:58,548 migration_service Invalid serial format: 
WARNING 2025-10-01 23:32:58,548 migration_service Invalid serial format: 
WARNING 2025-10-01 23:32:58,549 migration_service Invalid serial format: 
WARNING 2025-10-01 23:32:58,549 migration_service Invalid serial format: 
WARNING 2025-10-01 23:32:58,549 migration_service Invalid serial format: 
WARNING 2025-10-01 23:32:58,549 migration_service Invalid serial format: 
WARNING 2025-10-01 23:32:58,549 migration_service Invalid serial format: 
WARNING 2025-10-01 23:32:58,549 migration_service Invalid serial format: 
WARNING 2025-10-01 23:32:58,549 migration_service Invalid serial format: 
WARNING 2025-10-01 23:32:58,549 migration_service Invalid serial format: 
WARNING 2025-10-01 23:32:58,549 migration_service Invalid serial format: 
WARNING 2025-10-01 23:32:58,550 migration_service Invalid serial format: 
WARNING 2025-10-01 23:32:58,550 migration_service Invalid serial format: 
WARNING 2025-10-01 23:32:58,550 migration_service Invalid serial format: 
WARNING 2025-10-01 23:32:58,550 migration_service Invalid serial format: 
WARNING 2025-10-01 23:32:58,550 migration_service Invalid serial format: 
WARNING 2025-10-01 23:32:58,550 migration_service Invalid serial format: 
WARNING 2025-10-01 23:32:58,550 migration_service Invalid serial format: 
WARNING 2025-10-01 23:32:58,550 migration_service Invalid serial format: 
WARNING 2025-10-01 23:32:58,550 migration_service Invalid serial format: 
WARNING 2025-10-01 23:32:58,550 migration_service Invalid serial format: 
WARNING 2025-10-01 23:32:58,550 migration_service Invalid serial format: 
WARNING 2025-10-01 23:32:58,550 migration_service Invalid serial format: 
WARNING 2025-10-01 23:32:58,550 migration_service Invalid serial format: 
WARNING 2025-10-01 23:32:58,551 migration_service Invalid serial format: 
WARNING 2025-10-01 23:32:58,551 migration_service Invalid serial format: 
WARNING 2025-10-01 23:32:58,551 migration_service Invalid serial format: 
WARNING 2025-10-01 23:32:58,551 migration_service Invalid serial format: 
WARNING 2025-10-01 23:32:58,551 migration_service Invalid serial format: 
WARNING 2025-10-01 23:32:58,551 migration_service Invalid serial format: 
WARNING 2025-10-01 23:32:58,551 migration_service Invalid serial format: 
WARNING 2025-10-01 23:32:58,551 migration_service Invalid serial format: 
WARNING 2025-10-01 23:32:58,551 migration_service Invalid serial format: 
WARNING 2025-10-01 23:32:58,551 migration_service Invalid serial format: 
WARNING 2025-10-01 23:32:58,551 migration_service Invalid serial format: 
WARNING 2025-10-01 23:32:58,551 migration_service Invalid serial format: 
WARNING 2025-10-01 23:32:58,551 migration_service Invalid serial format: 
WARNING 2025-10-01 23:32:58,551 migration_service Invalid serial format: 
WARNING 2025-10-01 23:32:58,551 migration_service Invalid serial format: 
WARNING 2025-10-01 23:32:58,551 migration_service Invalid serial format: 
WARNING 2025-10-01 23:32:58,552 migration_service Invalid serial format: 
WARNING 2025-10-01 23:32:58,552 migration_service Invalid serial format: 
WARNING 2025-10-01 23:32:58,552 migration_service Invalid serial format: 
WARNING 2025-10-01 23:32:58,552 migration_service Invalid serial format: 
WARNING 2025-10-01 23:32:58,552 migration_service Invalid serial format: 
WARNING 2025-10-01 23:32:58,552 migration_service Invalid serial format: 
WARNING 2025-10-01 23:32:58,552 migration_service Invalid serial format: 
WARNING 2025-10-01 23:32:58,552 migration_service Invalid serial format: 
WARNING 2025-10-01 23:32:58,552 migration_service Invalid serial format: 
WARNING 2025-10-01 23:32:58,552 migration_service Invalid serial format: 
WARNING 2025-10-01 23:32:58,552 migration_service Invalid serial format: 
WARNING 2025-10-01 23:32:58,552 migration_service Invalid serial format: 
WARNING 2025-10-01 23:32:58,552 migration_service Invalid serial format: 
WARNING 2025-10-01 23:32:58,552 migration_service Invalid serial format: 
WARNING 2025-10-01 23:32:58,552 migration_service Invalid serial format: 
WARNING 2025-10-01 23:32:58,552 migration_service Invalid serial format: 
WARNING 2025-10-01 23:32:58,552 migration_service Invalid serial format: 
WARNING 2025-10-01 23:32:58,552 migration_service Invalid serial format: 
WARNING 2025-10-01 23:32:58,552 migration_service Invalid serial format: 
WARNING 2025-10-01 23:32:58,552 migration_service Invalid serial format: 
WARNING 2025-10-01 23:32:58,553 migration_service Invalid serial format: 
WARNING 2025-10-01 23:32:58,553 migration_service Invalid serial format: 
WARNING 2025-10-01 23:32:58,553 migration_service Invalid serial format: 
WARNING 2025-10-01 23:32:58,553 migration_service Invalid serial format: 
WARNING 2025-10-01 23:32:58,553 migration_service Invalid serial format: 
WARNING 2025-10-01 23:32:58,553 migration_service Invalid serial format: 
WARNING 2025-10-01 23:32:58,553 migration_service Invalid serial format: 
WARNING 2025-10-01 23:32:58,553 migration_service Invalid serial format: 
WARNING 2025-10-01 23:32:58,553 migration_service Invalid serial format: 
WARNING 2025-10-01 23:32:58,553 migration_service Invalid serial format: 
WARNING 2025-10-01 23:32:58,553 migration_service Invalid serial format: 
WARNING 2025-10-01 23:32:58,553 migration_service Invalid serial format: 
WARNING 2025-10-01 23:32:58,553 migration_service Invalid serial format: 
WARNING 2025-10-01 23:32:58,553 migration_service Invalid serial format: 
WARNING 2025-10-01 23:32:58,553 migration_service Invalid serial format: 
WARNING 2025-10-01 23:32:58,553 migration_service Invalid serial format: 
WARNING 2025-10-01 23:32:58,553 migration_service Invalid serial format: 
WARNING 2025-10-01 23:32:58,553 migration_service Invalid serial format: 
WARNING 2025-10-01 23:32:58,553 migration_service Invalid serial format: 
WARNING 2025-10-01 23:32:58,553 migration_service Invalid serial format: 
WARNING 2025-10-01 23:32:58,554 migration_service Invalid serial format: 
WARNING 2025-10-01 23:32:58,554 migration_service Invalid serial format: 
WARNING 2025-10-01 23:32:58,554 migration_service Invalid serial format: 
WARNING 2025-10-01 23:32:58,554 migration_service Invalid serial format: 
WARNING 2025-10-01 23:32:58,554 migration_service Invalid serial format: 
WARNING 2025-10-01 23:32:58,554 migration_service Invalid serial format: 
WARNING 2025-10-01 23:32:58,554 migration_service Invalid serial format: 
WARNING 2025-10-01 23:32:58,554 migration_service Invalid serial format: 
WARNING 2025-10-01 23:32:58,554 migration_service Invalid serial format: 
WARNING 2025-10-01 23:32:58,554 migration_service Invalid serial format: 
WARNING 2025-10-01 23:32:58,554 migration_service Invalid serial format: 
WARNING 2025-10-01 23:32:58,554 migration_service Invalid serial format: 
WARNING 2025-10-01 23:32:58,554 migration_service Invalid serial format: 
WARNING 2025-10-01 23:32:58,554 migration_service Invalid serial format: 
WARNING 2025-10-01 23:32:58,554 migration_service Invalid serial format: 
WARNING 2025-10-01 23:32:58,554 migration_service Invalid serial format: 
WARNING 2025-10-01 23:32:58,554 migration_service Invalid serial format: 
WARNING 2025-10-01 23:32:58,554 migration_service Invalid serial format: 
WARNING 2025-10-01 23:32:58,554 migration_service Invalid serial format: 
WARNING 2025-10-01 23:32:58,554 migration_service Invalid serial format: 
WARNING 2025-10-01 23:32:58,555 migration_service Invalid serial format: 
WARNING 2025-10-01 23:32:58,555 migration_service Invalid serial format: 
WARNING 2025-10-01 23:32:58,555 migration_service Invalid serial format: 
WARNING 2025-10-01 23:32:58,555 migration_service Invalid serial format: 
WARNING 2025-10-01 23:32:58,555 migration_service Invalid serial format: 
WARNING 2025-10-01 23:32:58,555 migration_service Invalid serial format: 
WARNING 2025-10-01 23:32:58,555 migration_service Invalid serial format: 
WARNING 2025-10-01 23:32:58,555 migration_service Invalid serial format: 
WARNING 2025-10-01 23:32:58,555 migration_service Invalid serial format: 
WARNING 2025-10-01 23:32:58,555 migration_service Invalid serial format: 
WARNING 2025-10-01 23:32:58,555 migration_service Invalid serial format: 
WARNING 2025-10-01 23:32:58,555 migration_service Invalid serial format: 
WARNING 2025-10-01 23:32:58,555 migration_service Invalid serial format: 
WARNING 2025-10-01 23:32:58,555 migration_service Invalid serial format: 
WARNING 2025-10-01 23:32:58,555 migration_service Invalid serial format: 
WARNING 2025-10-01 23:32:58,555 migration_service Invalid serial format: 
WARNING 2025-10-01 23:32:58,556 migration_service Invalid serial format: 
WARNING 2025-10-01 23:32:58,556 migration_service Invalid serial format: 
WARNING 2025-10-01 23:32:58,556 migration_service Invalid serial format: 
WARNING 2025-10-01 23:32:58,556 migration_service Invalid serial format: 
WARNING 2025-10-01 23:32:58,556 migration_service Invalid serial format: 
WARNING 2025-10-01 23:32:58,556 migration_service Invalid serial format: 
WARNING 2025-10-01 23:32:58,556 migration_service Invalid serial format: 
WARNING 2025-10-01 23:32:58,556 migration_service Invalid serial format: 
WARNING 2025-10-01 23:32:58,556 migration_service Invalid serial format: 
WARNING 2025-10-01 23:32:58,556 migration_service Invalid serial format: 
WARNING 2025-10-01 23:32:58,556 migration_service Invalid serial format: 
WARNING 2025-10-01 23:32:58,556 migration_service Invalid serial format: 
WARNING 2025-10-01 23:32:58,556 migration_service Invalid serial format: 
WARNING 2025-10-01 23:32:58,556 migration_service Invalid serial format: 
WARNING 2025-10-01 23:32:58,556 migration_service Invalid serial format: 
WARNING 2025-10-01 23:32:58,556 migration_service Invalid serial format: 
WARNING 2025-10-01 23:32:58,556 migration_service Invalid serial format: 
WARNING 2025-10-01 23:32:58,557 migration_service Invalid serial format: 
WARNING 2025-10-01 23:32:58,557 migration_service Invalid serial format: 
WARNING 2025-10-01 23:32:58,557 migration_service Invalid serial format: 
WARNING 2025-10-01 23:32:58,557 migration_service Invalid serial format: 
WARNING 2025-10-01 23:32:58,557 migration_service Invalid serial format: 
WARNING 2025-10-01 23:32:58,557 migration_service Invalid serial format: 
WARNING 2025-10-01 23:32:58,557 migration_service Invalid serial format: 
WARNING 2025-10-01 23:32:58,557 migration_service Invalid serial format: 
WARNING 2025-10-01 23:32:58,557 migration_service Invalid serial format: 
WARNING 2025-10-01 23:32:58,557 migration_service Invalid serial format: 
WARNING 2025-10-01 23:32:58,557 migration_service Invalid serial format: 
WARNING 2025-10-01 23:32:58,557 migration_service Invalid serial format: 
WARNING 2025-10-01 23:32:58,557 migration_service Invalid serial format: 
WARNING 2025-10-01 23:32:58,557 migration_service Invalid serial format: 
WARNING 2025-10-01 23:32:58,557 migration_service Invalid serial format: 
WARNING 2025-10-01 23:32:58,557 migration_service Invalid serial format: 
WARNING 2025-10-01 23:32:58,557 migration_service Invalid serial format: 
WARNING 2025-10-01 23:32:58,557 migration_service Invalid serial format: 
WARNING 2025-10-01 23:32:58,558 migration_service Invalid serial format: 
WARNING 2025-10-01 23:32:58,558 migration_service Invalid serial format: 
WARNING 2025-10-01 23:32:58,558 migration_service Invalid serial format: 
WARNING 2025-10-01 23:32:58,558 migration_service Invalid serial format: 
WARNING 2025-10-01 23:32:58,558 migration_service Invalid serial format: 
WARNING 2025-10-01 23:32:58,558 migration_service Invalid serial format: 
WARNING 2025-10-01 23:32:58,558 migration_service Invalid serial format: 
WARNING 2025-10-01 23:32:58,558 migration_service Invalid serial format: 
WARNING 2025-10-01 23:32:58,558 migration_service Invalid serial format: 
WARNING 2025-10-01 23:32:58,558 migration_service Invalid serial format: 
WARNING 2025-10-01 23:32:58,558 migration_service Invalid serial format: 
WARNING 2025-10-01 23:32:58,558 migration_service Invalid serial format: 
WARNING 2025-10-01 23:32:58,558 migration_service Invalid serial format: 
WARNING 2025-10-01 23:32:58,558 migration_service Invalid serial format: 
WARNING 2025-10-01 23:32:58,558 migration_service Invalid serial format: 
WARNING 2025-10-01 23:32:58,558 migration_service Invalid serial format: 
WARNING 2025-10-01 23:32:58,558 migration_service Invalid serial format: 
WARNING 2025-10-01 23:32:58,558 migration_service Invalid serial format: 
WARNING 2025-10-01 23:32:58,558 migration_service Invalid serial format: 
WARNING 2025-10-01 23:32:58,558 migration_service Invalid serial format: 
WARNING 2025-10-01 23:32:58,558 migration_service Invalid serial format: 
WARNING 2025-10-01 23:32:58,559 migration_service Invalid serial format: 
WARNING 2025-10-01 23:32:58,559 migration_service Invalid serial format: 
WARNING 2025-10-01 23:32:58,559 migration_service Invalid serial format: 
WARNING 2025-10-01 23:32:58,559 migration_service Invalid serial format: 
WARNING 2025-10-01 23:32:58,559 migration_service Invalid serial format: 
WARNING 2025-10-01 23:32:58,559 migration_service Invalid serial format: 
WARNING 2025-10-01 23:32:58,559 migration_service Invalid serial format: 
WARNING 2025-10-01 23:32:58,559 migration_service Invalid serial format: 
WARNING 2025-10-01 23:32:58,559 migration_service Invalid serial format: 
WARNING 2025-10-01 23:32:58,559 migration_service Invalid serial format: 
WARNING 2025-10-01 23:32:58,559 migration_service Invalid serial format: 
WARNING 2025-10-01 23:32:58,559 migration_service Invalid serial format: 
WARNING 2025-10-01 23:32:58,559 migration_service Invalid serial format: 
WARNING 2025-10-01 23:32:58,559 migration_service Invalid serial format: 
WARNING 2025-10-01 23:32:58,559 migration_service Invalid serial format: 
WARNING 2025-10-01 23:32:58,559 migration_service Invalid serial format: 
WARNING 2025-10-01 23:32:58,559 migration_service Invalid serial format: 
WARNING 2025-10-01 23:32:58,559 migration_service Invalid serial format: 
WARNING 2025-10-01 23:32:58,559 migration_service Invalid serial format: 
WARNING 2025-10-01 23:32:58,559 migration_service Invalid serial format: 
WARNING 2025-10-01 23:32:58,560 migration_service Invalid serial format: 
WARNING 2025-10-01 23:32:58,560 migration_service Invalid serial format: 
WARNING 2025-10-01 23:32:58,560 migration_service Invalid serial format: 
WARNING 2025-10-01 23:32:58,560 migration_service Invalid serial format: 
WARNING 2025-10-01 23:32:58,560 migration_service Invalid serial format: 
WARNING 2025-10-01 23:32:58,560 migration_service Invalid serial format: 
WARNING 2025-10-01 23:32:58,560 migration_service Invalid serial format: 
WARNING 2025-10-01 23:32:58,560 migration_service Invalid serial format: 
WARNING 2025-10-01 23:32:58,560 migration_service Invalid serial format: 
WARNING 2025-10-01 23:32:58,560 migration_service Invalid serial format: 
WARNING 2025-10-01 23:32:58,560 migration_service Invalid serial format: 
WARNING 2025-10-01 23:32:58,560 migration_service Invalid serial format: 
WARNING 2025-10-01 23:32:58,560 migration_service Invalid serial format: 
WARNING 2025-10-01 23:32:58,560 migration_service Invalid serial format: 
WARNING 2025-10-01 23:32:58,560 migration_service Invalid serial format: 
WARNING 2025-10-01 23:32:58,560 migration_service Invalid serial format: 
WARNING 2025-10-01 23:32:58,560 migration_service Invalid serial format: 
WARNING 2025-10-01 23:32:58,560 migration_service Invalid serial format: 
WARNING 2025-10-01 23:32:58,560 migration_service Invalid serial format: 
WARNING 2025-10-01 23:32:58,561 migration_service Invalid serial format: 
WARNING 2025-10-01 23:32:58,561 migration_service Invalid serial format: 
WARNING 2025-10-01 23:32:58,561 migration_service Invalid serial format: 
WARNING 2025-10-01 23:32:58,561 migration_service Invalid serial format: 
WARNING 2025-10-01 23:32:58,561 migration_service Invalid serial format: 
WARNING 2025-10-01 23:32:58,561 migration_service Invalid serial format: 
WARNING 2025-10-01 23:32:58,561 migration_service Invalid serial format: 
WARNING 2025-10-01 23:32:58,561 migration_service Invalid serial format: 
WARNING 2025-10-01 23:32:58,561 migration_service Invalid serial format: 
WARNING 2025-10-01 23:32:58,561 migration_service Invalid serial format: 
WARNING 2025-10-01 23:32:58,561 migration_service Invalid serial format: 
WARNING 2025-10-01 23:32:58,561 migration_service Invalid serial format: 
WARNING 2025-10-01 23:32:58,561 migration_service Invalid serial format: 
WARNING 2025-10-01 23:32:58,561 migration_service Invalid serial format: 
WARNING 2025-10-01 23:32:58,561 migration_service Invalid serial format: 
WARNING 2025-10-01 23:32:58,562 migration_service Invalid serial format: 
WARNING 2025-10-01 23:32:58,562 migration_service Invalid serial format: 
WARNING 2025-10-01 23:32:58,562 migration_service Invalid serial format: 
WARNING 2025-10-01 23:32:58,562 migration_service Invalid serial format: 
WARNING 2025-10-01 23:32:58,562 migration_service Invalid serial format: 
WARNING 2025-10-01 23:32:58,562 migration_service Invalid serial format: 
WARNING 2025-10-01 23:32:58,562 migration_service Invalid serial format: 
WARNING 2025-10-01 23:32:58,562 migration_service Invalid serial format: 
WARNING 2025-10-01 23:32:58,562 migration_service Invalid serial format: 
WARNING 2025-10-01 23:32:58,563 migration_service Invalid serial format: 
WARNING 2025-10-01 23:32:58,563 migration_service Invalid serial format: 
WARNING 2025-10-01 23:32:58,563 migration_service Invalid serial format: 
WARNING 2025-10-01 23:32:58,563 migration_service Invalid serial format: 
WARNING 2025-10-01 23:32:58,563 migration_service Invalid serial format: 
WARNING 2025-10-01 23:32:58,563 migration_service Invalid serial format: 
WARNING 2025-10-01 23:32:58,563 migration_service Invalid serial format: 
WARNING 2025-10-01 23:32:58,563 migration_service Invalid serial format: 
WARNING 2025-10-01 23:32:58,563 migration_service Invalid serial format: 
WARNING 2025-10-01 23:32:58,563 migration_service Invalid serial format: 
WARNING 2025-10-01 23:32:58,564 migration_service Invalid serial format: 
WARNING 2025-10-01 23:32:58,564 migration_service Invalid serial format: 
WARNING 2025-10-01 23:32:58,564 migration_service Invalid serial format: 
WARNING 2025-10-01 23:32:58,564 migration_service Invalid serial format: 
WARNING 2025-10-01 23:32:58,564 migration_service Invalid serial format: 
WARNING 2025-10-01 23:32:58,564 migration_service Invalid serial format: 
WARNING 2025-10-01 23:32:58,564 migration_service Invalid serial format: 
WARNING 2025-10-01 23:32:58,564 migration_service Invalid serial format: 
WARNING 2025-10-01 23:32:58,564 migration_service Invalid serial format: 
WARNING 2025-10-01 23:32:58,564 migration_service Invalid serial format: 
WARNING 2025-10-01 23:32:58,564 migration_service Invalid serial format: 
WARNING 2025-10-01 23:32:58,564 migration_service Invalid serial format: 
WARNING 2025-10-01 23:32:58,564 migration_service Invalid serial format: 
WARNING 2025-10-01 23:32:58,565 migration_service Invalid serial format: 
WARNING 2025-10-01 23:32:58,565 migration_service Invalid serial format: 
WARNING 2025-10-01 23:32:58,565 migration_service Invalid serial format: 
WARNING 2025-10-01 23:32:58,565 migration_service Invalid serial format: 
WARNING 2025-10-01 23:32:58,565 migration_service Invalid serial format: 
WARNING 2025-10-01 23:32:58,565 migration_service Invalid serial format: 
WARNING 2025-10-01 23:32:58,565 migration_service Invalid serial format: 
WARNING 2025-10-01 23:32:58,565 migration_service Invalid serial format: 
WARNING 2025-10-01 23:32:58,565 migration_service Invalid serial format: 
WARNING 2025-10-01 23:32:58,565 migration_service Invalid serial format: 
WARNING 2025-10-01 23:32:58,565 migration_service Invalid serial format: 
WARNING 2025-10-01 23:32:58,565 migration_service Invalid serial format: 
WARNING 2025-10-01 23:32:58,565 migration_service Invalid serial format: 
WARNING 2025-10-01 23:32:58,566 migration_service Invalid serial format: 
WARNING 2025-10-01 23:32:58,566 migration_service Invalid serial format: 
WARNING 2025-10-01 23:32:58,566 migration_service Invalid serial format: 
WARNING 2025-10-01 23:32:58,566 migration_service Invalid serial format: 
WARNING 2025-10-01 23:32:58,566 migration_service Invalid serial format: 
WARNING 2025-10-01 23:32:58,566 migration_service Invalid serial format: 
WARNING 2025-10-01 23:32:58,566 migration_service Invalid serial format: 
WARNING 2025-10-01 23:32:58,566 migration_service Invalid serial format: 
WARNING 2025-10-01 23:32:58,566 migration_service Invalid serial format: 
WARNING 2025-10-01 23:32:58,566 migration_service Invalid serial format: 
WARNING 2025-10-01 23:32:58,566 migration_service Invalid serial format: 
WARNING 2025-10-01 23:32:58,566 migration_service Invalid serial format: 
WARNING 2025-10-01 23:32:58,566 migration_service Invalid serial format: 
WARNING 2025-10-01 23:32:58,566 migration_service Invalid serial format: 
WARNING 2025-10-01 23:32:58,567 migration_service Invalid serial format: 
WARNING 2025-10-01 23:32:58,567 migration_service Invalid serial format: 
WARNING 2025-10-01 23:32:58,567 migration_service Invalid serial format: 
WARNING 2025-10-01 23:32:58,567 migration_service Invalid serial format: 
WARNING 2025-10-01 23:32:58,567 migration_service Invalid serial format: 
WARNING 2025-10-01 23:32:58,567 migration_service Invalid serial format: 
WARNING 2025-10-01 23:32:58,567 migration_service Invalid serial format: 
WARNING 2025-10-01 23:32:58,567 migration_service Invalid serial format: 
WARNING 2025-10-01 23:32:58,567 migration_service Invalid serial format: 
WARNING 2025-10-01 23:32:58,567 migration_service Invalid serial format: 
WARNING 2025-10-01 23:32:58,567 migration_service Invalid serial format: 
WARNING 2025-10-01 23:32:58,567 migration_service Invalid serial format: 
WARNING 2025-10-01 23:32:58,567 migration_service Invalid serial format: 
WARNING 2025-10-01 23:32:58,567 migration_service Invalid serial format: 
WARNING 2025-10-01 23:32:58,568 migration_service Invalid serial format: 
WARNING 2025-10-01 23:32:58,568 migration_service Invalid serial format: 
WARNING 2025-10-01 23:32:58,568 migration_service Invalid serial format: 
WARNING 2025-10-01 23:32:58,568 migration_service Invalid serial format: 
WARNING 2025-10-01 23:32:58,568 migration_service Invalid serial format: 
WARNING 2025-10-01 23:32:58,568 migration_service Invalid serial format: 
WARNING 2025-10-01 23:32:58,568 migration_service Invalid serial format: 
WARNING 2025-10-01 23:32:58,568 migration_service Invalid serial format: 
WARNING 2025-10-01 23:32:58,568 migration_service Invalid serial format: 
WARNING 2025-10-01 23:32:58,568 migration_service Invalid serial format: 
WARNING 2025-10-01 23:32:58,568 migration_service Invalid serial format: 
WARNING 2025-10-01 23:32:58,568 migration_service Invalid serial format: 
WARNING 2025-10-01 23:32:58,568 migration_service Invalid serial format: 
WARNING 2025-10-01 23:32:58,568 migration_service Invalid serial format: 
WARNING 2025-10-01 23:32:58,568 migration_service Invalid serial format: 
WARNING 2025-10-01 23:32:58,568 migration_service Invalid serial format: 
WARNING 2025-10-01 23:32:58,568 migration_service Invalid serial format: 
WARNING 2025-10-01 23:32:58,568 migration_service Invalid serial format: 
WARNING 2025-10-01 23:32:58,568 migration_service Invalid serial format: 
WARNING 2025-10-01 23:32:58,569 migration_service Invalid serial format: 
WARNING 2025-10-01 23:32:58,569 migration_service Invalid serial format: 
WARNING 2025-10-01 23:32:58,569 migration_service Invalid serial format: 
WARNING 2025-10-01 23:32:58,569 migration_service Invalid serial format: 
WARNING 2025-10-01 23:32:58,569 migration_service Invalid serial format: 
WARNING 2025-10-01 23:32:58,569 migration_service Invalid serial format: 
WARNING 2025-10-01 23:32:58,569 migration_service Invalid serial format: 
WARNING 2025-10-01 23:32:58,569 migration_service Invalid serial format: 
WARNING 2025-10-01 23:32:58,569 migration_service Invalid serial format: 
WARNING 2025-10-01 23:32:58,569 migration_service Invalid serial format: 
WARNING 2025-10-01 23:32:58,569 migration_service Invalid serial format: 
WARNING 2025-10-01 23:32:58,569 migration_service Invalid serial format: 
WARNING 2025-10-01 23:32:58,569 migration_service Invalid serial format: 
WARNING 2025-10-01 23:32:58,570 migration_service Invalid serial format: 
WARNING 2025-10-01 23:32:58,570 migration_service Invalid serial format: 
WARNING 2025-10-01 23:32:58,570 migration_service Invalid serial format: 
WARNING 2025-10-01 23:32:58,570 migration_service Invalid serial format: 
WARNING 2025-10-01 23:32:58,570 migration_service Invalid serial format: 
WARNING 2025-10-01 23:32:58,570 migration_service Invalid serial format: 
WARNING 2025-10-01 23:32:58,570 migration_service Invalid serial format: 
WARNING 2025-10-01 23:32:58,570 migration_service Invalid serial format: 
WARNING 2025-10-01 23:32:58,570 migration_service Invalid serial format: 
WARNING 2025-10-01 23:32:58,570 migration_service Invalid serial format: 
WARNING 2025-10-01 23:32:58,570 migration_service Invalid serial format: 
WARNING 2025-10-01 23:32:58,570 migration_service Invalid serial format: 
WARNING 2025-10-01 23:32:58,570 migration_service Invalid serial format: 
WARNING 2025-10-01 23:32:58,571 migration_service Invalid serial format: 
WARNING 2025-10-01 23:32:58,571 migration_service Invalid serial format: 
WARNING 2025-10-01 23:32:58,571 migration_service Invalid serial format: 
WARNING 2025-10-01 23:32:58,571 migration_service Invalid serial format: 
WARNING 2025-10-01 23:32:58,571 migration_service Invalid serial format: 
WARNING 2025-10-01 23:32:58,571 migration_service Invalid serial format: 
WARNING 2025-10-01 23:32:58,571 migration_service Invalid serial format: 
WARNING 2025-10-01 23:32:58,571 migration_service Invalid serial format: 
WARNING 2025-10-01 23:32:58,571 migration_service Invalid serial format: 
WARNING 2025-10-01 23:32:58,571 migration_service Invalid serial format: 
WARNING 2025-10-01 23:32:58,571 migration_service Invalid serial format: 
WARNING 2025-10-01 23:32:58,571 migration_service Invalid serial format: 
WARNING 2025-10-01 23:32:58,571 migration_service Invalid serial format: 
WARNING 2025-10-01 23:32:58,571 migration_service Invalid serial format: 
WARNING 2025-10-01 23:32:58,571 migration_service Invalid serial format: 
WARNING 2025-10-01 23:32:58,571 migration_service Invalid serial format: 
WARNING 2025-10-01 23:32:58,571 migration_service Invalid serial format: 
WARNING 2025-10-01 23:32:58,571 migration_service Invalid serial format: 
WARNING 2025-10-01 23:32:58,572 migration_service Invalid serial format: 
WARNING 2025-10-01 23:32:58,572 migration_service Invalid serial format: 
WARNING 2025-10-01 23:32:58,572 migration_service Invalid serial format: 
WARNING 2025-10-01 23:32:58,572 migration_service Invalid serial format: 
WARNING 2025-10-01 23:32:58,572 migration_service Invalid serial format: 
WARNING 2025-10-01 23:32:58,572 migration_service Invalid serial format: 
WARNING 2025-10-01 23:32:58,572 migration_service Invalid serial format: 
WARNING 2025-10-01 23:32:58,572 migration_service Invalid serial format: 
WARNING 2025-10-01 23:32:58,572 migration_service Invalid serial format: 
WARNING 2025-10-01 23:32:58,572 migration_service Invalid serial format: 
WARNING 2025-10-01 23:32:58,572 migration_service Invalid serial format: 
WARNING 2025-10-01 23:32:58,572 migration_service Invalid serial format: 
WARNING 2025-10-01 23:32:58,572 migration_service Invalid serial format: 
WARNING 2025-10-01 23:32:58,572 migration_service Invalid serial format: 
WARNING 2025-10-01 23:32:58,572 migration_service Invalid serial format: 
WARNING 2025-10-01 23:32:58,572 migration_service Invalid serial format: 
WARNING 2025-10-01 23:32:58,572 migration_service Invalid serial format: 
WARNING 2025-10-01 23:32:58,572 migration_service Invalid serial format: 
WARNING 2025-10-01 23:32:58,572 migration_service Invalid serial format: 
WARNING 2025-10-01 23:32:58,573 migration_service Invalid serial format: 
WARNING 2025-10-01 23:32:58,573 migration_service Invalid serial format: 
WARNING 2025-10-01 23:32:58,573 migration_service Invalid serial format: 
WARNING 2025-10-01 23:32:58,573 migration_service Invalid serial format: 
WARNING 2025-10-01 23:32:58,573 migration_service Invalid serial format: 
WARNING 2025-10-01 23:32:58,573 migration_service Invalid serial format: 
WARNING 2025-10-01 23:32:58,573 migration_service Invalid serial format: 
WARNING 2025-10-01 23:32:58,573 migration_service Invalid serial format: 
WARNING 2025-10-01 23:32:58,573 migration_service Invalid serial format: 
WARNING 2025-10-01 23:32:58,573 migration_service Invalid serial format: 
WARNING 2025-10-01 23:32:58,573 migration_service Invalid serial format: 
WARNING 2025-10-01 23:32:58,573 migration_service Invalid serial format: 
WARNING 2025-10-01 23:32:58,573 migration_service Invalid serial format: 
WARNING 2025-10-01 23:32:58,573 migration_service Invalid serial format: 
WARNING 2025-10-01 23:32:58,573 migration_service Invalid serial format: 
WARNING 2025-10-01 23:32:58,573 migration_service Invalid serial format: 
WARNING 2025-10-01 23:32:58,573 migration_service Invalid serial format: 
WARNING 2025-10-01 23:32:58,573 migration_service Invalid serial format: 
WARNING 2025-10-01 23:32:58,573 migration_service Invalid serial format: 
WARNING 2025-10-01 23:32:58,574 migration_service Invalid serial format: 
WARNING 2025-10-01 23:32:58,574 migration_service Invalid serial format: 
WARNING 2025-10-01 23:32:58,574 migration_service Invalid serial format: 
WARNING 2025-10-01 23:32:58,574 migration_service Invalid serial format: 
WARNING 2025-10-01 23:32:58,574 migration_service Invalid serial format: 
WARNING 2025-10-01 23:32:58,574 migration_service Invalid serial format: 
WARNING 2025-10-01 23:32:58,574 migration_service Invalid serial format: 
WARNING 2025-10-01 23:32:58,574 migration_service Invalid serial format: 
WARNING 2025-10-01 23:32:58,574 migration_service Invalid serial format: 
WARNING 2025-10-01 23:32:58,574 migration_service Invalid serial format: 
WARNING 2025-10-01 23:32:58,574 migration_service Invalid serial format: 
WARNING 2025-10-01 23:32:58,574 migration_service Invalid serial format: 
WARNING 2025-10-01 23:32:58,574 migration_service Invalid serial format: 
WARNING 2025-10-01 23:32:58,574 migration_service Invalid serial format: 
WARNING 2025-10-01 23:32:58,574 migration_service Invalid serial format: 
WARNING 2025-10-01 23:32:58,574 migration_service Invalid serial format: 
WARNING 2025-10-01 23:32:58,574 migration_service Invalid serial format: 
WARNING 2025-10-01 23:32:58,575 migration_service Invalid serial format: 
WARNING 2025-10-01 23:32:58,575 migration_service Invalid serial format: 
WARNING 2025-10-01 23:32:58,575 migration_service Invalid serial format: 
WARNING 2025-10-01 23:32:58,575 migration_service Invalid serial format: 
WARNING 2025-10-01 23:32:58,575 migration_service Invalid serial format: 
WARNING 2025-10-01 23:32:58,575 migration_service Invalid serial format: 
WARNING 2025-10-01 23:32:58,575 migration_service Invalid serial format: 
WARNING 2025-10-01 23:32:58,575 migration_service Invalid serial format: 
WARNING 2025-10-01 23:32:58,575 migration_service Invalid serial format: 
WARNING 2025-10-01 23:32:58,575 migration_service Invalid serial format: 
WARNING 2025-10-01 23:32:58,575 migration_service Invalid serial format: 
WARNING 2025-10-01 23:32:58,575 migration_service Invalid serial format: 
WARNING 2025-10-01 23:32:58,575 migration_service Invalid serial format: 
WARNING 2025-10-01 23:32:58,575 migration_service Invalid serial format: 
WARNING 2025-10-01 23:32:58,575 migration_service Invalid serial format: 
WARNING 2025-10-01 23:32:58,575 migration_service Invalid serial format: 
WARNING 2025-10-01 23:32:58,575 migration_service Invalid serial format: 
WARNING 2025-10-01 23:32:58,575 migration_service Invalid serial format: 
WARNING 2025-10-01 23:32:58,576 migration_service Invalid serial format: 
WARNING 2025-10-01 23:32:58,576 migration_service Invalid serial format: 
WARNING 2025-10-01 23:32:58,576 migration_service Invalid serial format: 
WARNING 2025-10-01 23:32:58,576 migration_service Invalid serial format: 
WARNING 2025-10-01 23:32:58,576 migration_service Invalid serial format: 
WARNING 2025-10-01 23:32:58,576 migration_service Invalid serial format: 
WARNING 2025-10-01 23:32:58,576 migration_service Invalid serial format: 
WARNING 2025-10-01 23:32:58,576 migration_service Invalid serial format: 
WARNING 2025-10-01 23:32:58,576 migration_service Invalid serial format: 
WARNING 2025-10-01 23:32:58,576 migration_service Invalid serial format: 
WARNING 2025-10-01 23:32:58,576 migration_service Invalid serial format: 
WARNING 2025-10-01 23:32:58,576 migration_service Invalid serial format: 
WARNING 2025-10-01 23:32:58,576 migration_service Invalid serial format: 
WARNING 2025-10-01 23:32:58,576 migration_service Invalid serial format: 
WARNING 2025-10-01 23:32:58,576 migration_service Invalid serial format: 
WARNING 2025-10-01 23:32:58,576 migration_service Invalid serial format: 
WARNING 2025-10-01 23:32:58,576 migration_service Invalid serial format: 
WARNING 2025-10-01 23:32:58,577 migration_service Invalid serial format: 
WARNING 2025-10-01 23:32:58,577 migration_service Invalid serial format: 
WARNING 2025-10-01 23:32:58,577 migration_service Invalid serial format: 
WARNING 2025-10-01 23:32:58,577 migration_service Invalid serial format: 
WARNING 2025-10-01 23:32:58,577 migration_service Invalid serial format: 
WARNING 2025-10-01 23:32:58,577 migration_service Invalid serial format: 
WARNING 2025-10-01 23:32:58,577 migration_service Invalid serial format: 
WARNING 2025-10-01 23:32:58,577 migration_service Invalid serial format: 
WARNING 2025-10-01 23:32:58,577 migration_service Invalid serial format: 
WARNING 2025-10-01 23:32:58,577 migration_service Invalid serial format: 
WARNING 2025-10-01 23:32:58,577 migration_service Invalid serial format: 
WARNING 2025-10-01 23:32:58,577 migration_service Invalid serial format: 
WARNING 2025-10-01 23:32:58,577 migration_service Invalid serial format: 
WARNING 2025-10-01 23:32:58,577 migration_service Invalid serial format: 
WARNING 2025-10-01 23:32:58,577 migration_service Invalid serial format: 
WARNING 2025-10-01 23:32:58,577 migration_service Invalid serial format: 
WARNING 2025-10-01 23:32:58,578 migration_service Invalid serial format: 
WARNING 2025-10-01 23:32:58,578 migration_service Invalid serial format: 
WARNING 2025-10-01 23:32:58,578 migration_service Invalid serial format: 
WARNING 2025-10-01 23:32:58,578 migration_service Invalid serial format: 
WARNING 2025-10-01 23:32:58,578 migration_service Invalid serial format: 
WARNING 2025-10-01 23:32:58,578 migration_service Invalid serial format: 
WARNING 2025-10-01 23:32:58,578 migration_service Invalid serial format: 
WARNING 2025-10-01 23:32:58,578 migration_service Invalid serial format: 
WARNING 2025-10-01 23:32:58,578 migration_service Invalid serial format: 
WARNING 2025-10-01 23:32:58,578 migration_service Invalid serial format: 
WARNING 2025-10-01 23:32:58,578 migration_service Invalid serial format: 
WARNING 2025-10-01 23:32:58,578 migration_service Invalid serial format: 
WARNING 2025-10-01 23:32:58,578 migration_service Invalid serial format: 
WARNING 2025-10-01 23:32:58,578 migration_service Invalid serial format: 
WARNING 2025-10-01 23:32:58,578 migration_service Invalid serial format: 
WARNING 2025-10-01 23:32:58,578 migration_service Invalid serial format: 
WARNING 2025-10-01 23:32:58,578 migration_service Invalid serial format: 
WARNING 2025-10-01 23:32:58,578 migration_service Invalid serial format: 
WARNING 2025-10-01 23:32:58,578 migration_service Invalid serial format: 
WARNING 2025-10-01 23:32:58,579 migration_service Invalid serial format: 
WARNING 2025-10-01 23:32:58,579 migration_service Invalid serial format: 
WARNING 2025-10-01 23:32:58,579 migration_service Invalid serial format: 
WARNING 2025-10-01 23:32:58,579 migration_service Invalid serial format: 
WARNING 2025-10-01 23:32:58,579 migration_service Invalid serial format: 
WARNING 2025-10-01 23:32:58,579 migration_service Invalid serial format: 
WARNING 2025-10-01 23:32:58,579 migration_service Invalid serial format: 
WARNING 2025-10-01 23:32:58,579 migration_service Invalid serial format: 
WARNING 2025-10-01 23:32:58,579 migration_service Invalid serial format: 
WARNING 2025-10-01 23:32:58,579 migration_service Invalid serial format: 
WARNING 2025-10-01 23:32:58,579 migration_service Invalid serial format: 
WARNING 2025-10-01 23:32:58,579 migration_service Invalid serial format: 
WARNING 2025-10-01 23:32:58,579 migration_service Invalid serial format: 
WARNING 2025-10-01 23:32:58,579 migration_service Invalid serial format: 
WARNING 2025-10-01 23:32:58,579 migration_service Invalid serial format: 
WARNING 2025-10-01 23:32:58,579 migration_service Invalid serial format: 
WARNING 2025-10-01 23:32:58,579 migration_service Invalid serial format: 
WARNING 2025-10-01 23:32:58,579 migration_service Invalid serial format: 
WARNING 2025-10-01 23:32:58,579 migration_service Invalid serial format: 
WARNING 2025-10-01 23:32:58,579 migration_service Invalid serial format: 
WARNING 2025-10-01 23:32:58,580 migration_service Invalid serial format: 
WARNING 2025-10-01 23:32:58,580 migration_service Invalid serial format: 
WARNING 2025-10-01 23:32:58,580 migration_service Invalid serial format: 
WARNING 2025-10-01 23:32:58,580 migration_service Invalid serial format: 
WARNING 2025-10-01 23:32:58,580 migration_service Invalid serial format: 
WARNING 2025-10-01 23:32:58,580 migration_service Invalid serial format: 
WARNING 2025-10-01 23:32:58,580 migration_service Invalid serial format: 
WARNING 2025-10-01 23:32:58,580 migration_service Invalid serial format: 
WARNING 2025-10-01 23:32:58,580 migration_service Invalid serial format: 
WARNING 2025-10-01 23:32:58,580 migration_service Invalid serial format: 
WARNING 2025-10-01 23:32:58,580 migration_service Invalid serial format: 
WARNING 2025-10-01 23:32:58,580 migration_service Invalid serial format: 
WARNING 2025-10-01 23:32:58,580 migration_service Invalid serial format: 
WARNING 2025-10-01 23:32:58,580 migration_service Invalid serial format: 
WARNING 2025-10-01 23:32:58,580 migration_service Invalid serial format: 
WARNING 2025-10-01 23:32:58,580 migration_service Invalid serial format: 
WARNING 2025-10-01 23:32:58,580 migration_service Invalid serial format: 
WARNING 2025-10-01 23:32:58,580 migration_service Invalid serial format: 
WARNING 2025-10-01 23:32:58,581 migration_service Invalid serial format: 
WARNING 2025-10-01 23:32:58,581 migration_service Invalid serial format: 
WARNING 2025-10-01 23:32:58,581 migration_service Invalid serial format: 
WARNING 2025-10-01 23:32:58,581 migration_service Invalid serial format: 
WARNING 2025-10-01 23:32:58,581 migration_service Invalid serial format: 
WARNING 2025-10-01 23:32:58,581 migration_service Invalid serial format: 
WARNING 2025-10-01 23:32:58,581 migration_service Invalid serial format: 
WARNING 2025-10-01 23:32:58,581 migration_service Invalid serial format: 
WARNING 2025-10-01 23:32:58,581 migration_service Invalid serial format: 
WARNING 2025-10-01 23:32:58,581 migration_service Invalid serial format: 
WARNING 2025-10-01 23:32:58,581 migration_service Invalid serial format: 
WARNING 2025-10-01 23:32:58,581 migration_service Invalid serial format: 
WARNING 2025-10-01 23:32:58,581 migration_service Invalid serial format: 
WARNING 2025-10-01 23:32:58,581 migration_service Invalid serial format: 
WARNING 2025-10-01 23:32:58,581 migration_service Invalid serial format: 
WARNING 2025-10-01 23:32:58,581 migration_service Invalid serial format: 
WARNING 2025-10-01 23:32:58,581 migration_service Invalid serial format: 
WARNING 2025-10-01 23:32:58,582 migration_service Invalid serial format: 
WARNING 2025-10-01 23:32:58,582 migration_service Invalid serial format: 
WARNING 2025-10-01 23:32:58,582 migration_service Invalid serial format: 
WARNING 2025-10-01 23:32:58,582 migration_service Invalid serial format: 
WARNING 2025-10-01 23:32:58,582 migration_service Invalid serial format: 
WARNING 2025-10-01 23:32:58,582 migration_service Invalid serial format: 
WARNING 2025-10-01 23:32:58,582 migration_service Invalid serial format: 
WARNING 2025-10-01 23:32:58,582 migration_service Invalid serial format: 
WARNING 2025-10-01 23:32:58,582 migration_service Invalid serial format: 
WARNING 2025-10-01 23:32:58,582 migration_service Invalid serial format: 
WARNING 2025-10-01 23:32:58,582 migration_service Invalid serial format: 
WARNING 2025-10-01 23:32:58,583 migration_service Invalid serial format: 
WARNING 2025-10-01 23:32:58,583 migration_service Invalid serial format: 
WARNING 2025-10-01 23:32:58,583 migration_service Invalid serial format: 
WARNING 2025-10-01 23:32:58,583 migration_service Invalid serial format: 
WARNING 2025-10-01 23:32:58,583 migration_service Invalid serial format: 
WARNING 2025-10-01 23:32:58,583 migration_service Invalid serial format: 
WARNING 2025-10-01 23:32:58,583 migration_service Invalid serial format: 
WARNING 2025-10-01 23:32:58,583 migration_service Invalid serial format: 
WARNING 2025-10-01 23:32:58,583 migration_service Invalid serial format: 
WARNING 2025-10-01 23:32:58,584 migration_service Invalid serial format: 
WARNING 2025-10-01 23:32:58,584 migration_service Invalid serial format: 
WARNING 2025-10-01 23:32:58,584 migration_service Invalid serial format: 
WARNING 2025-10-01 23:32:58,584 migration_service Invalid serial format: 
WARNING 2025-10-01 23:32:58,584 migration_service Invalid serial format: 
WARNING 2025-10-01 23:32:58,584 migration_service Invalid serial format: 
WARNING 2025-10-01 23:32:58,584 migration_service Invalid serial format: 
WARNING 2025-10-01 23:32:58,584 migration_service Invalid serial format: 
WARNING 2025-10-01 23:32:58,584 migration_service Invalid serial format: 
WARNING 2025-10-01 23:32:58,584 migration_service Invalid serial format: 
WARNING 2025-10-01 23:32:58,584 migration_service Invalid serial format: 
WARNING 2025-10-01 23:32:58,584 migration_service Invalid serial format: 
WARNING 2025-10-01 23:32:58,585 migration_service Invalid serial format: 
WARNING 2025-10-01 23:32:58,585 migration_service Invalid serial format: 
WARNING 2025-10-01 23:32:58,585 migration_service Invalid serial format: 
WARNING 2025-10-01 23:32:58,585 migration_service Invalid serial format: 
WARNING 2025-10-01 23:32:58,585 migration_service Invalid serial format: 
WARNING 2025-10-01 23:32:58,585 migration_service Invalid serial format: 
WARNING 2025-10-01 23:32:58,585 migration_service Invalid serial format: 
WARNING 2025-10-01 23:32:58,585 migration_service Invalid serial format: 
WARNING 2025-10-01 23:32:58,585 migration_service Invalid serial format: 
WARNING 2025-10-01 23:32:58,585 migration_service Invalid serial format: 
WARNING 2025-10-01 23:32:58,585 migration_service Invalid serial format: 
WARNING 2025-10-01 23:32:58,585 migration_service Invalid serial format: 
WARNING 2025-10-01 23:32:58,585 migration_service Invalid serial format: 
WARNING 2025-10-01 23:32:58,586 migration_service Invalid serial format: 
WARNING 2025-10-01 23:32:58,586 migration_service Invalid serial format: 
WARNING 2025-10-01 23:32:58,586 migration_service Invalid serial format: 
WARNING 2025-10-01 23:32:58,586 migration_service Invalid serial format: 
WARNING 2025-10-01 23:32:58,586 migration_service Invalid serial format: 
WARNING 2025-10-01 23:32:58,586 migration_service Invalid serial format: 
WARNING 2025-10-01 23:32:58,586 migration_service Invalid serial format: 
WARNING 2025-10-01 23:32:58,586 migration_service Invalid serial format: 
WARNING 2025-10-01 23:32:58,586 migration_service Invalid serial format: 
WARNING 2025-10-01 23:32:58,587 migration_service Invalid serial format: 
WARNING 2025-10-01 23:32:58,587 migration_service Invalid serial format: 
WARNING 2025-10-01 23:32:58,587 migration_service Invalid serial format: 
WARNING 2025-10-01 23:32:58,587 migration_service Invalid serial format: 
WARNING 2025-10-01 23:32:58,587 migration_service Invalid serial format: 
WARNING 2025-10-01 23:32:58,587 migration_service Invalid serial format: 
WARNING 2025-10-01 23:32:58,587 migration_service Invalid serial format: 
WARNING 2025-10-01 23:32:58,587 migration_service Invalid serial format: 
WARNING 2025-10-01 23:32:58,587 migration_service Invalid serial format: 
WARNING 2025-10-01 23:32:58,587 migration_service Invalid serial format: 
WARNING 2025-10-01 23:32:58,587 migration_service Invalid serial format: 
WARNING 2025-10-01 23:32:58,587 migration_service Invalid serial format: 
WARNING 2025-10-01 23:32:58,587 migration_service Invalid serial format: 
WARNING 2025-10-01 23:32:58,587 migration_service Invalid serial format: 
WARNING 2025-10-01 23:32:58,588 migration_service Invalid serial format: 
WARNING 2025-10-01 23:32:58,588 migration_service Invalid serial format: 
WARNING 2025-10-01 23:32:58,588 migration_service Invalid serial format: 
WARNING 2025-10-01 23:32:58,588 migration_service Invalid serial format: 
WARNING 2025-10-01 23:32:58,588 migration_service Invalid serial format: 
WARNING 2025-10-01 23:32:58,588 migration_service Invalid serial format: 
WARNING 2025-10-01 23:32:58,588 migration_service Invalid serial format: 
WARNING 2025-10-01 23:32:58,588 migration_service Invalid serial format: 
WARNING 2025-10-01 23:32:58,588 migration_service Invalid serial format: 
WARNING 2025-10-01 23:32:58,588 migration_service Invalid serial format: 
WARNING 2025-10-01 23:32:58,588 migration_service Invalid serial format: 
WARNING 2025-10-01 23:32:58,588 migration_service Invalid serial format: 
WARNING 2025-10-01 23:32:58,588 migration_service Invalid serial format: 
WARNING 2025-10-01 23:32:58,588 migration_service Invalid serial format: 
WARNING 2025-10-01 23:32:58,589 migration_service Invalid serial format: 
WARNING 2025-10-01 23:32:58,589 migration_service Invalid serial format: 
WARNING 2025-10-01 23:32:58,589 migration_service Invalid serial format: 
WARNING 2025-10-01 23:32:58,589 migration_service Invalid serial format: 
WARNING 2025-10-01 23:32:58,589 migration_service Invalid serial format: 
WARNING 2025-10-01 23:32:58,589 migration_service Invalid serial format: 
WARNING 2025-10-01 23:32:58,589 migration_service Invalid serial format: 
WARNING 2025-10-01 23:32:58,589 migration_service Invalid serial format: 
WARNING 2025-10-01 23:32:58,589 migration_service Invalid serial format: 
WARNING 2025-10-01 23:32:58,589 migration_service Invalid serial format: 
WARNING 2025-10-01 23:32:58,589 migration_service Invalid serial format: 
WARNING 2025-10-01 23:32:58,589 migration_service Invalid serial format: 
WARNING 2025-10-01 23:32:58,589 migration_service Invalid serial format: 
WARNING 2025-10-01 23:32:58,589 migration_service Invalid serial format: 
WARNING 2025-10-01 23:32:58,589 migration_service Invalid serial format: 
WARNING 2025-10-01 23:32:58,589 migration_service Invalid serial format: 
WARNING 2025-10-01 23:32:58,590 migration_service Invalid serial format: 
WARNING 2025-10-01 23:32:58,590 migration_service Invalid serial format: 
WARNING 2025-10-01 23:32:58,590 migration_service Invalid serial format: 
WARNING 2025-10-01 23:32:58,590 migration_service Invalid serial format: 
WARNING 2025-10-01 23:32:58,590 migration_service Invalid serial format: 
WARNING 2025-10-01 23:32:58,590 migration_service Invalid serial format: 
WARNING 2025-10-01 23:32:58,590 migration_service Invalid serial format: 
WARNING 2025-10-01 23:32:58,590 migration_service Invalid serial format: 
WARNING 2025-10-01 23:32:58,590 migration_service Invalid serial format: 
WARNING 2025-10-01 23:32:58,590 migration_service Invalid serial format: 
WARNING 2025-10-01 23:32:58,590 migration_service Invalid serial format: 
WARNING 2025-10-01 23:32:58,590 migration_service Invalid serial format: 
WARNING 2025-10-01 23:32:58,591 migration_service Invalid serial format: 
WARNING 2025-10-01 23:32:58,591 migration_service Invalid serial format: 
WARNING 2025-10-01 23:32:58,591 migration_service Invalid serial format: 
WARNING 2025-10-01 23:32:58,591 migration_service Invalid serial format: 
WARNING 2025-10-01 23:32:58,591 migration_service Invalid serial format: 
WARNING 2025-10-01 23:32:58,591 migration_service Invalid serial format: 
WARNING 2025-10-01 23:32:58,591 migration_service Invalid serial format: 
WARNING 2025-10-01 23:32:58,591 migration_service Invalid serial format: 
WARNING 2025-10-01 23:32:58,591 migration_service Invalid serial format: 
WARNING 2025-10-01 23:32:58,591 migration_service Invalid serial format: 
WARNING 2025-10-01 23:32:58,591 migration_service Invalid serial format: 
WARNING 2025-10-01 23:32:58,592 migration_service Invalid serial format: 
WARNING 2025-10-01 23:32:58,592 migration_service Invalid serial format: 
WARNING 2025-10-01 23:32:58,592 migration_service Invalid serial format: 
WARNING 2025-10-01 23:32:58,592 migration_service Invalid serial format: 
WARNING 2025-10-01 23:32:58,592 migration_service Invalid serial format: 
WARNING 2025-10-01 23:32:58,592 migration_service Invalid serial format: 
WARNING 2025-10-01 23:32:58,592 migration_service Invalid serial format: 
WARNING 2025-10-01 23:32:58,592 migration_service Invalid serial format: 
WARNING 2025-10-01 23:32:58,592 migration_service Invalid serial format: 
WARNING 2025-10-01 23:32:58,592 migration_service Invalid serial format: 
WARNING 2025-10-01 23:32:58,592 migration_service Invalid serial format: 
WARNING 2025-10-01 23:32:58,592 migration_service Invalid serial format: 
WARNING 2025-10-01 23:32:58,592 migration_service Invalid serial format: 
WARNING 2025-10-01 23:32:58,592 migration_service Invalid serial format: 
WARNING 2025-10-01 23:32:58,592 migration_service Invalid serial format: 
WARNING 2025-10-01 23:32:58,593 migration_service Invalid serial format: 
WARNING 2025-10-01 23:32:58,593 migration_service Invalid serial format: 
WARNING 2025-10-01 23:32:58,593 migration_service Invalid serial format: 
WARNING 2025-10-01 23:32:58,593 migration_service Invalid serial format: 
WARNING 2025-10-01 23:32:58,593 migration_service Invalid serial format: 
WARNING 2025-10-01 23:32:58,593 migration_service Invalid serial format: 
WARNING 2025-10-01 23:32:58,593 migration_service Invalid serial format: 
WARNING 2025-10-01 23:32:58,593 migration_service Invalid serial format: 
WARNING 2025-10-01 23:32:58,593 migration_service Invalid serial format: 
WARNING 2025-10-01 23:32:58,593 migration_service Invalid serial format: 
WARNING 2025-10-01 23:32:58,593 migration_service Invalid serial format: 
WARNING 2025-10-01 23:32:58,593 migration_service Invalid serial format: 
WARNING 2025-10-01 23:32:58,593 migration_service Invalid serial format: 
WARNING 2025-10-01 23:32:58,593 migration_service Invalid serial format: 
WARNING 2025-10-01 23:32:58,593 migration_service Invalid serial format: 
WARNING 2025-10-01 23:32:58,594 migration_service Invalid serial format: 
WARNING 2025-10-01 23:32:58,594 migration_service Invalid serial format: 
WARNING 2025-10-01 23:32:58,594 migration_service Invalid serial format: 
WARNING 2025-10-01 23:32:58,594 migration_service Invalid serial format: 
WARNING 2025-10-01 23:32:58,594 migration_service Invalid serial format: 
WARNING 2025-10-01 23:32:58,594 migration_service Invalid serial format: 
WARNING 2025-10-01 23:32:58,594 migration_service Invalid serial format: 
WARNING 2025-10-01 23:32:58,594 migration_service Invalid serial format: 
WARNING 2025-10-01 23:32:58,594 migration_service Invalid serial format: 
WARNING 2025-10-01 23:32:58,594 migration_service Invalid serial format: 
WARNING 2025-10-01 23:32:58,594 migration_service Invalid serial format: 
WARNING 2025-10-01 23:32:58,594 migration_service Invalid serial format: 
WARNING 2025-10-01 23:32:58,594 migration_service Invalid serial format: 
WARNING 2025-10-01 23:32:58,594 migration_service Invalid serial format: 
WARNING 2025-10-01 23:32:58,595 migration_service Invalid serial format: 
WARNING 2025-10-01 23:32:58,595 migration_service Invalid serial format: 
WARNING 2025-10-01 23:32:58,595 migration_service Invalid serial format: 
WARNING 2025-10-01 23:32:58,595 migration_service Invalid serial format: 
WARNING 2025-10-01 23:32:58,595 migration_service Invalid serial format: 
WARNING 2025-10-01 23:32:58,595 migration_service Invalid serial format: 
WARNING 2025-10-01 23:32:58,595 migration_service Invalid serial format: 
WARNING 2025-10-01 23:32:58,595 migration_service Invalid serial format: 
WARNING 2025-10-01 23:32:58,595 migration_service Invalid serial format: 
WARNING 2025-10-01 23:32:58,595 migration_service Invalid serial format: 
WARNING 2025-10-01 23:32:58,595 migration_service Invalid serial format: 
WARNING 2025-10-01 23:32:58,595 migration_service Invalid serial format: 
WARNING 2025-10-01 23:32:58,595 migration_service Invalid serial format: 
WARNING 2025-10-01 23:32:58,595 migration_service Invalid serial format: 
WARNING 2025-10-01 23:32:58,596 migration_service Invalid serial format: 
WARNING 2025-10-01 23:32:58,596 migration_service Invalid serial format: 
WARNING 2025-10-01 23:32:58,596 migration_service Invalid serial format: 
WARNING 2025-10-01 23:32:58,596 migration_service Invalid serial format: 
WARNING 2025-10-01 23:32:58,596 migration_service Invalid serial format: 
WARNING 2025-10-01 23:32:58,596 migration_service Invalid serial format: 
WARNING 2025-10-01 23:32:58,596 migration_service Invalid serial format: 
WARNING 2025-10-01 23:32:58,596 migration_service Invalid serial format: 
WARNING 2025-10-01 23:32:58,596 migration_service Invalid serial format: 
WARNING 2025-10-01 23:32:58,596 migration_service Invalid serial format: 
WARNING 2025-10-01 23:32:58,596 migration_service Invalid serial format: 
WARNING 2025-10-01 23:32:58,596 migration_service Invalid serial format: 
WARNING 2025-10-01 23:32:58,597 migration_service Invalid serial format: 
WARNING 2025-10-01 23:32:58,597 migration_service Invalid serial format: 
WARNING 2025-10-01 23:32:58,597 migration_service Invalid serial format: 
WARNING 2025-10-01 23:32:58,597 migration_service Invalid serial format: 
WARNING 2025-10-01 23:32:58,597 migration_service Invalid serial format: 
WARNING 2025-10-01 23:32:58,597 migration_service Invalid serial format: 
WARNING 2025-10-01 23:32:58,597 migration_service Invalid serial format: 
WARNING 2025-10-01 23:32:58,597 migration_service Invalid serial format: 
WARNING 2025-10-01 23:32:58,597 migration_service Invalid serial format: 
WARNING 2025-10-01 23:32:58,597 migration_service Invalid serial format: 
WARNING 2025-10-01 23:32:58,598 migration_service Invalid serial format: 
WARNING 2025-10-01 23:32:58,598 migration_service Invalid serial format: 
WARNING 2025-10-01 23:32:58,598 migration_service Invalid serial format: 
WARNING 2025-10-01 23:32:58,598 migration_service Invalid serial format: 
WARNING 2025-10-01 23:32:58,598 migration_service Invalid serial format: 
WARNING 2025-10-01 23:32:58,598 migration_service Invalid serial format: 
WARNING 2025-10-01 23:32:58,598 migration_service Invalid serial format: 
WARNING 2025-10-01 23:32:58,598 migration_service Invalid serial format: 
WARNING 2025-10-01 23:32:58,598 migration_service Invalid serial format: 
WARNING 2025-10-01 23:32:58,599 migration_service Invalid serial format: 
WARNING 2025-10-01 23:32:58,599 migration_service Invalid serial format: 
WARNING 2025-10-01 23:32:58,599 migration_service Invalid serial format: 
WARNING 2025-10-01 23:32:58,599 migration_service Invalid serial format: 
WARNING 2025-10-01 23:32:58,599 migration_service Invalid serial format: 
WARNING 2025-10-01 23:32:58,599 migration_service Invalid serial format: 
WARNING 2025-10-01 23:32:58,599 migration_service Invalid serial format: 
WARNING 2025-10-01 23:32:58,599 migration_service Invalid serial format: 
WARNING 2025-10-01 23:32:58,599 migration_service Invalid serial format: 
WARNING 2025-10-01 23:32:58,599 migration_service Invalid serial format: 
WARNING 2025-10-01 23:32:58,599 migration_service Invalid serial format: 
WARNING 2025-10-01 23:32:58,599 migration_service Invalid serial format: 
WARNING 2025-10-01 23:32:58,599 migration_service Invalid serial format: 
WARNING 2025-10-01 23:32:58,599 migration_service Invalid serial format: 
WARNING 2025-10-01 23:32:58,599 migration_service Invalid serial format: 
WARNING 2025-10-01 23:32:58,599 migration_service Invalid serial format: 
WARNING 2025-10-01 23:32:58,599 migration_service Invalid serial format: 
WARNING 2025-10-01 23:32:58,599 migration_service Invalid serial format: 
WARNING 2025-10-01 23:32:58,599 migration_service Invalid serial format: 
WARNING 2025-10-01 23:32:58,600 migration_service Invalid serial format: 
WARNING 2025-10-01 23:32:58,600 migration_service Invalid serial format: 
WARNING 2025-10-01 23:32:58,600 migration_service Invalid serial format: 
WARNING 2025-10-01 23:32:58,600 migration_service Invalid serial format: 
WARNING 2025-10-01 23:32:58,600 migration_service Invalid serial format: 
WARNING 2025-10-01 23:32:58,600 migration_service Invalid serial format: 
WARNING 2025-10-01 23:32:58,600 migration_service Invalid serial format: 
WARNING 2025-10-01 23:32:58,600 migration_service Invalid serial format: 
WARNING 2025-10-01 23:32:58,600 migration_service Invalid serial format: 
WARNING 2025-10-01 23:32:58,600 migration_service Invalid serial format: 
WARNING 2025-10-01 23:32:58,600 migration_service Invalid serial format: 
WARNING 2025-10-01 23:32:58,600 migration_service Invalid serial format: 
WARNING 2025-10-01 23:32:58,600 migration_service Invalid serial format: 
WARNING 2025-10-01 23:32:58,600 migration_service Invalid serial format: 
WARNING 2025-10-01 23:32:58,600 migration_service Invalid serial format: 
WARNING 2025-10-01 23:32:58,600 migration_service Invalid serial format: 
WARNING 2025-10-01 23:32:58,600 migration_service Invalid serial format: 
WARNING 2025-10-01 23:32:58,600 migration_service Invalid serial format: 
WARNING 2025-10-01 23:32:58,600 migration_service Invalid serial format: 
WARNING 2025-10-01 23:32:58,601 migration_service Invalid serial format: 
WARNING 2025-10-01 23:32:58,601 migration_service Invalid serial format: 
WARNING 2025-10-01 23:32:58,601 migration_service Invalid serial format: 
WARNING 2025-10-01 23:32:58,601 migration_service Invalid serial format: 
WARNING 2025-10-01 23:32:58,601 migration_service Invalid serial format: 
WARNING 2025-10-01 23:32:58,601 migration_service Invalid serial format: 
WARNING 2025-10-01 23:32:58,601 migration_service Invalid serial format: 
WARNING 2025-10-01 23:32:58,601 migration_service Invalid serial format: 
WARNING 2025-10-01 23:32:58,601 migration_service Invalid serial format: 
WARNING 2025-10-01 23:32:58,601 migration_service Invalid serial format: 
WARNING 2025-10-01 23:32:58,601 migration_service Invalid serial format: 
WARNING 2025-10-01 23:32:58,601 migration_service Invalid serial format: 
WARNING 2025-10-01 23:32:58,601 migration_service Invalid serial format: 
WARNING 2025-10-01 23:32:58,601 migration_service Invalid serial format: 
WARNING 2025-10-01 23:32:58,601 migration_service Invalid serial format: 
WARNING 2025-10-01 23:32:58,601 migration_service Invalid serial format: 
WARNING 2025-10-01 23:32:58,601 migration_service Invalid serial format: 
WARNING 2025-10-01 23:32:58,601 migration_service Invalid serial format: 
WARNING 2025-10-01 23:32:58,601 migration_service Invalid serial format: 
WARNING 2025-10-01 23:32:58,602 migration_service Invalid serial format: 
WARNING 2025-10-01 23:32:58,602 migration_service Invalid serial format: 
WARNING 2025-10-01 23:32:58,602 migration_service Invalid serial format: 
WARNING 2025-10-01 23:32:58,602 migration_service Invalid serial format: 
WARNING 2025-10-01 23:32:58,602 migration_service Invalid serial format: 
WARNING 2025-10-01 23:32:58,602 migration_service Invalid serial format: 
WARNING 2025-10-01 23:32:58,602 migration_service Invalid serial format: 
WARNING 2025-10-01 23:32:58,602 migration_service Invalid serial format: 
WARNING 2025-10-01 23:32:58,602 migration_service Invalid serial format: 
WARNING 2025-10-01 23:32:58,602 migration_service Invalid serial format: 
WARNING 2025-10-01 23:32:58,602 migration_service Invalid serial format: 
WARNING 2025-10-01 23:32:58,602 migration_service Invalid serial format: 
WARNING 2025-10-01 23:32:58,602 migration_service Invalid serial format: 
WARNING 2025-10-01 23:32:58,602 migration_service Invalid serial format: 
WARNING 2025-10-01 23:32:58,602 migration_service Invalid serial format: 
WARNING 2025-10-01 23:32:58,602 migration_service Invalid serial format: 
WARNING 2025-10-01 23:32:58,603 migration_service Invalid serial format: 
WARNING 2025-10-01 23:32:58,603 migration_service Invalid serial format: 
WARNING 2025-10-01 23:32:58,603 migration_service Invalid serial format: 
WARNING 2025-10-01 23:32:58,603 migration_service Invalid serial format: 
WARNING 2025-10-01 23:32:58,603 migration_service Invalid serial format: 
WARNING 2025-10-01 23:32:58,603 migration_service Invalid serial format: 
WARNING 2025-10-01 23:32:58,603 migration_service Invalid serial format: 
WARNING 2025-10-01 23:32:58,603 migration_service Invalid serial format: 
WARNING 2025-10-01 23:32:58,603 migration_service Invalid serial format: 
WARNING 2025-10-01 23:32:58,603 migration_service Invalid serial format: 
WARNING 2025-10-01 23:32:58,603 migration_service Invalid serial format: 
WARNING 2025-10-01 23:32:58,603 migration_service Invalid serial format: 
WARNING 2025-10-01 23:32:58,603 migration_service Invalid serial format: 
WARNING 2025-10-01 23:32:58,603 migration_service Invalid serial format: 
WARNING 2025-10-01 23:32:58,604 migration_service Invalid serial format: 
WARNING 2025-10-01 23:32:58,604 migration_service Invalid serial format: 
WARNING 2025-10-01 23:32:58,604 migration_service Invalid serial format: 
WARNING 2025-10-01 23:32:58,604 migration_service Invalid serial format: 
WARNING 2025-10-01 23:32:58,604 migration_service Invalid serial format: 
WARNING 2025-10-01 23:32:58,604 migration_service Invalid serial format: 
WARNING 2025-10-01 23:32:58,604 migration_service Invalid serial format: 
WARNING 2025-10-01 23:32:58,604 migration_service Invalid serial format: 
WARNING 2025-10-01 23:32:58,604 migration_service Invalid serial format: 
WARNING 2025-10-01 23:32:58,605 migration_service Invalid serial format: 
WARNING 2025-10-01 23:32:58,605 migration_service Invalid serial format: 
WARNING 2025-10-01 23:32:58,605 migration_service Invalid serial format: 
WARNING 2025-10-01 23:32:58,605 migration_service Invalid serial format: 
WARNING 2025-10-01 23:32:58,605 migration_service Invalid serial format: 
WARNING 2025-10-01 23:32:58,605 migration_service Invalid serial format: 
WARNING 2025-10-01 23:32:58,605 migration_service Invalid serial format: 
WARNING 2025-10-01 23:32:58,605 migration_service Invalid serial format: 
WARNING 2025-10-01 23:32:58,605 migration_service Invalid serial format: 
WARNING 2025-10-01 23:32:58,605 migration_service Invalid serial format: 
WARNING 2025-10-01 23:32:58,606 migration_service Invalid serial format: 
WARNING 2025-10-01 23:32:58,606 migration_service Invalid serial format: 
WARNING 2025-10-01 23:32:58,606 migration_service Invalid serial format: 
WARNING 2025-10-01 23:32:58,606 migration_service Invalid serial format: 
WARNING 2025-10-01 23:32:58,606 migration_service Invalid serial format: 
WARNING 2025-10-01 23:32:58,606 migration_service Invalid serial format: 
WARNING 2025-10-01 23:32:58,606 migration_service Invalid serial format: 
WARNING 2025-10-01 23:32:58,606 migration_service Invalid serial format: 
WARNING 2025-10-01 23:32:58,606 migration_service Invalid serial format: 
WARNING 2025-10-01 23:32:58,606 migration_service Invalid serial format: 
WARNING 2025-10-01 23:32:58,607 migration_service Invalid serial format: 
WARNING 2025-10-01 23:32:58,607 migration_service Invalid serial format: 
WARNING 2025-10-01 23:32:58,607 migration_service Invalid serial format: 
WARNING 2025-10-01 23:32:58,607 migration_service Invalid serial format: 
WARNING 2025-10-01 23:32:58,607 migration_service Invalid serial format: 
WARNING 2025-10-01 23:32:58,607 migration_service Invalid serial format: 
WARNING 2025-10-01 23:32:58,607 migration_service Invalid serial format: 
WARNING 2025-10-01 23:32:58,607 migration_service Invalid serial format: 
WARNING 2025-10-01 23:32:58,607 migration_service Invalid serial format: 
WARNING 2025-10-01 23:32:58,607 migration_service Invalid serial format: 
WARNING 2025-10-01 23:32:58,607 migration_service Invalid serial format: 
WARNING 2025-10-01 23:32:58,607 migration_service Invalid serial format: 
WARNING 2025-10-01 23:32:58,607 migration_service Invalid serial format: 
WARNING 2025-10-01 23:32:58,608 migration_service Invalid serial format: 
WARNING 2025-10-01 23:32:58,608 migration_service Invalid serial format: 
WARNING 2025-10-01 23:32:58,608 migration_service Invalid serial format: 
WARNING 2025-10-01 23:32:58,608 migration_service Invalid serial format: 
WARNING 2025-10-01 23:32:58,608 migration_service Invalid serial format: 
WARNING 2025-10-01 23:32:58,608 migration_service Invalid serial format: 
WARNING 2025-10-01 23:32:58,608 migration_service Invalid serial format: 
WARNING 2025-10-01 23:32:58,608 migration_service Invalid serial format: 
WARNING 2025-10-01 23:32:58,608 migration_service Invalid serial format: 
WARNING 2025-10-01 23:32:58,608 migration_service Invalid serial format: 
WARNING 2025-10-01 23:32:58,608 migration_service Invalid serial format: 
WARNING 2025-10-01 23:32:58,608 migration_service Invalid serial format: 
WARNING 2025-10-01 23:32:58,609 migration_service Invalid serial format: 
WARNING 2025-10-01 23:32:58,609 migration_service Invalid serial format: 
WARNING 2025-10-01 23:32:58,609 migration_service Invalid serial format: 
WARNING 2025-10-01 23:32:58,609 migration_service Invalid serial format: 
WARNING 2025-10-01 23:32:58,609 migration_service Invalid serial format: 
WARNING 2025-10-01 23:32:58,609 migration_service Invalid serial format: 
WARNING 2025-10-01 23:32:58,609 migration_service Invalid serial format: 
WARNING 2025-10-01 23:32:58,609 migration_service Invalid serial format: 
WARNING 2025-10-01 23:32:58,609 migration_service Invalid serial format: 
WARNING 2025-10-01 23:32:58,609 migration_service Invalid serial format: 
WARNING 2025-10-01 23:32:58,609 migration_service Invalid serial format: 
WARNING 2025-10-01 23:32:58,609 migration_service Invalid serial format: 
WARNING 2025-10-01 23:32:58,609 migration_service Invalid serial format: 
WARNING 2025-10-01 23:32:58,610 migration_service Invalid serial format: 
WARNING 2025-10-01 23:32:58,610 migration_service Invalid serial format: 
WARNING 2025-10-01 23:32:58,610 migration_service Invalid serial format: 
WARNING 2025-10-01 23:32:58,610 migration_service Invalid serial format: 
WARNING 2025-10-01 23:32:58,610 migration_service Invalid serial format: 
WARNING 2025-10-01 23:32:58,610 migration_service Invalid serial format: 
WARNING 2025-10-01 23:32:58,610 migration_service Invalid serial format: 
WARNING 2025-10-01 23:32:58,610 migration_service Invalid serial format: 
WARNING 2025-10-01 23:32:58,610 migration_service Invalid serial format: 
WARNING 2025-10-01 23:32:58,610 migration_service Invalid serial format: 
WARNING 2025-10-01 23:32:58,610 migration_service Invalid serial format: 
WARNING 2025-10-01 23:32:58,610 migration_service Invalid serial format: 
WARNING 2025-10-01 23:32:58,610 migration_service Invalid serial format: 
WARNING 2025-10-01 23:32:58,611 migration_service Invalid serial format: 
WARNING 2025-10-01 23:32:58,611 migration_service Invalid serial format: 
WARNING 2025-10-01 23:32:58,611 migration_service Invalid serial format: 
WARNING 2025-10-01 23:32:58,611 migration_service Invalid serial format: 
WARNING 2025-10-01 23:32:58,611 migration_service Invalid serial format: 
WARNING 2025-10-01 23:32:58,611 migration_service Invalid serial format: 
WARNING 2025-10-01 23:32:58,611 migration_service Invalid serial format: 
WARNING 2025-10-01 23:32:58,611 migration_service Invalid serial format: 
WARNING 2025-10-01 23:32:58,611 migration_service Invalid serial format: 
WARNING 2025-10-01 23:32:58,611 migration_service Invalid serial format: 
WARNING 2025-10-01 23:32:58,611 migration_service Invalid serial format: 
WARNING 2025-10-01 23:32:58,611 migration_service Invalid serial format: 
WARNING 2025-10-01 23:32:58,612 migration_service Invalid serial format: 
WARNING 2025-10-01 23:32:58,612 migration_service Invalid serial format: 
WARNING 2025-10-01 23:32:58,612 migration_service Invalid serial format: 
WARNING 2025-10-01 23:32:58,612 migration_service Invalid serial format: 
WARNING 2025-10-01 23:32:58,612 migration_service Invalid serial format: 
WARNING 2025-10-01 23:32:58,612 migration_service Invalid serial format: 
WARNING 2025-10-01 23:32:58,612 migration_service Invalid serial format: 
WARNING 2025-10-01 23:32:58,612 migration_service Invalid serial format: 
WARNING 2025-10-01 23:32:58,612 migration_service Invalid serial format: 
WARNING 2025-10-01 23:32:58,612 migration_service Invalid serial format: 
WARNING 2025-10-01 23:32:58,612 migration_service Invalid serial format: 
WARNING 2025-10-01 23:32:58,612 migration_service Invalid serial format: 
WARNING 2025-10-01 23:32:58,613 migration_service Invalid serial format: 
WARNING 2025-10-01 23:32:58,613 migration_service Invalid serial format: 
WARNING 2025-10-01 23:32:58,613 migration_service Invalid serial format: 
WARNING 2025-10-01 23:32:58,613 migration_service Invalid serial format: 
WARNING 2025-10-01 23:32:58,613 migration_service Invalid serial format: 
WARNING 2025-10-01 23:32:58,613 migration_service Invalid serial format: 
WARNING 2025-10-01 23:32:58,613 migration_service Invalid serial format: 
WARNING 2025-10-01 23:32:58,613 migration_service Invalid serial format: 
WARNING 2025-10-01 23:32:58,613 migration_service Invalid serial format: 
WARNING 2025-10-01 23:32:58,613 migration_service Invalid serial format: 
WARNING 2025-10-01 23:32:58,613 migration_service Invalid serial format: 
WARNING 2025-10-01 23:32:58,613 migration_service Invalid serial format: 
WARNING 2025-10-01 23:32:58,613 migration_service Invalid serial format: 
WARNING 2025-10-01 23:32:58,613 migration_service Invalid serial format: 
WARNING 2025-10-01 23:32:58,614 migration_service Invalid serial format: 
WARNING 2025-10-01 23:32:58,614 migration_service Invalid serial format: 
WARNING 2025-10-01 23:32:58,614 migration_service Invalid serial format: 
WARNING 2025-10-01 23:32:58,614 migration_service Invalid serial format: 
WARNING 2025-10-01 23:32:58,614 migration_service Invalid serial format: 
WARNING 2025-10-01 23:32:58,614 migration_service Invalid serial format: 
WARNING 2025-10-01 23:32:58,614 migration_service Invalid serial format: 
WARNING 2025-10-01 23:32:58,614 migration_service Invalid serial format: 
WARNING 2025-10-01 23:32:58,614 migration_service Invalid serial format: 
WARNING 2025-10-01 23:32:58,614 migration_service Invalid serial format: 
WARNING 2025-10-01 23:32:58,614 migration_service Invalid serial format: 
WARNING 2025-10-01 23:32:58,614 migration_service Invalid serial format: 
WARNING 2025-10-01 23:32:58,614 migration_service Invalid serial format: 
WARNING 2025-10-01 23:32:58,614 migration_service Invalid serial format: 
WARNING 2025-10-01 23:32:58,614 migration_service Invalid serial format: 
WARNING 2025-10-01 23:32:58,614 migration_service Invalid serial format: 
WARNING 2025-10-01 23:32:58,615 migration_service Invalid serial format: 
WARNING 2025-10-01 23:32:58,615 migration_service Invalid serial format: 
WARNING 2025-10-01 23:32:58,615 migration_service Invalid serial format: 
WARNING 2025-10-01 23:32:58,615 migration_service Invalid serial format: 
WARNING 2025-10-01 23:32:58,643 migration_service Invalid serial format: 
WARNING 2025-10-01 23:32:58,644 migration_service Invalid serial format: 
WARNING 2025-10-01 23:32:58,644 migration_service Invalid serial format: 
WARNING 2025-10-01 23:32:58,644 migration_service Invalid serial format: 
WARNING 2025-10-01 23:32:58,644 migration_service Invalid serial format: 
WARNING 2025-10-01 23:32:58,644 migration_service Invalid serial format: 
WARNING 2025-10-01 23:32:58,644 migration_service Invalid serial format: 
WARNING 2025-10-01 23:32:58,644 migration_service Invalid serial format: 
WARNING 2025-10-01 23:32:58,644 migration_service Invalid serial format: 
WARNING 2025-10-01 23:32:58,644 migration_service Invalid serial format: 
WARNING 2025-10-01 23:32:58,644 migration_service Invalid serial format: 
WARNING 2025-10-01 23:32:58,644 migration_service Invalid serial format: 
WARNING 2025-10-01 23:32:58,644 migration_service Invalid serial format: 
WARNING 2025-10-01 23:32:58,644 migration_service Invalid serial format: 
WARNING 2025-10-01 23:32:58,644 migration_service Invalid serial format: 
WARNING 2025-10-01 23:32:58,644 migration_service Invalid serial format: 
WARNING 2025-10-01 23:32:58,645 migration_service Invalid serial format: 
WARNING 2025-10-01 23:32:58,645 migration_service Invalid serial format: 
WARNING 2025-10-01 23:32:58,645 migration_service Invalid serial format: 
WARNING 2025-10-01 23:32:58,645 migration_service Invalid serial format: 
WARNING 2025-10-01 23:32:58,645 migration_service Invalid serial format: 
WARNING 2025-10-01 23:32:58,645 migration_service Invalid serial format: 
WARNING 2025-10-01 23:32:58,645 migration_service Invalid serial format: 
WARNING 2025-10-01 23:32:58,645 migration_service Invalid serial format: 
WARNING 2025-10-01 23:32:58,645 migration_service Invalid serial format: 
WARNING 2025-10-01 23:32:58,645 migration_service Invalid serial format: 
WARNING 2025-10-01 23:32:58,645 migration_service Invalid serial format: 
WARNING 2025-10-01 23:32:58,645 migration_service Invalid serial format: 
WARNING 2025-10-01 23:32:58,645 migration_service Invalid serial format: 
WARNING 2025-10-01 23:32:58,645 migration_service Invalid serial format: 
WARNING 2025-10-01 23:32:58,645 migration_service Invalid serial format: 
WARNING 2025-10-01 23:32:58,645 migration_service Invalid serial format: 
WARNING 2025-10-01 23:32:58,645 migration_service Invalid serial format: 
WARNING 2025-10-01 23:32:58,645 migration_service Invalid serial format: 
WARNING 2025-10-01 23:32:58,646 migration_service Invalid serial format: 
WARNING 2025-10-01 23:32:58,646 migration_service Invalid serial format: 
WARNING 2025-10-01 23:32:58,646 migration_service Invalid serial format: 
WARNING 2025-10-01 23:32:58,646 migration_service Invalid serial format: 
WARNING 2025-10-01 23:32:58,646 migration_service Invalid serial format: 
WARNING 2025-10-01 23:32:58,646 migration_service Invalid serial format: 
WARNING 2025-10-01 23:32:58,646 migration_service Invalid serial format: 
WARNING 2025-10-01 23:32:58,646 migration_service Invalid serial format: 
WARNING 2025-10-01 23:32:58,646 migration_service Invalid serial format: 
WARNING 2025-10-01 23:32:58,646 migration_service Invalid serial format: 
WARNING 2025-10-01 23:32:58,646 migration_service Invalid serial format: 
WARNING 2025-10-01 23:32:58,646 migration_service Invalid serial format: 
WARNING 2025-10-01 23:32:58,646 migration_service Invalid serial format: 
WARNING 2025-10-01 23:32:58,646 migration_service Invalid serial format: 
WARNING 2025-10-01 23:32:58,646 migration_service Invalid serial format: 
WARNING 2025-10-01 23:32:58,646 migration_service Invalid serial format: 
WARNING 2025-10-01 23:32:58,646 migration_service Invalid serial format: 
WARNING 2025-10-01 23:32:58,646 migration_service Invalid serial format: 
WARNING 2025-10-01 23:32:58,647 migration_service Invalid serial format: 
WARNING 2025-10-01 23:32:58,647 migration_service Invalid serial format: 
WARNING 2025-10-01 23:32:58,647 migration_service Invalid serial format: 
WARNING 2025-10-01 23:32:58,647 migration_service Invalid serial format: 
WARNING 2025-10-01 23:32:58,647 migration_service Invalid serial format: 
WARNING 2025-10-01 23:32:58,647 migration_service Invalid serial format: 
WARNING 2025-10-01 23:32:58,647 migration_service Invalid serial format: 
WARNING 2025-10-01 23:32:58,647 migration_service Invalid serial format: 
WARNING 2025-10-01 23:32:58,647 migration_service Invalid serial format: 
WARNING 2025-10-01 23:32:58,647 migration_service Invalid serial format: 
WARNING 2025-10-01 23:32:58,647 migration_service Invalid serial format: 
WARNING 2025-10-01 23:32:58,647 migration_service Invalid serial format: 
WARNING 2025-10-01 23:32:58,647 migration_service Invalid serial format: 
WARNING 2025-10-01 23:32:58,647 migration_service Invalid serial format: 
WARNING 2025-10-01 23:32:58,647 migration_service Invalid serial format: 
WARNING 2025-10-01 23:32:58,647 migration_service Invalid serial format: 
WARNING 2025-10-01 23:32:58,647 migration_service Invalid serial format: 
WARNING 2025-10-01 23:32:58,647 migration_service Invalid serial format: 
WARNING 2025-10-01 23:32:58,647 migration_service Invalid serial format: 
WARNING 2025-10-01 23:32:58,648 migration_service Invalid serial format: 
WARNING 2025-10-01 23:32:58,648 migration_service Invalid serial format: 
WARNING 2025-10-01 23:32:58,648 migration_service Invalid serial format: 
WARNING 2025-10-01 23:32:58,648 migration_service Invalid serial format: 
WARNING 2025-10-01 23:32:58,648 migration_service Invalid serial format: 
WARNING 2025-10-01 23:32:58,648 migration_service Invalid serial format: 
WARNING 2025-10-01 23:32:58,648 migration_service Invalid serial format: 
WARNING 2025-10-01 23:32:58,648 migration_service Invalid serial format: 
WARNING 2025-10-01 23:32:58,648 migration_service Invalid serial format: 
WARNING 2025-10-01 23:32:58,648 migration_service Invalid serial format: 
WARNING 2025-10-01 23:32:58,648 migration_service Invalid serial format: 
WARNING 2025-10-01 23:32:58,648 migration_service Invalid serial format: 
WARNING 2025-10-01 23:32:58,648 migration_service Invalid serial format: 
WARNING 2025-10-01 23:32:58,648 migration_service Invalid serial format: 
WARNING 2025-10-01 23:32:58,648 migration_service Invalid serial format: 
WARNING 2025-10-01 23:32:58,648 migration_service Invalid serial format: 
WARNING 2025-10-01 23:32:58,648 migration_service Invalid serial format: 
WARNING 2025-10-01 23:32:58,648 migration_service Invalid serial format: 
WARNING 2025-10-01 23:32:58,648 migration_service Invalid serial format: 
WARNING 2025-10-01 23:32:58,649 migration_service Invalid serial format: 
WARNING 2025-10-01 23:32:58,649 migration_service Invalid serial format: 
WARNING 2025-10-01 23:32:58,649 migration_service Invalid serial format: 
WARNING 2025-10-01 23:32:58,649 migration_service Invalid serial format: 
WARNING 2025-10-01 23:32:58,649 migration_service Invalid serial format: 
WARNING 2025-10-01 23:32:58,649 migration_service Invalid serial format: 
WARNING 2025-10-01 23:32:58,649 migration_service Invalid serial format: 
WARNING 2025-10-01 23:32:58,649 migration_service Invalid serial format: 
WARNING 2025-10-01 23:32:58,649 migration_service Invalid serial format: 
WARNING 2025-10-01 23:32:58,649 migration_service Invalid serial format: 
WARNING 2025-10-01 23:32:58,649 migration_service Invalid serial format: 
WARNING 2025-10-01 23:32:58,649 migration_service Invalid serial format: 
WARNING 2025-10-01 23:32:58,649 migration_service Invalid serial format: 
WARNING 2025-10-01 23:32:58,649 migration_service Invalid serial format: 
WARNING 2025-10-01 23:32:58,649 migration_service Invalid serial format: 
WARNING 2025-10-01 23:32:58,650 migration_service Invalid serial format: 
WARNING 2025-10-01 23:32:58,650 migration_service Invalid serial format: 
WARNING 2025-10-01 23:32:58,650 migration_service Invalid serial format: 
WARNING 2025-10-01 23:32:58,650 migration_service Invalid serial format: 
WARNING 2025-10-01 23:32:58,650 migration_service Invalid serial format: 
WARNING 2025-10-01 23:32:58,650 migration_service Invalid serial format: 
WARNING 2025-10-01 23:32:58,650 migration_service Invalid serial format: 
WARNING 2025-10-01 23:32:58,650 migration_service Invalid serial format: 
WARNING 2025-10-01 23:32:58,650 migration_service Invalid serial format: 
WARNING 2025-10-01 23:32:58,650 migration_service Invalid serial format: 
WARNING 2025-10-01 23:32:58,650 migration_service Invalid serial format: 
WARNING 2025-10-01 23:32:58,650 migration_service Invalid serial format: 
WARNING 2025-10-01 23:32:58,650 migration_service Invalid serial format: 
WARNING 2025-10-01 23:32:58,650 migration_service Invalid serial format: 
WARNING 2025-10-01 23:32:58,650 migration_service Invalid serial format: 
WARNING 2025-10-01 23:32:58,651 migration_service Invalid serial format: 
WARNING 2025-10-01 23:32:58,651 migration_service Invalid serial format: 
WARNING 2025-10-01 23:32:58,651 migration_service Invalid serial format: 
WARNING 2025-10-01 23:32:58,651 migration_service Invalid serial format: 
WARNING 2025-10-01 23:32:58,651 migration_service Invalid serial format: 
WARNING 2025-10-01 23:32:58,651 migration_service Invalid serial format: 
WARNING 2025-10-01 23:32:58,651 migration_service Invalid serial format: 
WARNING 2025-10-01 23:32:58,651 migration_service Invalid serial format: 
WARNING 2025-10-01 23:32:58,651 migration_service Invalid serial format: 
WARNING 2025-10-01 23:32:58,651 migration_service Invalid serial format: 
WARNING 2025-10-01 23:32:58,651 migration_service Invalid serial format: 
WARNING 2025-10-01 23:32:58,651 migration_service Invalid serial format: 
WARNING 2025-10-01 23:32:58,651 migration_service Invalid serial format: 
WARNING 2025-10-01 23:32:58,652 migration_service Invalid serial format: 
WARNING 2025-10-01 23:32:58,652 migration_service Invalid serial format: 
WARNING 2025-10-01 23:32:58,652 migration_service Invalid serial format: 
WARNING 2025-10-01 23:32:58,652 migration_service Invalid serial format: 
WARNING 2025-10-01 23:32:58,652 migration_service Invalid serial format: 
WARNING 2025-10-01 23:32:58,652 migration_service Invalid serial format: 
WARNING 2025-10-01 23:32:58,652 migration_service Invalid serial format: 
WARNING 2025-10-01 23:32:58,652 migration_service Invalid serial format: 
WARNING 2025-10-01 23:32:58,652 migration_service Invalid serial format: 
WARNING 2025-10-01 23:32:58,652 migration_service Invalid serial format: 
WARNING 2025-10-01 23:32:58,652 migration_service Invalid serial format: 
WARNING 2025-10-01 23:32:58,652 migration_service Invalid serial format: 
WARNING 2025-10-01 23:32:58,653 migration_service Invalid serial format: 
WARNING 2025-10-01 23:32:58,653 migration_service Invalid serial format: 
WARNING 2025-10-01 23:32:58,653 migration_service Invalid serial format: 
WARNING 2025-10-01 23:32:58,653 migration_service Invalid serial format: 
WARNING 2025-10-01 23:32:58,653 migration_service Invalid serial format: 
WARNING 2025-10-01 23:32:58,653 migration_service Invalid serial format: 
WARNING 2025-10-01 23:32:58,653 migration_service Invalid serial format: 
WARNING 2025-10-01 23:32:58,653 migration_service Invalid serial format: 
WARNING 2025-10-01 23:32:58,654 migration_service Invalid serial format: 
WARNING 2025-10-01 23:32:58,654 migration_service Invalid serial format: 
WARNING 2025-10-01 23:32:58,654 migration_service Invalid serial format: 
WARNING 2025-10-01 23:32:58,654 migration_service Invalid serial format: 
WARNING 2025-10-01 23:32:58,654 migration_service Invalid serial format: 
WARNING 2025-10-01 23:32:58,654 migration_service Invalid serial format: 
WARNING 2025-10-01 23:32:58,654 migration_service Invalid serial format: 
WARNING 2025-10-01 23:32:58,654 migration_service Invalid serial format: 
WARNING 2025-10-01 23:32:58,654 migration_service Invalid serial format: 
WARNING 2025-10-01 23:32:58,654 migration_service Invalid serial format: 
WARNING 2025-10-01 23:32:58,655 migration_service Invalid serial format: 
WARNING 2025-10-01 23:32:58,655 migration_service Invalid serial format: 
WARNING 2025-10-01 23:32:58,655 migration_service Invalid serial format: 
WARNING 2025-10-01 23:32:58,655 migration_service Invalid serial format: 
WARNING 2025-10-01 23:32:58,655 migration_service Invalid serial format: 
WARNING 2025-10-01 23:32:58,655 migration_service Invalid serial format: 
WARNING 2025-10-01 23:32:58,655 migration_service Invalid serial format: 
WARNING 2025-10-01 23:32:58,655 migration_service Invalid serial format: 
WARNING 2025-10-01 23:32:58,655 migration_service Invalid serial format: 
WARNING 2025-10-01 23:32:58,655 migration_service Invalid serial format: 
WARNING 2025-10-01 23:32:58,655 migration_service Invalid serial format: 
WARNING 2025-10-01 23:32:58,655 migration_service Invalid serial format: 
WARNING 2025-10-01 23:32:58,655 migration_service Invalid serial format: 
WARNING 2025-10-01 23:32:58,656 migration_service Invalid serial format: 
WARNING 2025-10-01 23:32:58,656 migration_service Invalid serial format: 
WARNING 2025-10-01 23:32:58,656 migration_service Invalid serial format: 
WARNING 2025-10-01 23:32:58,656 migration_service Invalid serial format: 
WARNING 2025-10-01 23:32:58,656 migration_service Invalid serial format: 
WARNING 2025-10-01 23:32:58,656 migration_service Invalid serial format: 
WARNING 2025-10-01 23:32:58,656 migration_service Invalid serial format: 
WARNING 2025-10-01 23:32:58,656 migration_service Invalid serial format: 
WARNING 2025-10-01 23:32:58,656 migration_service Invalid serial format: 
WARNING 2025-10-01 23:32:58,656 migration_service Invalid serial format: 
WARNING 2025-10-01 23:32:58,656 migration_service Invalid serial format: 
WARNING 2025-10-01 23:32:58,656 migration_service Invalid serial format: 
WARNING 2025-10-01 23:32:58,656 migration_service Invalid serial format: 
WARNING 2025-10-01 23:32:58,656 migration_service Invalid serial format: 
WARNING 2025-10-01 23:32:58,656 migration_service Invalid serial format: 
WARNING 2025-10-01 23:32:58,657 migration_service Invalid serial format: 
WARNING 2025-10-01 23:32:58,657 migration_service Invalid serial format: 
WARNING 2025-10-01 23:32:58,657 migration_service Invalid serial format: 
WARNING 2025-10-01 23:32:58,657 migration_service Invalid serial format: 
WARNING 2025-10-01 23:32:58,657 migration_service Invalid serial format: 
WARNING 2025-10-01 23:32:58,657 migration_service Invalid serial format: 
WARNING 2025-10-01 23:32:58,657 migration_service Invalid serial format: 
WARNING 2025-10-01 23:32:58,657 migration_service Invalid serial format: 
WARNING 2025-10-01 23:32:58,657 migration_service Invalid serial format: 
WARNING 2025-10-01 23:32:58,657 migration_service Invalid serial format: 
WARNING 2025-10-01 23:32:58,657 migration_service Invalid serial format: 
WARNING 2025-10-01 23:32:58,657 migration_service Invalid serial format: 
WARNING 2025-10-01 23:32:58,657 migration_service Invalid serial format: 
WARNING 2025-10-01 23:32:58,657 migration_service Invalid serial format: 
WARNING 2025-10-01 23:32:58,657 migration_service Invalid serial format: 
WARNING 2025-10-01 23:32:58,657 migration_service Invalid serial format: 
WARNING 2025-10-01 23:32:58,658 migration_service Invalid serial format: 
WARNING 2025-10-01 23:32:58,658 migration_service Invalid serial format: 
WARNING 2025-10-01 23:32:58,658 migration_service Invalid serial format: 
WARNING 2025-10-01 23:32:58,658 migration_service Invalid serial format: 
WARNING 2025-10-01 23:32:58,658 migration_service Invalid serial format: 
WARNING 2025-10-01 23:32:58,658 migration_service Invalid serial format: 
WARNING 2025-10-01 23:32:58,658 migration_service Invalid serial format: 
WARNING 2025-10-01 23:32:58,658 migration_service Invalid serial format: 
WARNING 2025-10-01 23:32:58,658 migration_service Invalid serial format: 
WARNING 2025-10-01 23:32:58,658 migration_service Invalid serial format: 
WARNING 2025-10-01 23:32:58,658 migration_service Invalid serial format: 
WARNING 2025-10-01 23:32:58,658 migration_service Invalid serial format: 
WARNING 2025-10-01 23:32:58,658 migration_service Invalid serial format: 
WARNING 2025-10-01 23:32:58,658 migration_service Invalid serial format: 
WARNING 2025-10-01 23:32:58,658 migration_service Invalid serial format: 
WARNING 2025-10-01 23:32:58,659 migration_service Invalid serial format: 
WARNING 2025-10-01 23:32:58,659 migration_service Invalid serial format: 
WARNING 2025-10-01 23:32:58,659 migration_service Invalid serial format: 
WARNING 2025-10-01 23:32:58,659 migration_service Invalid serial format: 
WARNING 2025-10-01 23:32:58,659 migration_service Invalid serial format: 
WARNING 2025-10-01 23:32:58,659 migration_service Invalid serial format: 
WARNING 2025-10-01 23:32:58,659 migration_service Invalid serial format: 
WARNING 2025-10-01 23:32:58,659 migration_service Invalid serial format: 
WARNING 2025-10-01 23:32:58,659 migration_service Invalid serial format: 
WARNING 2025-10-01 23:32:58,659 migration_service Invalid serial format: 
WARNING 2025-10-01 23:32:58,659 migration_service Invalid serial format: 
WARNING 2025-10-01 23:32:58,659 migration_service Invalid serial format: 
WARNING 2025-10-01 23:32:58,659 migration_service Invalid serial format: 
WARNING 2025-10-01 23:32:58,659 migration_service Invalid serial format: 
WARNING 2025-10-01 23:32:58,659 migration_service Invalid serial format: 
WARNING 2025-10-01 23:32:58,659 migration_service Invalid serial format: 
WARNING 2025-10-01 23:32:58,659 migration_service Invalid serial format: 
WARNING 2025-10-01 23:32:58,660 migration_service Invalid serial format: 
WARNING 2025-10-01 23:32:58,660 migration_service Invalid serial format: 
WARNING 2025-10-01 23:32:58,660 migration_service Invalid serial format: 
WARNING 2025-10-01 23:32:58,660 migration_service Invalid serial format: 
WARNING 2025-10-01 23:32:58,660 migration_service Invalid serial format: 
WARNING 2025-10-01 23:32:58,660 migration_service Invalid serial format: 
WARNING 2025-10-01 23:32:58,660 migration_service Invalid serial format: 
WARNING 2025-10-01 23:32:58,660 migration_service Invalid serial format: 
WARNING 2025-10-01 23:32:58,660 migration_service Invalid serial format: 
WARNING 2025-10-01 23:32:58,660 migration_service Invalid serial format: 
WARNING 2025-10-01 23:32:58,660 migration_service Invalid serial format: 
WARNING 2025-10-01 23:32:58,660 migration_service Invalid serial format: 
WARNING 2025-10-01 23:32:58,660 migration_service Invalid serial format: 
WARNING 2025-10-01 23:32:58,660 migration_service Invalid serial format: 
WARNING 2025-10-01 23:32:58,660 migration_service Invalid serial format: 
WARNING 2025-10-01 23:32:58,660 migration_service Invalid serial format: 
WARNING 2025-10-01 23:32:58,660 migration_service Invalid serial format: 
WARNING 2025-10-01 23:32:58,661 migration_service Invalid serial format: 
WARNING 2025-10-01 23:32:58,661 migration_service Invalid serial format: 
WARNING 2025-10-01 23:32:58,661 migration_service Invalid serial format: 
WARNING 2025-10-01 23:32:58,661 migration_service Invalid serial format: 
WARNING 2025-10-01 23:32:58,661 migration_service Invalid serial format: 
WARNING 2025-10-01 23:32:58,661 migration_service Invalid serial format: 
WARNING 2025-10-01 23:32:58,661 migration_service Invalid serial format: 
WARNING 2025-10-01 23:32:58,661 migration_service Invalid serial format: 
WARNING 2025-10-01 23:32:58,661 migration_service Invalid serial format: 
WARNING 2025-10-01 23:32:58,661 migration_service Invalid serial format: 
WARNING 2025-10-01 23:32:58,661 migration_service Invalid serial format: 
WARNING 2025-10-01 23:32:58,661 migration_service Invalid serial format: 
WARNING 2025-10-01 23:32:58,661 migration_service Invalid serial format: 
WARNING 2025-10-01 23:32:58,661 migration_service Invalid serial format: 
WARNING 2025-10-01 23:32:58,661 migration_service Invalid serial format: 
WARNING 2025-10-01 23:32:58,661 migration_service Invalid serial format: 
WARNING 2025-10-01 23:32:58,661 migration_service Invalid serial format: 
WARNING 2025-10-01 23:32:58,662 migration_service Invalid serial format: 
WARNING 2025-10-01 23:32:58,662 migration_service Invalid serial format: 
WARNING 2025-10-01 23:32:58,662 migration_service Invalid serial format: 
WARNING 2025-10-01 23:32:58,662 migration_service Invalid serial format: 
WARNING 2025-10-01 23:32:58,662 migration_service Invalid serial format: 
WARNING 2025-10-01 23:32:58,662 migration_service Invalid serial format: 
WARNING 2025-10-01 23:32:58,662 migration_service Invalid serial format: 
WARNING 2025-10-01 23:32:58,662 migration_service Invalid serial format: 
WARNING 2025-10-01 23:32:58,662 migration_service Invalid serial format: 
WARNING 2025-10-01 23:32:58,662 migration_service Invalid serial format: 
WARNING 2025-10-01 23:32:58,662 migration_service Invalid serial format: 
WARNING 2025-10-01 23:32:58,662 migration_service Invalid serial format: 
WARNING 2025-10-01 23:32:58,662 migration_service Invalid serial format: 
WARNING 2025-10-01 23:32:58,662 migration_service Invalid serial format: 
WARNING 2025-10-01 23:32:58,662 migration_service Invalid serial format: 
WARNING 2025-10-01 23:32:58,662 migration_service Invalid serial format: 
WARNING 2025-10-01 23:32:58,662 migration_service Invalid serial format: 
WARNING 2025-10-01 23:32:58,662 migration_service Invalid serial format: 
WARNING 2025-10-01 23:32:58,663 migration_service Invalid serial format: 
WARNING 2025-10-01 23:32:58,663 migration_service Invalid serial format: 
WARNING 2025-10-01 23:32:58,663 migration_service Invalid serial format: 
WARNING 2025-10-01 23:32:58,663 migration_service Invalid serial format: 
WARNING 2025-10-01 23:32:58,663 migration_service Invalid serial format: 
WARNING 2025-10-01 23:32:58,663 migration_service Invalid serial format: 
WARNING 2025-10-01 23:32:58,663 migration_service Invalid serial format: 
WARNING 2025-10-01 23:32:58,663 migration_service Invalid serial format: 
WARNING 2025-10-01 23:32:58,663 migration_service Invalid serial format: 
WARNING 2025-10-01 23:32:58,663 migration_service Invalid serial format: 
WARNING 2025-10-01 23:32:58,663 migration_service Invalid serial format: 
WARNING 2025-10-01 23:32:58,663 migration_service Invalid serial format: 
WARNING 2025-10-01 23:32:58,663 migration_service Invalid serial format: 
WARNING 2025-10-01 23:32:58,663 migration_service Invalid serial format: 
WARNING 2025-10-01 23:32:58,663 migration_service Invalid serial format: 
WARNING 2025-10-01 23:32:58,663 migration_service Invalid serial format: 
WARNING 2025-10-01 23:32:58,663 migration_service Invalid serial format: 
WARNING 2025-10-01 23:32:58,664 migration_service Invalid serial format: 
WARNING 2025-10-01 23:32:58,664 migration_service Invalid serial format: 
WARNING 2025-10-01 23:32:58,664 migration_service Invalid serial format: 
WARNING 2025-10-01 23:32:58,664 migration_service Invalid serial format: 
WARNING 2025-10-01 23:32:58,664 migration_service Invalid serial format: 
WARNING 2025-10-01 23:32:58,664 migration_service Invalid serial format: 
WARNING 2025-10-01 23:32:58,664 migration_service Invalid serial format: 
WARNING 2025-10-01 23:32:58,664 migration_service Invalid serial format: 
WARNING 2025-10-01 23:32:58,664 migration_service Invalid serial format: 
WARNING 2025-10-01 23:32:58,664 migration_service Invalid serial format: 
WARNING 2025-10-01 23:32:58,664 migration_service Invalid serial format: 
WARNING 2025-10-01 23:32:58,664 migration_service Invalid serial format: 
WARNING 2025-10-01 23:32:58,664 migration_service Invalid serial format: 
WARNING 2025-10-01 23:32:58,664 migration_service Invalid serial format: 
WARNING 2025-10-01 23:32:58,664 migration_service Invalid serial format: 
WARNING 2025-10-01 23:32:58,664 migration_service Invalid serial format: 
WARNING 2025-10-01 23:32:58,664 migration_service Invalid serial format: 
WARNING 2025-10-01 23:32:58,664 migration_service Invalid serial format: 
WARNING 2025-10-01 23:32:58,665 migration_service Invalid serial format: 
WARNING 2025-10-01 23:32:58,665 migration_service Invalid serial format: 
WARNING 2025-10-01 23:32:58,665 migration_service Invalid serial format: 
WARNING 2025-10-01 23:32:58,665 migration_service Invalid serial format: 
WARNING 2025-10-01 23:32:58,665 migration_service Invalid serial format: 
WARNING 2025-10-01 23:32:58,665 migration_service Invalid serial format: 
WARNING 2025-10-01 23:32:58,665 migration_service Invalid serial format: 
WARNING 2025-10-01 23:32:58,665 migration_service Invalid serial format: 
WARNING 2025-10-01 23:32:58,665 migration_service Invalid serial format: 
WARNING 2025-10-01 23:32:58,665 migration_service Invalid serial format: 
WARNING 2025-10-01 23:32:58,665 migration_service Invalid serial format: 
WARNING 2025-10-01 23:32:58,665 migration_service Invalid serial format: 
WARNING 2025-10-01 23:32:58,665 migration_service Invalid serial format: 
WARNING 2025-10-01 23:32:58,665 migration_service Invalid serial format: 
WARNING 2025-10-01 23:32:58,665 migration_service Invalid serial format: 
WARNING 2025-10-01 23:32:58,666 migration_service Invalid serial format: 
WARNING 2025-10-01 23:32:58,666 migration_service Invalid serial format: 
WARNING 2025-10-01 23:32:58,666 migration_service Invalid serial format: 
WARNING 2025-10-01 23:32:58,666 migration_service Invalid serial format: 
WARNING 2025-10-01 23:32:58,666 migration_service Invalid serial format: 
WARNING 2025-10-01 23:32:58,666 migration_service Invalid serial format: 
WARNING 2025-10-01 23:32:58,666 migration_service Invalid serial format: 
WARNING 2025-10-01 23:32:58,666 migration_service Invalid serial format: 
WARNING 2025-10-01 23:32:58,666 migration_service Invalid serial format: 
WARNING 2025-10-01 23:32:58,666 migration_service Invalid serial format: 
WARNING 2025-10-01 23:32:58,666 migration_service Invalid serial format: 
WARNING 2025-10-01 23:32:58,667 migration_service Invalid serial format: 
WARNING 2025-10-01 23:32:58,667 migration_service Invalid serial format: 
WARNING 2025-10-01 23:32:58,667 migration_service Invalid serial format: 
WARNING 2025-10-01 23:32:58,667 migration_service Invalid serial format: 
WARNING 2025-10-01 23:32:58,667 migration_service Invalid serial format: 
WARNING 2025-10-01 23:32:58,667 migration_service Invalid serial format: 
WARNING 2025-10-01 23:32:58,667 migration_service Invalid serial format: 
WARNING 2025-10-01 23:32:58,667 migration_service Invalid serial format: 
WARNING 2025-10-01 23:32:58,667 migration_service Invalid serial format: 
WARNING 2025-10-01 23:32:58,667 migration_service Invalid serial format: 
WARNING 2025-10-01 23:32:58,667 migration_service Invalid serial format: 
WARNING 2025-10-01 23:32:58,668 migration_service Invalid serial format: 
WARNING 2025-10-01 23:32:58,668 migration_service Invalid serial format: 
WARNING 2025-10-01 23:32:58,668 migration_service Invalid serial format: 
WARNING 2025-10-01 23:32:58,668 migration_service Invalid serial format: 
WARNING 2025-10-01 23:32:58,668 migration_service Invalid serial format: 
WARNING 2025-10-01 23:32:58,668 migration_service Invalid serial format: 
WARNING 2025-10-01 23:32:58,668 migration_service Invalid serial format: 
WARNING 2025-10-01 23:32:58,668 migration_service Invalid serial format: 
WARNING 2025-10-01 23:32:58,668 migration_service Invalid serial format: 
WARNING 2025-10-01 23:32:58,668 migration_service Invalid serial format: 
WARNING 2025-10-01 23:32:58,668 migration_service Invalid serial format: 
WARNING 2025-10-01 23:32:58,668 migration_service Invalid serial format: 
WARNING 2025-10-01 23:32:58,668 migration_service Invalid serial format: 
WARNING 2025-10-01 23:32:58,668 migration_service Invalid serial format: 
WARNING 2025-10-01 23:32:58,668 migration_service Invalid serial format: 
WARNING 2025-10-01 23:32:58,669 migration_service Invalid serial format: 
WARNING 2025-10-01 23:32:58,669 migration_service Invalid serial format: 
WARNING 2025-10-01 23:32:58,669 migration_service Invalid serial format: 
WARNING 2025-10-01 23:32:58,669 migration_service Invalid serial format: 
WARNING 2025-10-01 23:32:58,669 migration_service Invalid serial format: 
WARNING 2025-10-01 23:32:58,669 migration_service Invalid serial format: 
WARNING 2025-10-01 23:32:58,669 migration_service Invalid serial format: 
WARNING 2025-10-01 23:32:58,669 migration_service Invalid serial format: 
WARNING 2025-10-01 23:32:58,669 migration_service Invalid serial format: 
WARNING 2025-10-01 23:32:58,669 migration_service Invalid serial format: 
WARNING 2025-10-01 23:32:58,669 migration_service Invalid serial format: 
WARNING 2025-10-01 23:32:58,669 migration_service Invalid serial format: 
WARNING 2025-10-01 23:32:58,669 migration_service Invalid serial format: 
WARNING 2025-10-01 23:32:58,669 migration_service Invalid serial format: 
WARNING 2025-10-01 23:32:58,669 migration_service Invalid serial format: 
WARNING 2025-10-01 23:32:58,669 migration_service Invalid serial format: 
WARNING 2025-10-01 23:32:58,669 migration_service Invalid serial format: 
WARNING 2025-10-01 23:32:58,669 migration_service Invalid serial format: 
WARNING 2025-10-01 23:32:58,670 migration_service Invalid serial format: 
WARNING 2025-10-01 23:32:58,670 migration_service Invalid serial format: 
WARNING 2025-10-01 23:32:58,670 migration_service Invalid serial format: 
WARNING 2025-10-01 23:32:58,670 migration_service Invalid serial format: 
WARNING 2025-10-01 23:32:58,670 migration_service Invalid serial format: 
WARNING 2025-10-01 23:32:58,670 migration_service Invalid serial format: 
WARNING 2025-10-01 23:32:58,670 migration_service Invalid serial format: 
WARNING 2025-10-01 23:32:58,670 migration_service Invalid serial format: 
WARNING 2025-10-01 23:32:58,670 migration_service Invalid serial format: 
WARNING 2025-10-01 23:32:58,670 migration_service Invalid serial format: 
WARNING 2025-10-01 23:32:58,670 migration_service Invalid serial format: 
WARNING 2025-10-01 23:32:58,670 migration_service Invalid serial format: 
WARNING 2025-10-01 23:32:58,670 migration_service Invalid serial format: 
WARNING 2025-10-01 23:32:58,670 migration_service Invalid serial format: 
WARNING 2025-10-01 23:32:58,670 migration_service Invalid serial format: 
WARNING 2025-10-01 23:32:58,670 migration_service Invalid serial format: 
WARNING 2025-10-01 23:32:58,670 migration_service Invalid serial format: 
WARNING 2025-10-01 23:32:58,670 migration_service Invalid serial format: 
WARNING 2025-10-01 23:32:58,670 migration_service Invalid serial format: 
WARNING 2025-10-01 23:32:58,671 migration_service Invalid serial format: 
WARNING 2025-10-01 23:32:58,671 migration_service Invalid serial format: 
WARNING 2025-10-01 23:32:58,671 migration_service Invalid serial format: 
WARNING 2025-10-01 23:32:58,671 migration_service Invalid serial format: 
WARNING 2025-10-01 23:32:58,671 migration_service Invalid serial format: 
WARNING 2025-10-01 23:32:58,671 migration_service Invalid serial format: 
WARNING 2025-10-01 23:32:58,671 migration_service Invalid serial format: 
WARNING 2025-10-01 23:32:58,671 migration_service Invalid serial format: 
WARNING 2025-10-01 23:32:58,671 migration_service Invalid serial format: 
WARNING 2025-10-01 23:32:58,671 migration_service Invalid serial format: 
WARNING 2025-10-01 23:32:58,671 migration_service Invalid serial format: 
WARNING 2025-10-01 23:32:58,671 migration_service Invalid serial format: 
WARNING 2025-10-01 23:32:58,671 migration_service Invalid serial format: 
WARNING 2025-10-01 23:32:58,671 migration_service Invalid serial format: 
WARNING 2025-10-01 23:32:58,671 migration_service Invalid serial format: 
WARNING 2025-10-01 23:32:58,671 migration_service Invalid serial format: 
WARNING 2025-10-01 23:32:58,671 migration_service Invalid serial format: 
WARNING 2025-10-01 23:32:58,671 migration_service Invalid serial format: 
WARNING 2025-10-01 23:32:58,671 migration_service Invalid serial format: 
WARNING 2025-10-01 23:32:58,671 migration_service Invalid serial format: 
WARNING 2025-10-01 23:32:58,672 migration_service Invalid serial format: 
WARNING 2025-10-01 23:32:58,672 migration_service Invalid serial format: 
WARNING 2025-10-01 23:32:58,672 migration_service Invalid serial format: 
WARNING 2025-10-01 23:32:58,672 migration_service Invalid serial format: 
WARNING 2025-10-01 23:32:58,672 migration_service Invalid serial format: 
WARNING 2025-10-01 23:32:58,672 migration_service Invalid serial format: 
WARNING 2025-10-01 23:32:58,672 migration_service Invalid serial format: 
WARNING 2025-10-01 23:32:58,672 migration_service Invalid serial format: 
WARNING 2025-10-01 23:32:58,672 migration_service Invalid serial format: 
WARNING 2025-10-01 23:32:58,672 migration_service Invalid serial format: 
WARNING 2025-10-01 23:32:58,672 migration_service Invalid serial format: 
WARNING 2025-10-01 23:32:58,672 migration_service Invalid serial format: 
WARNING 2025-10-01 23:32:58,672 migration_service Invalid serial format: 
WARNING 2025-10-01 23:32:58,672 migration_service Invalid serial format: 
WARNING 2025-10-01 23:32:58,672 migration_service Invalid serial format: 
WARNING 2025-10-01 23:32:58,672 migration_service Invalid serial format: 
WARNING 2025-10-01 23:32:58,672 migration_service Invalid serial format: 
WARNING 2025-10-01 23:32:58,672 migration_service Invalid serial format: 
WARNING 2025-10-01 23:32:58,673 migration_service Invalid serial format: 
WARNING 2025-10-01 23:32:58,673 migration_service Invalid serial format: 
WARNING 2025-10-01 23:32:58,673 migration_service Invalid serial format: 
WARNING 2025-10-01 23:32:58,673 migration_service Invalid serial format: 
WARNING 2025-10-01 23:32:58,673 migration_service Invalid serial format: 
WARNING 2025-10-01 23:32:58,673 migration_service Invalid serial format: 
WARNING 2025-10-01 23:32:58,673 migration_service Invalid serial format: 
WARNING 2025-10-01 23:32:58,673 migration_service Invalid serial format: 
WARNING 2025-10-01 23:32:58,673 migration_service Invalid serial format: 
WARNING 2025-10-01 23:32:58,673 migration_service Invalid serial format: 
WARNING 2025-10-01 23:32:58,673 migration_service Invalid serial format: 
WARNING 2025-10-01 23:32:58,673 migration_service Invalid serial format: 
WARNING 2025-10-01 23:32:58,673 migration_service Invalid serial format: 
WARNING 2025-10-01 23:32:58,673 migration_service Invalid serial format: 
WARNING 2025-10-01 23:32:58,673 migration_service Invalid serial format: 
WARNING 2025-10-01 23:32:58,673 migration_service Invalid serial format: 
WARNING 2025-10-01 23:32:58,673 migration_service Invalid serial format: 
WARNING 2025-10-01 23:32:58,674 migration_service Invalid serial format: 
WARNING 2025-10-01 23:32:58,674 migration_service Invalid serial format: 
WARNING 2025-10-01 23:32:58,674 migration_service Invalid serial format: 
WARNING 2025-10-01 23:32:58,674 migration_service Invalid serial format: 
WARNING 2025-10-01 23:32:58,674 migration_service Invalid serial format: 
WARNING 2025-10-01 23:32:58,674 migration_service Invalid serial format: 
WARNING 2025-10-01 23:32:58,674 migration_service Invalid serial format: 
WARNING 2025-10-01 23:32:58,674 migration_service Invalid serial format: 
WARNING 2025-10-01 23:32:58,674 migration_service Invalid serial format: 
WARNING 2025-10-01 23:32:58,674 migration_service Invalid serial format: 
WARNING 2025-10-01 23:32:58,674 migration_service Invalid serial format: 
WARNING 2025-10-01 23:32:58,674 migration_service Invalid serial format: 
WARNING 2025-10-01 23:32:58,674 migration_service Invalid serial format: 
WARNING 2025-10-01 23:32:58,674 migration_service Invalid serial format: 
WARNING 2025-10-01 23:32:58,674 migration_service Invalid serial format: 
WARNING 2025-10-01 23:32:58,674 migration_service Invalid serial format: 
WARNING 2025-10-01 23:32:58,674 migration_service Invalid serial format: 
WARNING 2025-10-01 23:32:58,674 migration_service Invalid serial format: 
WARNING 2025-10-01 23:32:58,674 migration_service Invalid serial format: 
WARNING 2025-10-01 23:32:58,674 migration_service Invalid serial format: 
WARNING 2025-10-01 23:32:58,675 migration_service Invalid serial format: 
WARNING 2025-10-01 23:32:58,675 migration_service Invalid serial format: 
WARNING 2025-10-01 23:32:58,675 migration_service Invalid serial format: 
WARNING 2025-10-01 23:32:58,675 migration_service Invalid serial format: 
WARNING 2025-10-01 23:32:58,675 migration_service Invalid serial format: 
WARNING 2025-10-01 23:32:58,675 migration_service Invalid serial format: 
WARNING 2025-10-01 23:32:58,675 migration_service Invalid serial format: 
WARNING 2025-10-01 23:32:58,675 migration_service Invalid serial format: 
WARNING 2025-10-01 23:32:58,675 migration_service Invalid serial format: 
WARNING 2025-10-01 23:32:58,675 migration_service Invalid serial format: 
WARNING 2025-10-01 23:32:58,675 migration_service Invalid serial format: 
WARNING 2025-10-01 23:32:58,675 migration_service Invalid serial format: 
WARNING 2025-10-01 23:32:58,675 migration_service Invalid serial format: 
WARNING 2025-10-01 23:32:58,675 migration_service Invalid serial format: 
WARNING 2025-10-01 23:32:58,675 migration_service Invalid serial format: 
WARNING 2025-10-01 23:32:58,675 migration_service Invalid serial format: 
WARNING 2025-10-01 23:32:58,675 migration_service Invalid serial format: 
WARNING 2025-10-01 23:32:58,675 migration_service Invalid serial format: 
WARNING 2025-10-01 23:32:58,675 migration_service Invalid serial format: 
WARNING 2025-10-01 23:32:58,676 migration_service Invalid serial format: 
WARNING 2025-10-01 23:32:58,676 migration_service Invalid serial format: 
WARNING 2025-10-01 23:32:58,676 migration_service Invalid serial format: 
WARNING 2025-10-01 23:32:58,676 migration_service Invalid serial format: 
WARNING 2025-10-01 23:32:58,676 migration_service Invalid serial format: 
WARNING 2025-10-01 23:32:58,676 migration_service Invalid serial format: 
WARNING 2025-10-01 23:32:58,676 migration_service Invalid serial format: 
WARNING 2025-10-01 23:32:58,676 migration_service Invalid serial format: 
WARNING 2025-10-01 23:32:58,676 migration_service Invalid serial format: 
WARNING 2025-10-01 23:32:58,676 migration_service Invalid serial format: 
WARNING 2025-10-01 23:32:58,676 migration_service Invalid serial format: 
WARNING 2025-10-01 23:32:58,676 migration_service Invalid serial format: 
WARNING 2025-10-01 23:32:58,676 migration_service Invalid serial format: 
WARNING 2025-10-01 23:32:58,676 migration_service Invalid serial format: 
WARNING 2025-10-01 23:32:58,676 migration_service Invalid serial format: 
WARNING 2025-10-01 23:32:58,676 migration_service Invalid serial format: 
WARNING 2025-10-01 23:32:58,676 migration_service Invalid serial format: 
WARNING 2025-10-01 23:32:58,676 migration_service Invalid serial format: 
WARNING 2025-10-01 23:32:58,676 migration_service Invalid serial format: 
WARNING 2025-10-01 23:32:58,676 migration_service Invalid serial format: 
WARNING 2025-10-01 23:32:58,677 migration_service Invalid serial format: 
WARNING 2025-10-01 23:32:58,677 migration_service Invalid serial format: 
WARNING 2025-10-01 23:32:58,677 migration_service Invalid serial format: 
WARNING 2025-10-01 23:32:58,677 migration_service Invalid serial format: 
WARNING 2025-10-01 23:32:58,677 migration_service Invalid serial format: 
WARNING 2025-10-01 23:32:58,677 migration_service Invalid serial format: 
WARNING 2025-10-01 23:32:58,677 migration_service Invalid serial format: 
WARNING 2025-10-01 23:32:58,677 migration_service Invalid serial format: 
WARNING 2025-10-01 23:32:58,677 migration_service Invalid serial format: 
WARNING 2025-10-01 23:32:58,677 migration_service Invalid serial format: 
WARNING 2025-10-01 23:32:58,677 migration_service Invalid serial format: 
WARNING 2025-10-01 23:32:58,677 migration_service Invalid serial format: 
WARNING 2025-10-01 23:32:58,677 migration_service Invalid serial format: 
WARNING 2025-10-01 23:32:58,677 migration_service Invalid serial format: 
WARNING 2025-10-01 23:32:58,677 migration_service Invalid serial format: 
WARNING 2025-10-01 23:32:58,677 migration_service Invalid serial format: 
WARNING 2025-10-01 23:32:58,677 migration_service Invalid serial format: 
WARNING 2025-10-01 23:32:58,677 migration_service Invalid serial format: 
WARNING 2025-10-01 23:32:58,677 migration_service Invalid serial format: 
WARNING 2025-10-01 23:32:58,678 migration_service Invalid serial format: 
WARNING 2025-10-01 23:32:58,678 migration_service Invalid serial format: 
WARNING 2025-10-01 23:32:58,678 migration_service Invalid serial format: 
WARNING 2025-10-01 23:32:58,678 migration_service Invalid serial format: 
WARNING 2025-10-01 23:32:58,678 migration_service Invalid serial format: 
WARNING 2025-10-01 23:32:58,678 migration_service Invalid serial format: 
WARNING 2025-10-01 23:32:58,678 migration_service Invalid serial format: 
WARNING 2025-10-01 23:32:58,678 migration_service Invalid serial format: 
WARNING 2025-10-01 23:32:58,678 migration_service Invalid serial format: 
WARNING 2025-10-01 23:32:58,678 migration_service Invalid serial format: 
WARNING 2025-10-01 23:32:58,678 migration_service Invalid serial format: 
WARNING 2025-10-01 23:32:58,678 migration_service Invalid serial format: 
WARNING 2025-10-01 23:32:58,678 migration_service Invalid serial format: 
WARNING 2025-10-01 23:32:58,678 migration_service Invalid serial format: 
WARNING 2025-10-01 23:32:58,678 migration_service Invalid serial format: 
WARNING 2025-10-01 23:32:58,678 migration_service Invalid serial format: 
WARNING 2025-10-01 23:32:58,678 migration_service Invalid serial format: 
WARNING 2025-10-01 23:32:58,678 migration_service Invalid serial format: 
WARNING 2025-10-01 23:32:58,678 migration_service Invalid serial format: 
WARNING 2025-10-01 23:32:58,679 migration_service Invalid serial format: 
WARNING 2025-10-01 23:32:58,679 migration_service Invalid serial format: 
WARNING 2025-10-01 23:32:58,679 migration_service Invalid serial format: 
WARNING 2025-10-01 23:32:58,679 migration_service Invalid serial format: 
WARNING 2025-10-01 23:32:58,679 migration_service Invalid serial format: 
WARNING 2025-10-01 23:32:58,679 migration_service Invalid serial format: 
WARNING 2025-10-01 23:32:58,679 migration_service Invalid serial format: 
WARNING 2025-10-01 23:32:58,679 migration_service Invalid serial format: 
WARNING 2025-10-01 23:32:58,679 migration_service Invalid serial format: 
WARNING 2025-10-01 23:32:58,679 migration_service Invalid serial format: 
WARNING 2025-10-01 23:32:58,679 migration_service Invalid serial format: 
WARNING 2025-10-01 23:32:58,679 migration_service Invalid serial format: 
WARNING 2025-10-01 23:32:58,679 migration_service Invalid serial format: 
WARNING 2025-10-01 23:32:58,679 migration_service Invalid serial format: 
WARNING 2025-10-01 23:32:58,679 migration_service Invalid serial format: 
WARNING 2025-10-01 23:32:58,679 migration_service Invalid serial format: 
WARNING 2025-10-01 23:32:58,679 migration_service Invalid serial format: 
WARNING 2025-10-01 23:32:58,679 migration_service Invalid serial format: 
WARNING 2025-10-01 23:32:58,679 migration_service Invalid serial format: 
WARNING 2025-10-01 23:32:58,679 migration_service Invalid serial format: 
WARNING 2025-10-01 23:32:58,680 migration_service Invalid serial format: 
WARNING 2025-10-01 23:32:58,680 migration_service Invalid serial format: 
WARNING 2025-10-01 23:32:58,680 migration_service Invalid serial format: 
WARNING 2025-10-01 23:32:58,680 migration_service Invalid serial format: 
WARNING 2025-10-01 23:32:58,680 migration_service Invalid serial format: 
WARNING 2025-10-01 23:32:58,680 migration_service Invalid serial format: 
WARNING 2025-10-01 23:32:58,680 migration_service Invalid serial format: 
WARNING 2025-10-01 23:32:58,680 migration_service Invalid serial format: 
WARNING 2025-10-01 23:32:58,680 migration_service Invalid serial format: 
WARNING 2025-10-01 23:32:58,680 migration_service Invalid serial format: 
WARNING 2025-10-01 23:32:58,680 migration_service Invalid serial format: 
WARNING 2025-10-01 23:32:58,680 migration_service Invalid serial format: 
WARNING 2025-10-01 23:32:58,680 migration_service Invalid serial format: 
WARNING 2025-10-01 23:32:58,680 migration_service Invalid serial format: 
WARNING 2025-10-01 23:32:58,680 migration_service Invalid serial format: 
WARNING 2025-10-01 23:32:58,680 migration_service Invalid serial format: 
WARNING 2025-10-01 23:32:58,681 migration_service Invalid serial format: 
WARNING 2025-10-01 23:32:58,681 migration_service Invalid serial format: 
WARNING 2025-10-01 23:32:58,681 migration_service Invalid serial format: 
WARNING 2025-10-01 23:32:58,681 migration_service Invalid serial format: 
WARNING 2025-10-01 23:32:58,681 migration_service Invalid serial format: 
WARNING 2025-10-01 23:32:58,681 migration_service Invalid serial format: 
WARNING 2025-10-01 23:32:58,681 migration_service Invalid serial format: 
WARNING 2025-10-01 23:32:58,681 migration_service Invalid serial format: 
WARNING 2025-10-01 23:32:58,681 migration_service Invalid serial format: 
WARNING 2025-10-01 23:32:58,681 migration_service Invalid serial format: 
WARNING 2025-10-01 23:32:58,681 migration_service Invalid serial format: 
WARNING 2025-10-01 23:32:58,681 migration_service Invalid serial format: 
WARNING 2025-10-01 23:32:58,681 migration_service Invalid serial format: 
WARNING 2025-10-01 23:32:58,682 migration_service Invalid serial format: 
WARNING 2025-10-01 23:32:58,682 migration_service Invalid serial format: 
WARNING 2025-10-01 23:32:58,682 migration_service Invalid serial format: 
WARNING 2025-10-01 23:32:58,682 migration_service Invalid serial format: 
WARNING 2025-10-01 23:32:58,682 migration_service Invalid serial format: 
WARNING 2025-10-01 23:32:58,682 migration_service Invalid serial format: 
WARNING 2025-10-01 23:32:58,682 migration_service Invalid serial format: 
WARNING 2025-10-01 23:32:58,682 migration_service Invalid serial format: 
WARNING 2025-10-01 23:32:58,682 migration_service Invalid serial format: 
WARNING 2025-10-01 23:32:58,682 migration_service Invalid serial format: 
WARNING 2025-10-01 23:32:58,682 migration_service Invalid serial format: 
WARNING 2025-10-01 23:32:58,682 migration_service Invalid serial format: 
WARNING 2025-10-01 23:32:58,682 migration_service Invalid serial format: 
WARNING 2025-10-01 23:32:58,682 migration_service Invalid serial format: 
WARNING 2025-10-01 23:32:58,682 migration_service Invalid serial format: 
WARNING 2025-10-01 23:32:58,682 migration_service Invalid serial format: 
WARNING 2025-10-01 23:32:58,682 migration_service Invalid serial format: 
WARNING 2025-10-01 23:32:58,682 migration_service Invalid serial format: 
WARNING 2025-10-01 23:32:58,682 migration_service Invalid serial format: 
WARNING 2025-10-01 23:32:58,683 migration_service Invalid serial format: 
WARNING 2025-10-01 23:32:58,683 migration_service Invalid serial format: 
WARNING 2025-10-01 23:32:58,683 migration_service Invalid serial format: 
WARNING 2025-10-01 23:32:58,683 migration_service Invalid serial format: 
WARNING 2025-10-01 23:32:58,683 migration_service Invalid serial format: 
WARNING 2025-10-01 23:32:58,683 migration_service Invalid serial format: 
WARNING 2025-10-01 23:32:58,683 migration_service Invalid serial format: 
WARNING 2025-10-01 23:32:58,683 migration_service Invalid serial format: 
WARNING 2025-10-01 23:32:58,683 migration_service Invalid serial format: 
WARNING 2025-10-01 23:32:58,683 migration_service Invalid serial format: 
WARNING 2025-10-01 23:32:58,683 migration_service Invalid serial format: 
WARNING 2025-10-01 23:32:58,683 migration_service Invalid serial format: 
WARNING 2025-10-01 23:32:58,683 migration_service Invalid serial format: 
WARNING 2025-10-01 23:32:58,683 migration_service Invalid serial format: 
WARNING 2025-10-01 23:32:58,683 migration_service Invalid serial format: 
WARNING 2025-10-01 23:32:58,683 migration_service Invalid serial format: 
WARNING 2025-10-01 23:32:58,683 migration_service Invalid serial format: 
WARNING 2025-10-01 23:32:58,683 migration_service Invalid serial format: 
WARNING 2025-10-01 23:32:58,683 migration_service Invalid serial format: 
WARNING 2025-10-01 23:32:58,684 migration_service Invalid serial format: 
WARNING 2025-10-01 23:32:58,684 migration_service Invalid serial format: 
WARNING 2025-10-01 23:32:58,684 migration_service Invalid serial format: 
WARNING 2025-10-01 23:32:58,684 migration_service Invalid serial format: 
WARNING 2025-10-01 23:32:58,684 migration_service Invalid serial format: 
WARNING 2025-10-01 23:32:58,684 migration_service Invalid serial format: 
WARNING 2025-10-01 23:32:58,684 migration_service Invalid serial format: 
WARNING 2025-10-01 23:32:58,684 migration_service Invalid serial format: 
WARNING 2025-10-01 23:32:58,684 migration_service Invalid serial format: 
WARNING 2025-10-01 23:32:58,684 migration_service Invalid serial format: 
WARNING 2025-10-01 23:32:58,684 migration_service Invalid serial format: 
WARNING 2025-10-01 23:32:58,684 migration_service Invalid serial format: 
WARNING 2025-10-01 23:32:58,684 migration_service Invalid serial format: 
WARNING 2025-10-01 23:32:58,684 migration_service Invalid serial format: 
WARNING 2025-10-01 23:32:58,684 migration_service Invalid serial format: 
WARNING 2025-10-01 23:32:58,684 migration_service Invalid serial format: 
WARNING 2025-10-01 23:32:58,684 migration_service Invalid serial format: 
WARNING 2025-10-01 23:32:58,684 migration_service Invalid serial format: 
WARNING 2025-10-01 23:32:58,684 migration_service Invalid serial format: 
WARNING 2025-10-01 23:32:58,685 migration_service Invalid serial format: 
WARNING 2025-10-01 23:32:58,685 migration_service Invalid serial format: 
WARNING 2025-10-01 23:32:58,685 migration_service Invalid serial format: 
WARNING 2025-10-01 23:32:58,685 migration_service Invalid serial format: 
WARNING 2025-10-01 23:32:58,685 migration_service Invalid serial format: 
WARNING 2025-10-01 23:32:58,685 migration_service Invalid serial format: 
WARNING 2025-10-01 23:32:58,685 migration_service Invalid serial format: 
WARNING 2025-10-01 23:32:58,685 migration_service Invalid serial format: 
WARNING 2025-10-01 23:32:58,685 migration_service Invalid serial format: 
WARNING 2025-10-01 23:32:58,685 migration_service Invalid serial format: 
WARNING 2025-10-01 23:32:58,685 migration_service Invalid serial format: 
WARNING 2025-10-01 23:32:58,685 migration_service Invalid serial format: 
WARNING 2025-10-01 23:32:58,685 migration_service Invalid serial format: 
WARNING 2025-10-01 23:32:58,685 migration_service Invalid serial format: 
WARNING 2025-10-01 23:32:58,685 migration_service Invalid serial format: 
WARNING 2025-10-01 23:32:58,685 migration_service Invalid serial format: 
WARNING 2025-10-01 23:32:58,685 migration_service Invalid serial format: 
WARNING 2025-10-01 23:32:58,685 migration_service Invalid serial format: 
WARNING 2025-10-01 23:32:58,685 migration_service Invalid serial format: 
WARNING 2025-10-01 23:32:58,685 migration_service Invalid serial format: 
WARNING 2025-10-01 23:32:58,686 migration_service Invalid serial format: 
WARNING 2025-10-01 23:32:58,686 migration_service Invalid serial format: 
WARNING 2025-10-01 23:32:58,686 migration_service Invalid serial format: 
WARNING 2025-10-01 23:32:58,686 migration_service Invalid serial format: 
WARNING 2025-10-01 23:32:58,686 migration_service Invalid serial format: 
WARNING 2025-10-01 23:32:58,686 migration_service Invalid serial format: 
WARNING 2025-10-01 23:32:58,686 migration_service Invalid serial format: 
WARNING 2025-10-01 23:32:58,686 migration_service Invalid serial format: 
WARNING 2025-10-01 23:32:58,686 migration_service Invalid serial format: 
WARNING 2025-10-01 23:32:58,686 migration_service Invalid serial format: 
WARNING 2025-10-01 23:32:58,686 migration_service Invalid serial format: 
WARNING 2025-10-01 23:32:58,686 migration_service Invalid serial format: 
WARNING 2025-10-01 23:32:58,686 migration_service Invalid serial format: 
WARNING 2025-10-01 23:32:58,687 migration_service Invalid serial format: 
WARNING 2025-10-01 23:32:58,687 migration_service Invalid serial format: 
WARNING 2025-10-01 23:32:58,687 migration_service Invalid serial format: 
WARNING 2025-10-01 23:32:58,687 migration_service Invalid serial format: 
WARNING 2025-10-01 23:32:58,687 migration_service Invalid serial format: 
WARNING 2025-10-01 23:32:58,687 migration_service Invalid serial format: 
WARNING 2025-10-01 23:32:58,687 migration_service Invalid serial format: 
WARNING 2025-10-01 23:32:58,687 migration_service Invalid serial format: 
WARNING 2025-10-01 23:32:58,687 migration_service Invalid serial format: 
WARNING 2025-10-01 23:32:58,687 migration_service Invalid serial format: 
WARNING 2025-10-01 23:32:58,688 migration_service Invalid serial format: 
WARNING 2025-10-01 23:32:58,688 migration_service Invalid serial format: 
WARNING 2025-10-01 23:32:58,688 migration_service Invalid serial format: 
WARNING 2025-10-01 23:32:58,688 migration_service Invalid serial format: 
WARNING 2025-10-01 23:32:58,688 migration_service Invalid serial format: 
WARNING 2025-10-01 23:32:58,688 migration_service Invalid serial format: 
WARNING 2025-10-01 23:32:58,688 migration_service Invalid serial format: 
WARNING 2025-10-01 23:32:58,688 migration_service Invalid serial format: 
WARNING 2025-10-01 23:32:58,688 migration_service Invalid serial format: 
WARNING 2025-10-01 23:32:58,688 migration_service Invalid serial format: 
WARNING 2025-10-01 23:32:58,688 migration_service Invalid serial format: 
WARNING 2025-10-01 23:32:58,688 migration_service Invalid serial format: 
WARNING 2025-10-01 23:32:58,688 migration_service Invalid serial format: 
WARNING 2025-10-01 23:32:58,689 migration_service Invalid serial format: 
WARNING 2025-10-01 23:32:58,689 migration_service Invalid serial format: 
WARNING 2025-10-01 23:32:58,689 migration_service Invalid serial format: 
WARNING 2025-10-01 23:32:58,689 migration_service Invalid serial format: 
WARNING 2025-10-01 23:32:58,689 migration_service Invalid serial format: 
WARNING 2025-10-01 23:32:58,689 migration_service Invalid serial format: 
WARNING 2025-10-01 23:32:58,689 migration_service Invalid serial format: 
WARNING 2025-10-01 23:32:58,689 migration_service Invalid serial format: 
WARNING 2025-10-01 23:32:58,689 migration_service Invalid serial format: 
WARNING 2025-10-01 23:32:58,689 migration_service Invalid serial format: 
WARNING 2025-10-01 23:32:58,689 migration_service Invalid serial format: 
WARNING 2025-10-01 23:32:58,689 migration_service Invalid serial format: 
WARNING 2025-10-01 23:32:58,690 migration_service Invalid serial format: 
WARNING 2025-10-01 23:32:58,690 migration_service Invalid serial format: 
WARNING 2025-10-01 23:32:58,690 migration_service Invalid serial format: 
WARNING 2025-10-01 23:32:58,690 migration_service Invalid serial format: 
WARNING 2025-10-01 23:32:58,690 migration_service Invalid serial format: 
WARNING 2025-10-01 23:32:58,690 migration_service Invalid serial format: 
WARNING 2025-10-01 23:32:58,690 migration_service Invalid serial format: 
WARNING 2025-10-01 23:32:58,690 migration_service Invalid serial format: 
WARNING 2025-10-01 23:32:58,690 migration_service Invalid serial format: 
WARNING 2025-10-01 23:32:58,690 migration_service Invalid serial format: 
WARNING 2025-10-01 23:32:58,690 migration_service Invalid serial format: 
WARNING 2025-10-01 23:32:58,690 migration_service Invalid serial format: 
WARNING 2025-10-01 23:32:58,690 migration_service Invalid serial format: 
WARNING 2025-10-01 23:32:58,690 migration_service Invalid serial format: 
WARNING 2025-10-01 23:32:58,690 migration_service Invalid serial format: 
WARNING 2025-10-01 23:32:58,690 migration_service Invalid serial format: 
WARNING 2025-10-01 23:32:58,691 migration_service Invalid serial format: 
WARNING 2025-10-01 23:32:58,691 migration_service Invalid serial format: 
WARNING 2025-10-01 23:32:58,691 migration_service Invalid serial format: 
WARNING 2025-10-01 23:32:58,691 migration_service Invalid serial format: 
WARNING 2025-10-01 23:32:58,691 migration_service Invalid serial format: 
WARNING 2025-10-01 23:32:58,691 migration_service Invalid serial format: 
WARNING 2025-10-01 23:32:58,691 migration_service Invalid serial format: 
WARNING 2025-10-01 23:32:58,691 migration_service Invalid serial format: 
WARNING 2025-10-01 23:32:58,691 migration_service Invalid serial format: 
WARNING 2025-10-01 23:32:58,691 migration_service Invalid serial format: 
WARNING 2025-10-01 23:32:58,691 migration_service Invalid serial format: 
WARNING 2025-10-01 23:32:58,691 migration_service Invalid serial format: 
WARNING 2025-10-01 23:32:58,691 migration_service Invalid serial format: 
WARNING 2025-10-01 23:32:58,691 migration_service Invalid serial format: 
WARNING 2025-10-01 23:32:58,691 migration_service Invalid serial format: 
WARNING 2025-10-01 23:32:58,692 migration_service Invalid serial format: 
WARNING 2025-10-01 23:32:58,692 migration_service Invalid serial format: 
WARNING 2025-10-01 23:32:58,692 migration_service Invalid serial format: 
WARNING 2025-10-01 23:32:58,692 migration_service Invalid serial format: 
WARNING 2025-10-01 23:32:58,692 migration_service Invalid serial format: 
WARNING 2025-10-01 23:32:58,692 migration_service Invalid serial format: 
WARNING 2025-10-01 23:32:58,692 migration_service Invalid serial format: 
WARNING 2025-10-01 23:32:58,692 migration_service Invalid serial format: 
WARNING 2025-10-01 23:32:58,692 migration_service Invalid serial format: 
WARNING 2025-10-01 23:32:58,692 migration_service Invalid serial format: 
WARNING 2025-10-01 23:32:58,692 migration_service Invalid serial format: 
WARNING 2025-10-01 23:32:58,692 migration_service Invalid serial format: 
WARNING 2025-10-01 23:32:58,692 migration_service Invalid serial format: 
WARNING 2025-10-01 23:32:58,692 migration_service Invalid serial format: 
WARNING 2025-10-01 23:32:58,692 migration_service Invalid serial format: 
WARNING 2025-10-01 23:32:58,693 migration_service Invalid serial format: 
WARNING 2025-10-01 23:32:58,693 migration_service Invalid serial format: 
WARNING 2025-10-01 23:32:58,693 migration_service Invalid serial format: 
WARNING 2025-10-01 23:32:58,693 migration_service Invalid serial format: 
WARNING 2025-10-01 23:32:58,693 migration_service Invalid serial format: 
WARNING 2025-10-01 23:32:58,693 migration_service Invalid serial format: 
WARNING 2025-10-01 23:32:58,693 migration_service Invalid serial format: 
WARNING 2025-10-01 23:32:58,693 migration_service Invalid serial format: 
WARNING 2025-10-01 23:32:58,693 migration_service Invalid serial format: 
WARNING 2025-10-01 23:32:58,693 migration_service Invalid serial format: 
WARNING 2025-10-01 23:32:58,693 migration_service Invalid serial format: 
WARNING 2025-10-01 23:32:58,693 migration_service Invalid serial format: 
WARNING 2025-10-01 23:32:58,693 migration_service Invalid serial format: 
WARNING 2025-10-01 23:32:58,693 migration_service Invalid serial format: 
WARNING 2025-10-01 23:32:58,693 migration_service Invalid serial format: 
WARNING 2025-10-01 23:32:58,694 migration_service Invalid serial format: 
WARNING 2025-10-01 23:32:58,694 migration_service Invalid serial format: 
WARNING 2025-10-01 23:32:58,694 migration_service Invalid serial format: 
WARNING 2025-10-01 23:32:58,694 migration_service Invalid serial format: 
WARNING 2025-10-01 23:32:58,694 migration_service Invalid serial format: 
WARNING 2025-10-01 23:32:58,694 migration_service Invalid serial format: 
WARNING 2025-10-01 23:32:58,694 migration_service Invalid serial format: 
WARNING 2025-10-01 23:32:58,694 migration_service Invalid serial format: 
WARNING 2025-10-01 23:32:58,694 migration_service Invalid serial format: 
WARNING 2025-10-01 23:32:58,694 migration_service Invalid serial format: 
WARNING 2025-10-01 23:32:58,694 migration_service Invalid serial format: 
WARNING 2025-10-01 23:32:58,694 migration_service Invalid serial format: 
WARNING 2025-10-01 23:32:58,694 migration_service Invalid serial format: 
WARNING 2025-10-01 23:32:58,695 migration_service Invalid serial format: 
WARNING 2025-10-01 23:32:58,695 migration_service Invalid serial format: 
WARNING 2025-10-01 23:32:58,695 migration_service Invalid serial format: 
WARNING 2025-10-01 23:32:58,695 migration_service Invalid serial format: 
WARNING 2025-10-01 23:32:58,695 migration_service Invalid serial format: 
WARNING 2025-10-01 23:32:58,695 migration_service Invalid serial format: 
WARNING 2025-10-01 23:32:58,695 migration_service Invalid serial format: 
WARNING 2025-10-01 23:32:58,695 migration_service Invalid serial format: 
WARNING 2025-10-01 23:32:58,695 migration_service Invalid serial format: 
WARNING 2025-10-01 23:32:58,695 migration_service Invalid serial format: 
WARNING 2025-10-01 23:32:58,695 migration_service Invalid serial format: 
WARNING 2025-10-01 23:32:58,695 migration_service Invalid serial format: 
WARNING 2025-10-01 23:32:58,695 migration_service Invalid serial format: 
WARNING 2025-10-01 23:32:58,695 migration_service Invalid serial format: 
WARNING 2025-10-01 23:32:58,695 migration_service Invalid serial format: 
WARNING 2025-10-01 23:32:58,696 migration_service Invalid serial format: 
WARNING 2025-10-01 23:32:58,696 migration_service Invalid serial format: 
WARNING 2025-10-01 23:32:58,696 migration_service Invalid serial format: 
WARNING 2025-10-01 23:32:58,696 migration_service Invalid serial format: 
WARNING 2025-10-01 23:32:58,696 migration_service Invalid serial format: 
WARNING 2025-10-01 23:32:58,696 migration_service Invalid serial format: 
WARNING 2025-10-01 23:32:58,696 migration_service Invalid serial format: 
WARNING 2025-10-01 23:32:58,696 migration_service Invalid serial format: 
WARNING 2025-10-01 23:32:58,696 migration_service Invalid serial format: 
WARNING 2025-10-01 23:32:58,696 migration_service Invalid serial format: 
WARNING 2025-10-01 23:32:58,696 migration_service Invalid serial format: 
WARNING 2025-10-01 23:32:58,696 migration_service Invalid serial format: 
WARNING 2025-10-01 23:32:58,696 migration_service Invalid serial format: 
WARNING 2025-10-01 23:32:58,697 migration_service Invalid serial format: 
WARNING 2025-10-01 23:32:58,697 migration_service Invalid serial format: 
WARNING 2025-10-01 23:32:58,697 migration_service Invalid serial format: 
WARNING 2025-10-01 23:32:58,697 migration_service Invalid serial format: 
WARNING 2025-10-01 23:32:58,697 migration_service Invalid serial format: 
WARNING 2025-10-01 23:32:58,697 migration_service Invalid serial format: 
WARNING 2025-10-01 23:32:58,697 migration_service Invalid serial format: 
WARNING 2025-10-01 23:32:58,697 migration_service Invalid serial format: 
WARNING 2025-10-01 23:32:58,697 migration_service Invalid serial format: 
WARNING 2025-10-01 23:32:58,697 migration_service Invalid serial format: 
WARNING 2025-10-01 23:32:58,697 migration_service Invalid serial format: 
WARNING 2025-10-01 23:32:58,697 migration_service Invalid serial format: 
WARNING 2025-10-01 23:32:58,697 migration_service Invalid serial format: 
WARNING 2025-10-01 23:32:58,697 migration_service Invalid serial format: 
WARNING 2025-10-01 23:32:58,697 migration_service Invalid serial format: 
WARNING 2025-10-01 23:32:58,697 migration_service Invalid serial format: 
WARNING 2025-10-01 23:32:58,698 migration_service Invalid serial format: 
WARNING 2025-10-01 23:32:58,698 migration_service Invalid serial format: 
WARNING 2025-10-01 23:32:58,698 migration_service Invalid serial format: 
WARNING 2025-10-01 23:32:58,698 migration_service Invalid serial format: 
WARNING 2025-10-01 23:32:58,698 migration_service Invalid serial format: 
WARNING 2025-10-01 23:32:58,698 migration_service Invalid serial format: 
WARNING 2025-10-01 23:32:58,698 migration_service Invalid serial format: 
WARNING 2025-10-01 23:32:58,698 migration_service Invalid serial format: 
WARNING 2025-10-01 23:32:58,698 migration_service Invalid serial format: 
WARNING 2025-10-01 23:32:58,698 migration_service Invalid serial format: 
WARNING 2025-10-01 23:32:58,698 migration_service Invalid serial format: 
WARNING 2025-10-01 23:32:58,698 migration_service Invalid serial format: 
WARNING 2025-10-01 23:32:58,698 migration_service Invalid serial format: 
WARNING 2025-10-01 23:32:58,698 migration_service Invalid serial format: 
WARNING 2025-10-01 23:32:58,698 migration_service Invalid serial format: 
WARNING 2025-10-01 23:32:58,698 migration_service Invalid serial format: 
WARNING 2025-10-01 23:32:58,699 migration_service Invalid serial format: 
WARNING 2025-10-01 23:32:58,699 migration_service Invalid serial format: 
WARNING 2025-10-01 23:32:58,699 migration_service Invalid serial format: 
WARNING 2025-10-01 23:32:58,699 migration_service Invalid serial format: 
WARNING 2025-10-01 23:32:58,699 migration_service Invalid serial format: 
WARNING 2025-10-01 23:32:58,699 migration_service Invalid serial format: 
WARNING 2025-10-01 23:32:58,699 migration_service Invalid serial format: 
WARNING 2025-10-01 23:32:58,699 migration_service Invalid serial format: 
WARNING 2025-10-01 23:32:58,699 migration_service Invalid serial format: 
WARNING 2025-10-01 23:32:58,699 migration_service Invalid serial format: 
WARNING 2025-10-01 23:32:58,699 migration_service Invalid serial format: 
WARNING 2025-10-01 23:32:58,699 migration_service Invalid serial format: 
WARNING 2025-10-01 23:32:58,699 migration_service Invalid serial format: 
WARNING 2025-10-01 23:32:58,699 migration_service Invalid serial format: 
WARNING 2025-10-01 23:32:58,700 migration_service Invalid serial format: 
WARNING 2025-10-01 23:32:58,700 migration_service Invalid serial format: 
WARNING 2025-10-01 23:32:58,700 migration_service Invalid serial format: 
WARNING 2025-10-01 23:32:58,700 migration_service Invalid serial format: 
WARNING 2025-10-01 23:32:58,700 migration_service Invalid serial format: 
WARNING 2025-10-01 23:32:58,700 migration_service Invalid serial format: 
WARNING 2025-10-01 23:32:58,700 migration_service Invalid serial format: 
WARNING 2025-10-01 23:32:58,700 migration_service Invalid serial format: 
WARNING 2025-10-01 23:32:58,700 migration_service Invalid serial format: 
WARNING 2025-10-01 23:32:58,700 migration_service Invalid serial format: 
WARNING 2025-10-01 23:32:58,700 migration_service Invalid serial format: 
WARNING 2025-10-01 23:32:58,700 migration_service Invalid serial format: 
WARNING 2025-10-01 23:32:58,700 migration_service Invalid serial format: 
WARNING 2025-10-01 23:32:58,700 migration_service Invalid serial format: 
WARNING 2025-10-01 23:32:58,700 migration_service Invalid serial format: 
WARNING 2025-10-01 23:32:58,700 migration_service Invalid serial format: 
WARNING 2025-10-01 23:32:58,701 migration_service Invalid serial format: 
WARNING 2025-10-01 23:32:58,701 migration_service Invalid serial format: 
WARNING 2025-10-01 23:32:58,701 migration_service Invalid serial format: 
WARNING 2025-10-01 23:32:58,701 migration_service Invalid serial format: 
WARNING 2025-10-01 23:32:58,701 migration_service Invalid serial format: 
WARNING 2025-10-01 23:32:58,701 migration_service Invalid serial format: 
WARNING 2025-10-01 23:32:58,701 migration_service Invalid serial format: 
WARNING 2025-10-01 23:32:58,701 migration_service Invalid serial format: 
WARNING 2025-10-01 23:32:58,701 migration_service Invalid serial format: 
WARNING 2025-10-01 23:32:58,701 migration_service Invalid serial format: 
WARNING 2025-10-01 23:32:58,701 migration_service Invalid serial format: 
WARNING 2025-10-01 23:32:58,701 migration_service Invalid serial format: 
WARNING 2025-10-01 23:32:58,701 migration_service Invalid serial format: 
WARNING 2025-10-01 23:32:58,701 migration_service Invalid serial format: 
WARNING 2025-10-01 23:32:58,702 migration_service Invalid serial format: 
WARNING 2025-10-01 23:32:58,702 migration_service Invalid serial format: 
WARNING 2025-10-01 23:32:58,702 migration_service Invalid serial format: 
WARNING 2025-10-01 23:32:58,702 migration_service Invalid serial format: 
WARNING 2025-10-01 23:32:58,702 migration_service Invalid serial format: 
WARNING 2025-10-01 23:32:58,702 migration_service Invalid serial format: 
WARNING 2025-10-01 23:32:58,702 migration_service Invalid serial format: 
WARNING 2025-10-01 23:32:58,702 migration_service Invalid serial format: 
WARNING 2025-10-01 23:32:58,702 migration_service Invalid serial format: 
WARNING 2025-10-01 23:32:58,702 migration_service Invalid serial format: 
WARNING 2025-10-01 23:32:58,702 migration_service Invalid serial format: 
WARNING 2025-10-01 23:32:58,702 migration_service Invalid serial format: 
WARNING 2025-10-01 23:32:58,702 migration_service Invalid serial format: 
WARNING 2025-10-01 23:32:58,702 migration_service Invalid serial format: 
WARNING 2025-10-01 23:32:58,702 migration_service Invalid serial format: 
WARNING 2025-10-01 23:32:58,703 migration_service Invalid serial format: 
WARNING 2025-10-01 23:32:58,703 migration_service Invalid serial format: 
WARNING 2025-10-01 23:32:58,703 migration_service Invalid serial format: 
WARNING 2025-10-01 23:32:58,703 migration_service Invalid serial format: 
WARNING 2025-10-01 23:32:58,703 migration_service Invalid serial format: 
WARNING 2025-10-01 23:32:58,703 migration_service Invalid serial format: 
WARNING 2025-10-01 23:32:58,703 migration_service Invalid serial format: 
WARNING 2025-10-01 23:32:58,703 migration_service Invalid serial format: 
WARNING 2025-10-01 23:32:58,703 migration_service Invalid serial format: 
WARNING 2025-10-01 23:32:58,703 migration_service Invalid serial format: 
WARNING 2025-10-01 23:32:58,703 migration_service Invalid serial format: 
WARNING 2025-10-01 23:32:58,703 migration_service Invalid serial format: 
WARNING 2025-10-01 23:32:58,703 migration_service Invalid serial format: 
WARNING 2025-10-01 23:32:58,703 migration_service Invalid serial format: 
WARNING 2025-10-01 23:32:58,704 migration_service Invalid serial format: 
WARNING 2025-10-01 23:32:58,704 migration_service Invalid serial format: 
WARNING 2025-10-01 23:32:58,704 migration_service Invalid serial format: 
WARNING 2025-10-01 23:32:58,704 migration_service Invalid serial format: 
WARNING 2025-10-01 23:32:58,704 migration_service Invalid serial format: 
WARNING 2025-10-01 23:32:58,704 migration_service Invalid serial format: 
WARNING 2025-10-01 23:32:58,704 migration_service Invalid serial format: 
WARNING 2025-10-01 23:32:58,704 migration_service Invalid serial format: 
WARNING 2025-10-01 23:32:58,704 migration_service Invalid serial format: 
WARNING 2025-10-01 23:32:58,704 migration_service Invalid serial format: 
WARNING 2025-10-01 23:32:58,704 migration_service Invalid serial format: 
WARNING 2025-10-01 23:32:58,705 migration_service Invalid serial format: 
WARNING 2025-10-01 23:32:58,705 migration_service Invalid serial format: 
WARNING 2025-10-01 23:32:58,705 migration_service Invalid serial format: 
WARNING 2025-10-01 23:32:58,705 migration_service Invalid serial format: 
WARNING 2025-10-01 23:32:58,705 migration_service Invalid serial format: 
WARNING 2025-10-01 23:32:58,705 migration_service Invalid serial format: 
WARNING 2025-10-01 23:32:58,705 migration_service Invalid serial format: 
WARNING 2025-10-01 23:32:58,705 migration_service Invalid serial format: 
WARNING 2025-10-01 23:32:58,705 migration_service Invalid serial format: 
WARNING 2025-10-01 23:32:58,705 migration_service Invalid serial format: 
WARNING 2025-10-01 23:32:58,705 migration_service Invalid serial format: 
WARNING 2025-10-01 23:32:58,705 migration_service Invalid serial format: 
WARNING 2025-10-01 23:32:58,705 migration_service Invalid serial format: 
WARNING 2025-10-01 23:32:58,705 migration_service Invalid serial format: 
WARNING 2025-10-01 23:32:58,705 migration_service Invalid serial format: 
WARNING 2025-10-01 23:32:58,706 migration_service Invalid serial format: 
WARNING 2025-10-01 23:32:58,706 migration_service Invalid serial format: 
WARNING 2025-10-01 23:32:58,706 migration_service Invalid serial format: 
WARNING 2025-10-01 23:32:58,706 migration_service Invalid serial format: 
WARNING 2025-10-01 23:32:58,706 migration_service Invalid serial format: 
WARNING 2025-10-01 23:32:58,706 migration_service Invalid serial format: 
WARNING 2025-10-01 23:32:58,706 migration_service Invalid serial format: 
WARNING 2025-10-01 23:32:58,706 migration_service Invalid serial format: 
WARNING 2025-10-01 23:32:58,706 migration_service Invalid serial format: 
WARNING 2025-10-01 23:32:58,706 migration_service Invalid serial format: 
WARNING 2025-10-01 23:32:58,706 migration_service Invalid serial format: 
WARNING 2025-10-01 23:32:58,706 migration_service Invalid serial format: 
WARNING 2025-10-01 23:32:58,706 migration_service Invalid serial format: 
WARNING 2025-10-01 23:32:58,706 migration_service Invalid serial format: 
WARNING 2025-10-01 23:32:58,706 migration_service Invalid serial format: 
WARNING 2025-10-01 23:32:58,707 migration_service Invalid serial format: 
WARNING 2025-10-01 23:32:58,707 migration_service Invalid serial format: 
WARNING 2025-10-01 23:32:58,707 migration_service Invalid serial format: 
WARNING 2025-10-01 23:32:58,707 migration_service Invalid serial format: 
WARNING 2025-10-01 23:32:58,707 migration_service Invalid serial format: 
WARNING 2025-10-01 23:32:58,707 migration_service Invalid serial format: 
WARNING 2025-10-01 23:32:58,707 migration_service Invalid serial format: 
WARNING 2025-10-01 23:32:58,707 migration_service Invalid serial format: 
WARNING 2025-10-01 23:32:58,707 migration_service Invalid serial format: 
WARNING 2025-10-01 23:32:58,707 migration_service Invalid serial format: 
WARNING 2025-10-01 23:32:58,707 migration_service Invalid serial format: 
WARNING 2025-10-01 23:32:58,707 migration_service Invalid serial format: 
WARNING 2025-10-01 23:32:58,707 migration_service Invalid serial format: 
WARNING 2025-10-01 23:32:58,707 migration_service Invalid serial format: 
WARNING 2025-10-01 23:32:58,708 migration_service Invalid serial format: 
WARNING 2025-10-01 23:32:58,708 migration_service Invalid serial format: 
WARNING 2025-10-01 23:32:58,708 migration_service Invalid serial format: 
WARNING 2025-10-01 23:32:58,708 migration_service Invalid serial format: 
WARNING 2025-10-01 23:32:58,708 migration_service Invalid serial format: 
WARNING 2025-10-01 23:32:58,708 migration_service Invalid serial format: 
WARNING 2025-10-01 23:32:58,708 migration_service Invalid serial format: 
WARNING 2025-10-01 23:32:58,708 migration_service Invalid serial format: 
WARNING 2025-10-01 23:32:58,708 migration_service Invalid serial format: 
WARNING 2025-10-01 23:32:58,708 migration_service Invalid serial format: 
WARNING 2025-10-01 23:32:58,708 migration_service Invalid serial format: 
WARNING 2025-10-01 23:32:58,708 migration_service Invalid serial format: 
WARNING 2025-10-01 23:32:58,708 migration_service Invalid serial format: 
WARNING 2025-10-01 23:32:58,709 migration_service Invalid serial format: 
WARNING 2025-10-01 23:32:58,709 migration_service Invalid serial format: 
WARNING 2025-10-01 23:32:58,709 migration_service Invalid serial format: 
WARNING 2025-10-01 23:32:58,709 migration_service Invalid serial format: 
WARNING 2025-10-01 23:32:58,709 migration_service Invalid serial format: 
WARNING 2025-10-01 23:32:58,709 migration_service Invalid serial format: 
WARNING 2025-10-01 23:32:58,709 migration_service Invalid serial format: 
WARNING 2025-10-01 23:32:58,709 migration_service Invalid serial format: 
WARNING 2025-10-01 23:32:58,709 migration_service Invalid serial format: 
WARNING 2025-10-01 23:32:58,709 migration_service Invalid serial format: 
WARNING 2025-10-01 23:32:58,709 migration_service Invalid serial format: 
WARNING 2025-10-01 23:32:58,709 migration_service Invalid serial format: 
WARNING 2025-10-01 23:32:58,709 migration_service Invalid serial format: 
WARNING 2025-10-01 23:32:58,710 migration_service Invalid serial format: 
WARNING 2025-10-01 23:32:58,710 migration_service Invalid serial format: 
WARNING 2025-10-01 23:32:58,710 migration_service Invalid serial format: 
WARNING 2025-10-01 23:32:58,710 migration_service Invalid serial format: 
WARNING 2025-10-01 23:32:58,710 migration_service Invalid serial format: 
WARNING 2025-10-01 23:32:58,710 migration_service Invalid serial format: 
WARNING 2025-10-01 23:32:58,710 migration_service Invalid serial format: 
WARNING 2025-10-01 23:32:58,710 migration_service Invalid serial format: 
WARNING 2025-10-01 23:32:58,710 migration_service Invalid serial format: 
WARNING 2025-10-01 23:32:58,710 migration_service Invalid serial format: 
WARNING 2025-10-01 23:32:58,710 migration_service Invalid serial format: 
WARNING 2025-10-01 23:32:58,710 migration_service Invalid serial format: 
WARNING 2025-10-01 23:32:58,710 migration_service Invalid serial format: 
WARNING 2025-10-01 23:32:58,710 migration_service Invalid serial format: 
WARNING 2025-10-01 23:32:58,710 migration_service Invalid serial format: 
WARNING 2025-10-01 23:32:58,711 migration_service Invalid serial format: 
WARNING 2025-10-01 23:32:58,711 migration_service Invalid serial format: 
WARNING 2025-10-01 23:32:58,711 migration_service Invalid serial format: 
WARNING 2025-10-01 23:32:58,711 migration_service Invalid serial format: 
WARNING 2025-10-01 23:32:58,711 migration_service Invalid serial format: 
WARNING 2025-10-01 23:32:58,711 migration_service Invalid serial format: 
WARNING 2025-10-01 23:32:58,711 migration_service Invalid serial format: 
WARNING 2025-10-01 23:32:58,711 migration_service Invalid serial format: 
WARNING 2025-10-01 23:32:58,711 migration_service Invalid serial format: 
WARNING 2025-10-01 23:32:58,711 migration_service Invalid serial format: 
WARNING 2025-10-01 23:32:58,711 migration_service Invalid serial format: 
WARNING 2025-10-01 23:32:58,711 migration_service Invalid serial format: 
WARNING 2025-10-01 23:32:58,711 migration_service Invalid serial format: 
WARNING 2025-10-01 23:32:58,711 migration_service Invalid serial format: 
WARNING 2025-10-01 23:32:58,712 migration_service Invalid serial format: 
WARNING 2025-10-01 23:32:58,712 migration_service Invalid serial format: 
WARNING 2025-10-01 23:32:58,712 migration_service Invalid serial format: 
WARNING 2025-10-01 23:32:58,712 migration_service Invalid serial format: 
WARNING 2025-10-01 23:32:58,712 migration_service Invalid serial format: 
WARNING 2025-10-01 23:32:58,712 migration_service Invalid serial format: 
WARNING 2025-10-01 23:32:58,712 migration_service Invalid serial format: 
WARNING 2025-10-01 23:32:58,712 migration_service Invalid serial format: 
WARNING 2025-10-01 23:32:58,712 migration_service Invalid serial format: 
WARNING 2025-10-01 23:32:58,712 migration_service Invalid serial format: 
WARNING 2025-10-01 23:32:58,712 migration_service Invalid serial format: 
WARNING 2025-10-01 23:32:58,712 migration_service Invalid serial format: 
WARNING 2025-10-01 23:32:58,712 migration_service Invalid serial format: 
WARNING 2025-10-01 23:32:58,713 migration_service Invalid serial format: 
WARNING 2025-10-01 23:32:58,713 migration_service Invalid serial format: 
WARNING 2025-10-01 23:32:58,713 migration_service Invalid serial format: 
WARNING 2025-10-01 23:32:58,713 migration_service Invalid serial format: 
WARNING 2025-10-01 23:32:58,713 migration_service Invalid serial format: 
WARNING 2025-10-01 23:32:58,713 migration_service Invalid serial format: 
WARNING 2025-10-01 23:32:58,713 migration_service Invalid serial format: 
WARNING 2025-10-01 23:32:58,713 migration_service Invalid serial format: 
WARNING 2025-10-01 23:32:58,713 migration_service Invalid serial format: 
WARNING 2025-10-01 23:32:58,713 migration_service Invalid serial format: 
WARNING 2025-10-01 23:32:58,713 migration_service Invalid serial format: 
WARNING 2025-10-01 23:32:58,713 migration_service Invalid serial format: 
WARNING 2025-10-01 23:32:58,713 migration_service Invalid serial format: 
WARNING 2025-10-01 23:32:58,714 migration_service Invalid serial format: 
WARNING 2025-10-01 23:32:58,714 migration_service Invalid serial format: 
WARNING 2025-10-01 23:32:58,714 migration_service Invalid serial format: 
WARNING 2025-10-01 23:32:58,714 migration_service Invalid serial format: 
WARNING 2025-10-01 23:32:58,714 migration_service Invalid serial format: 
WARNING 2025-10-01 23:32:58,714 migration_service Invalid serial format: 
WARNING 2025-10-01 23:32:58,714 migration_service Invalid serial format: 
WARNING 2025-10-01 23:32:58,714 migration_service Invalid serial format: 
WARNING 2025-10-01 23:32:58,714 migration_service Invalid serial format: 
WARNING 2025-10-01 23:32:58,714 migration_service Invalid serial format: 
WARNING 2025-10-01 23:32:58,714 migration_service Invalid serial format: 
WARNING 2025-10-01 23:32:58,714 migration_service Invalid serial format: 
WARNING 2025-10-01 23:32:58,714 migration_service Invalid serial format: 
WARNING 2025-10-01 23:32:58,714 migration_service Invalid serial format: 
WARNING 2025-10-01 23:32:58,714 migration_service Invalid serial format: 
WARNING 2025-10-01 23:32:58,715 migration_service Invalid serial format: 
WARNING 2025-10-01 23:32:58,715 migration_service Invalid serial format: 
WARNING 2025-10-01 23:32:58,715 migration_service Invalid serial format: 
WARNING 2025-10-01 23:32:58,715 migration_service Invalid serial format: 
WARNING 2025-10-01 23:32:58,715 migration_service Invalid serial format: 
WARNING 2025-10-01 23:32:58,715 migration_service Invalid serial format: 
WARNING 2025-10-01 23:32:58,715 migration_service Invalid serial format: 
WARNING 2025-10-01 23:32:58,715 migration_service Invalid serial format: 
WARNING 2025-10-01 23:32:58,715 migration_service Invalid serial format: 
WARNING 2025-10-01 23:32:58,715 migration_service Invalid serial format: 
WARNING 2025-10-01 23:32:58,715 migration_service Invalid serial format: 
WARNING 2025-10-01 23:32:58,715 migration_service Invalid serial format: 
WARNING 2025-10-01 23:32:58,715 migration_service Invalid serial format: 
WARNING 2025-10-01 23:32:58,715 migration_service Invalid serial format: 
WARNING 2025-10-01 23:32:58,715 migration_service Invalid serial format: 
WARNING 2025-10-01 23:32:58,716 migration_service Invalid serial format: 
WARNING 2025-10-01 23:32:58,716 migration_service Invalid serial format: 
WARNING 2025-10-01 23:32:58,716 migration_service Invalid serial format: 
WARNING 2025-10-01 23:32:58,716 migration_service Invalid serial format: 
WARNING 2025-10-01 23:32:58,716 migration_service Invalid serial format: 
WARNING 2025-10-01 23:32:58,716 migration_service Invalid serial format: 
WARNING 2025-10-01 23:32:58,716 migration_service Invalid serial format: 
WARNING 2025-10-01 23:32:58,716 migration_service Invalid serial format: 
WARNING 2025-10-01 23:32:58,716 migration_service Invalid serial format: 
WARNING 2025-10-01 23:32:58,716 migration_service Invalid serial format: 
WARNING 2025-10-01 23:32:58,716 migration_service Invalid serial format: 
WARNING 2025-10-01 23:32:58,716 migration_service Invalid serial format: 
WARNING 2025-10-01 23:32:58,716 migration_service Invalid serial format: 
WARNING 2025-10-01 23:32:58,716 migration_service Invalid serial format: 
WARNING 2025-10-01 23:32:58,717 migration_service Invalid serial format: 
WARNING 2025-10-01 23:32:58,717 migration_service Invalid serial format: 
WARNING 2025-10-01 23:32:58,717 migration_service Invalid serial format: 
WARNING 2025-10-01 23:32:58,717 migration_service Invalid serial format: 
WARNING 2025-10-01 23:32:58,717 migration_service Invalid serial format: 
WARNING 2025-10-01 23:32:58,717 migration_service Invalid serial format: 
WARNING 2025-10-01 23:32:58,717 migration_service Invalid serial format: 
WARNING 2025-10-01 23:32:58,717 migration_service Invalid serial format: 
WARNING 2025-10-01 23:32:58,717 migration_service Invalid serial format: 
WARNING 2025-10-01 23:32:58,717 migration_service Invalid serial format: 
WARNING 2025-10-01 23:32:58,717 migration_service Invalid serial format: 
WARNING 2025-10-01 23:32:58,717 migration_service Invalid serial format: 
WARNING 2025-10-01 23:32:58,717 migration_service Invalid serial format: 
WARNING 2025-10-01 23:32:58,717 migration_service Invalid serial format: 
WARNING 2025-10-01 23:32:58,717 migration_service Invalid serial format: 
WARNING 2025-10-01 23:32:58,717 migration_service Invalid serial format: 
WARNING 2025-10-01 23:32:58,718 migration_service Invalid serial format: 
WARNING 2025-10-01 23:32:58,718 migration_service Invalid serial format: 
WARNING 2025-10-01 23:32:58,718 migration_service Invalid serial format: 
WARNING 2025-10-01 23:32:58,718 migration_service Invalid serial format: 
WARNING 2025-10-01 23:32:58,718 migration_service Invalid serial format: 
WARNING 2025-10-01 23:32:58,718 migration_service Invalid serial format: 
WARNING 2025-10-01 23:32:58,718 migration_service Invalid serial format: 
WARNING 2025-10-01 23:32:58,718 migration_service Invalid serial format: 
WARNING 2025-10-01 23:32:58,718 migration_service Invalid serial format: 
WARNING 2025-10-01 23:32:58,718 migration_service Invalid serial format: 
WARNING 2025-10-01 23:32:58,718 migration_service Invalid serial format: 
WARNING 2025-10-01 23:32:58,718 migration_service Invalid serial format: 
WARNING 2025-10-01 23:32:58,718 migration_service Invalid serial format: 
WARNING 2025-10-01 23:32:58,718 migration_service Invalid serial format: 
WARNING 2025-10-01 23:32:58,718 migration_service Invalid serial format: 
WARNING 2025-10-01 23:32:58,718 migration_service Invalid serial format: 
WARNING 2025-10-01 23:32:58,718 migration_service Invalid serial format: 
WARNING 2025-10-01 23:32:58,718 migration_service Invalid serial format: 
WARNING 2025-10-01 23:32:58,719 migration_service Invalid serial format: 
WARNING 2025-10-01 23:32:58,719 migration_service Invalid serial format: 
WARNING 2025-10-01 23:32:58,719 migration_service Invalid serial format: 
WARNING 2025-10-01 23:32:58,719 migration_service Invalid serial format: 
WARNING 2025-10-01 23:32:58,719 migration_service Invalid serial format: 
WARNING 2025-10-01 23:32:58,719 migration_service Invalid serial format: 
WARNING 2025-10-01 23:32:58,719 migration_service Invalid serial format: 
WARNING 2025-10-01 23:32:58,719 migration_service Invalid serial format: 
WARNING 2025-10-01 23:32:58,719 migration_service Invalid serial format: 
WARNING 2025-10-01 23:32:58,719 migration_service Invalid serial format: 
WARNING 2025-10-01 23:32:58,719 migration_service Invalid serial format: 
WARNING 2025-10-01 23:32:58,719 migration_service Invalid serial format: 
WARNING 2025-10-01 23:32:58,719 migration_service Invalid serial format: 
WARNING 2025-10-01 23:32:58,719 migration_service Invalid serial format: 
WARNING 2025-10-01 23:32:58,719 migration_service Invalid serial format: 
WARNING 2025-10-01 23:32:58,719 migration_service Invalid serial format: 
WARNING 2025-10-01 23:32:58,719 migration_service Invalid serial format: 
WARNING 2025-10-01 23:32:58,719 migration_service Invalid serial format: 
WARNING 2025-10-01 23:32:58,720 migration_service Invalid serial format: 
WARNING 2025-10-01 23:32:58,720 migration_service Invalid serial format: 
WARNING 2025-10-01 23:32:58,720 migration_service Invalid serial format: 
WARNING 2025-10-01 23:32:58,720 migration_service Invalid serial format: 
WARNING 2025-10-01 23:32:58,720 migration_service Invalid serial format: 
WARNING 2025-10-01 23:32:58,720 migration_service Invalid serial format: 
WARNING 2025-10-01 23:32:58,720 migration_service Invalid serial format: 
WARNING 2025-10-01 23:32:58,720 migration_service Invalid serial format: 
WARNING 2025-10-01 23:32:58,720 migration_service Invalid serial format: 
WARNING 2025-10-01 23:32:58,720 migration_service Invalid serial format: 
WARNING 2025-10-01 23:32:58,720 migration_service Invalid serial format: 
WARNING 2025-10-01 23:32:58,720 migration_service Invalid serial format: 
WARNING 2025-10-01 23:32:58,720 migration_service Invalid serial format: 
WARNING 2025-10-01 23:32:58,720 migration_service Invalid serial format: 
WARNING 2025-10-01 23:32:58,720 migration_service Invalid serial format: 
WARNING 2025-10-01 23:32:58,720 migration_service Invalid serial format: 
WARNING 2025-10-01 23:32:58,721 migration_service Invalid serial format: 
WARNING 2025-10-01 23:32:58,721 migration_service Invalid serial format: 
WARNING 2025-10-01 23:32:58,721 migration_service Invalid serial format: 
WARNING 2025-10-01 23:32:58,721 migration_service Invalid serial format: 
WARNING 2025-10-01 23:32:58,721 migration_service Invalid serial format: 
WARNING 2025-10-01 23:32:58,721 migration_service Invalid serial format: 
WARNING 2025-10-01 23:32:58,721 migration_service Invalid serial format: 
WARNING 2025-10-01 23:32:58,721 migration_service Invalid serial format: 
WARNING 2025-10-01 23:32:58,721 migration_service Invalid serial format: 
WARNING 2025-10-01 23:32:58,721 migration_service Invalid serial format: 
WARNING 2025-10-01 23:32:58,721 migration_service Invalid serial format: 
WARNING 2025-10-01 23:32:58,721 migration_service Invalid serial format: 
WARNING 2025-10-01 23:32:58,721 migration_service Invalid serial format: 
WARNING 2025-10-01 23:32:58,721 migration_service Invalid serial format: 
WARNING 2025-10-01 23:32:58,721 migration_service Invalid serial format: 
WARNING 2025-10-01 23:32:58,721 migration_service Invalid serial format: 
WARNING 2025-10-01 23:32:58,722 migration_service Invalid serial format: 
WARNING 2025-10-01 23:32:58,722 migration_service Invalid serial format: 
WARNING 2025-10-01 23:32:58,722 migration_service Invalid serial format: 
WARNING 2025-10-01 23:32:58,722 migration_service Invalid serial format: 
WARNING 2025-10-01 23:32:58,722 migration_service Invalid serial format: 
WARNING 2025-10-01 23:32:58,722 migration_service Invalid serial format: 
WARNING 2025-10-01 23:32:58,722 migration_service Invalid serial format: 
WARNING 2025-10-01 23:32:58,722 migration_service Invalid serial format: 
WARNING 2025-10-01 23:32:58,722 migration_service Invalid serial format: 
WARNING 2025-10-01 23:32:58,722 migration_service Invalid serial format: 
WARNING 2025-10-01 23:32:58,722 migration_service Invalid serial format: 
WARNING 2025-10-01 23:32:58,722 migration_service Invalid serial format: 
WARNING 2025-10-01 23:32:58,723 migration_service Invalid serial format: 
WARNING 2025-10-01 23:32:58,723 migration_service Invalid serial format: 
WARNING 2025-10-01 23:32:58,723 migration_service Invalid serial format: 
WARNING 2025-10-01 23:32:58,723 migration_service Invalid serial format: 
WARNING 2025-10-01 23:32:58,723 migration_service Invalid serial format: 
WARNING 2025-10-01 23:32:58,723 migration_service Invalid serial format: 
WARNING 2025-10-01 23:32:58,723 migration_service Invalid serial format: 
WARNING 2025-10-01 23:32:58,723 migration_service Invalid serial format: 
WARNING 2025-10-01 23:32:58,723 migration_service Invalid serial format: 
WARNING 2025-10-01 23:32:58,723 migration_service Invalid serial format: 
WARNING 2025-10-01 23:32:58,723 migration_service Invalid serial format: 
WARNING 2025-10-01 23:32:58,723 migration_service Invalid serial format: 
WARNING 2025-10-01 23:32:58,723 migration_service Invalid serial format: 
WARNING 2025-10-01 23:32:58,723 migration_service Invalid serial format: 
WARNING 2025-10-01 23:32:58,723 migration_service Invalid serial format: 
WARNING 2025-10-01 23:32:58,723 migration_service Invalid serial format: 
WARNING 2025-10-01 23:32:58,724 migration_service Invalid serial format: 
WARNING 2025-10-01 23:32:58,724 migration_service Invalid serial format: 
WARNING 2025-10-01 23:32:58,724 migration_service Invalid serial format: 
WARNING 2025-10-01 23:32:58,724 migration_service Invalid serial format: 
WARNING 2025-10-01 23:32:58,724 migration_service Invalid serial format: 
WARNING 2025-10-01 23:32:58,724 migration_service Invalid serial format: 
WARNING 2025-10-01 23:32:58,724 migration_service Invalid serial format: 
WARNING 2025-10-01 23:32:58,724 migration_service Invalid serial format: 
WARNING 2025-10-01 23:32:58,724 migration_service Invalid serial format: 
WARNING 2025-10-01 23:32:58,724 migration_service Invalid serial format: 
WARNING 2025-10-01 23:32:58,725 migration_service Invalid serial format: 
WARNING 2025-10-01 23:32:58,725 migration_service Invalid serial format: 
WARNING 2025-10-01 23:32:58,725 migration_service Invalid serial format: 
WARNING 2025-10-01 23:32:58,725 migration_service Invalid serial format: 
WARNING 2025-10-01 23:32:58,725 migration_service Invalid serial format: 
WARNING 2025-10-01 23:32:58,725 migration_service Invalid serial format: 
WARNING 2025-10-01 23:32:58,725 migration_service Invalid serial format: 
WARNING 2025-10-01 23:32:58,725 migration_service Invalid serial format: 
WARNING 2025-10-01 23:32:58,726 migration_service Invalid serial format: 
WARNING 2025-10-01 23:32:58,726 migration_service Invalid serial format: 
WARNING 2025-10-01 23:32:58,726 migration_service Invalid serial format: 
WARNING 2025-10-01 23:32:58,726 migration_service Invalid serial format: 
WARNING 2025-10-01 23:32:58,726 migration_service Invalid serial format: 
WARNING 2025-10-01 23:32:58,726 migration_service Invalid serial format: 
WARNING 2025-10-01 23:32:58,726 migration_service Invalid serial format: 
WARNING 2025-10-01 23:32:58,726 migration_service Invalid serial format: 
WARNING 2025-10-01 23:32:58,726 migration_service Invalid serial format: 
WARNING 2025-10-01 23:32:58,726 migration_service Invalid serial format: 
WARNING 2025-10-01 23:32:58,726 migration_service Invalid serial format: 
WARNING 2025-10-01 23:32:58,727 migration_service Invalid serial format: 
WARNING 2025-10-01 23:32:58,727 migration_service Invalid serial format: 
WARNING 2025-10-01 23:32:58,727 migration_service Invalid serial format: 
WARNING 2025-10-01 23:32:58,727 migration_service Invalid serial format: 
WARNING 2025-10-01 23:32:58,727 migration_service Invalid serial format: 
WARNING 2025-10-01 23:32:58,727 migration_service Invalid serial format: 
WARNING 2025-10-01 23:32:58,727 migration_service Invalid serial format: 
WARNING 2025-10-01 23:32:58,727 migration_service Invalid serial format: 
WARNING 2025-10-01 23:32:58,727 migration_service Invalid serial format: 
WARNING 2025-10-01 23:32:58,727 migration_service Invalid serial format: 
WARNING 2025-10-01 23:32:58,727 migration_service Invalid serial format: 
WARNING 2025-10-01 23:32:58,727 migration_service Invalid serial format: 
WARNING 2025-10-01 23:32:58,727 migration_service Invalid serial format: 
WARNING 2025-10-01 23:32:58,727 migration_service Invalid serial format: 
WARNING 2025-10-01 23:32:58,727 migration_service Invalid serial format: 
WARNING 2025-10-01 23:32:58,727 migration_service Invalid serial format: 
WARNING 2025-10-01 23:32:58,727 migration_service Invalid serial format: 
WARNING 2025-10-01 23:32:58,727 migration_service Invalid serial format: 
WARNING 2025-10-01 23:32:58,728 migration_service Invalid serial format: 
WARNING 2025-10-01 23:32:58,728 migration_service Invalid serial format: 
WARNING 2025-10-01 23:32:58,728 migration_service Invalid serial format: 
WARNING 2025-10-01 23:32:58,728 migration_service Invalid serial format: 
WARNING 2025-10-01 23:32:58,728 migration_service Invalid serial format: 
WARNING 2025-10-01 23:32:58,728 migration_service Invalid serial format: 
WARNING 2025-10-01 23:32:58,728 migration_service Invalid serial format: 
WARNING 2025-10-01 23:32:58,728 migration_service Invalid serial format: 
WARNING 2025-10-01 23:32:58,728 migration_service Invalid serial format: 
WARNING 2025-10-01 23:32:58,728 migration_service Invalid serial format: 
WARNING 2025-10-01 23:32:58,728 migration_service Invalid serial format: 
WARNING 2025-10-01 23:32:58,728 migration_service Invalid serial format: 
WARNING 2025-10-01 23:32:58,728 migration_service Invalid serial format: 
WARNING 2025-10-01 23:32:58,728 migration_service Invalid serial format: 
WARNING 2025-10-01 23:32:58,728 migration_service Invalid serial format: 
WARNING 2025-10-01 23:32:58,728 migration_service Invalid serial format: 
WARNING 2025-10-01 23:32:58,728 migration_service Invalid serial format: 
WARNING 2025-10-01 23:32:58,728 migration_service Invalid serial format: 
WARNING 2025-10-01 23:32:58,728 migration_service Invalid serial format: 
WARNING 2025-10-01 23:32:58,729 migration_service Invalid serial format: 
WARNING 2025-10-01 23:32:58,729 migration_service Invalid serial format: 
WARNING 2025-10-01 23:32:58,729 migration_service Invalid serial format: 
WARNING 2025-10-01 23:32:58,729 migration_service Invalid serial format: 
WARNING 2025-10-01 23:32:58,729 migration_service Invalid serial format: 
WARNING 2025-10-01 23:32:58,729 migration_service Invalid serial format: 
WARNING 2025-10-01 23:32:58,729 migration_service Invalid serial format: 
WARNING 2025-10-01 23:32:58,729 migration_service Invalid serial format: 
WARNING 2025-10-01 23:32:58,729 migration_service Invalid serial format: 
WARNING 2025-10-01 23:32:58,729 migration_service Invalid serial format: 
WARNING 2025-10-01 23:32:58,729 migration_service Invalid serial format: 
WARNING 2025-10-01 23:32:58,729 migration_service Invalid serial format: 
WARNING 2025-10-01 23:32:58,729 migration_service Invalid serial format: 
WARNING 2025-10-01 23:32:58,729 migration_service Invalid serial format: 
WARNING 2025-10-01 23:32:58,729 migration_service Invalid serial format: 
WARNING 2025-10-01 23:32:58,730 migration_service Invalid serial format: 
WARNING 2025-10-01 23:32:58,730 migration_service Invalid serial format: 
WARNING 2025-10-01 23:32:58,730 migration_service Invalid serial format: 
WARNING 2025-10-01 23:32:58,730 migration_service Invalid serial format: 
WARNING 2025-10-01 23:32:58,730 migration_service Invalid serial format: 
WARNING 2025-10-01 23:32:58,730 migration_service Invalid serial format: 
WARNING 2025-10-01 23:32:58,730 migration_service Invalid serial format: 
WARNING 2025-10-01 23:32:58,730 migration_service Invalid serial format: 
WARNING 2025-10-01 23:32:58,730 migration_service Invalid serial format: 
WARNING 2025-10-01 23:32:58,730 migration_service Invalid serial format: 
WARNING 2025-10-01 23:32:58,730 migration_service Invalid serial format: 
WARNING 2025-10-01 23:32:58,730 migration_service Invalid serial format: 
WARNING 2025-10-01 23:32:58,730 migration_service Invalid serial format: 
WARNING 2025-10-01 23:32:58,730 migration_service Invalid serial format: 
WARNING 2025-10-01 23:32:58,730 migration_service Invalid serial format: 
WARNING 2025-10-01 23:32:58,730 migration_service Invalid serial format: 
WARNING 2025-10-01 23:32:58,731 migration_service Invalid serial format: 
WARNING 2025-10-01 23:32:58,731 migration_service Invalid serial format: 
WARNING 2025-10-01 23:32:58,731 migration_service Invalid serial format: 
WARNING 2025-10-01 23:32:58,731 migration_service Invalid serial format: 
WARNING 2025-10-01 23:32:58,731 migration_service Invalid serial format: 
WARNING 2025-10-01 23:32:58,731 migration_service Invalid serial format: 
WARNING 2025-10-01 23:32:58,731 migration_service Invalid serial format: 
WARNING 2025-10-01 23:32:58,731 migration_service Invalid serial format: 
WARNING 2025-10-01 23:32:58,731 migration_service Invalid serial format: 
WARNING 2025-10-01 23:32:58,731 migration_service Invalid serial format: 
WARNING 2025-10-01 23:32:58,731 migration_service Invalid serial format: 
WARNING 2025-10-01 23:32:58,731 migration_service Invalid serial format: 
WARNING 2025-10-01 23:32:58,731 migration_service Invalid serial format: 
WARNING 2025-10-01 23:32:58,731 migration_service Invalid serial format: 
WARNING 2025-10-01 23:32:58,731 migration_service Invalid serial format: 
WARNING 2025-10-01 23:32:58,731 migration_service Invalid serial format: 
WARNING 2025-10-01 23:32:58,731 migration_service Invalid serial format: 
WARNING 2025-10-01 23:32:58,731 migration_service Invalid serial format: 
WARNING 2025-10-01 23:32:58,731 migration_service Invalid serial format: 
WARNING 2025-10-01 23:32:58,732 migration_service Invalid serial format: 
WARNING 2025-10-01 23:32:58,732 migration_service Invalid serial format: 
WARNING 2025-10-01 23:32:58,732 migration_service Invalid serial format: 
WARNING 2025-10-01 23:32:58,732 migration_service Invalid serial format: 
WARNING 2025-10-01 23:32:58,772 migration_service Invalid serial format: R2-CH2-MBE-WB-AS10-501
WARNING 2025-10-01 23:32:58,773 migration_service Invalid serial format: 
WARNING 2025-10-01 23:32:58,773 migration_service Invalid serial format: 
WARNING 2025-10-01 23:32:58,774 migration_service Invalid serial format: 
WARNING 2025-10-01 23:32:58,774 migration_service Invalid serial format: 
WARNING 2025-10-01 23:32:58,774 migration_service Invalid serial format: 
WARNING 2025-10-01 23:32:58,774 migration_service Invalid serial format: 
WARNING 2025-10-01 23:32:58,774 migration_service Invalid serial format: 
WARNING 2025-10-01 23:32:58,774 migration_service Invalid serial format: 
WARNING 2025-10-01 23:32:58,774 migration_service Invalid serial format: 
WARNING 2025-10-01 23:32:58,774 migration_service Invalid serial format: 
WARNING 2025-10-01 23:32:58,774 migration_service Invalid serial format: 
WARNING 2025-10-01 23:32:58,774 migration_service Invalid serial format: 
WARNING 2025-10-01 23:32:58,774 migration_service Invalid serial format: 
WARNING 2025-10-01 23:32:58,774 migration_service Invalid serial format: 
WARNING 2025-10-01 23:32:58,774 migration_service Invalid serial format: 
WARNING 2025-10-01 23:32:58,774 migration_service Invalid serial format: 
WARNING 2025-10-01 23:32:58,775 migration_service Invalid serial format: 
WARNING 2025-10-01 23:32:58,775 migration_service Invalid serial format: 
WARNING 2025-10-01 23:32:58,775 migration_service Invalid serial format: 
WARNING 2025-10-01 23:32:58,775 migration_service Invalid serial format: 
WARNING 2025-10-01 23:32:58,775 migration_service Invalid serial format: 
WARNING 2025-10-01 23:32:58,775 migration_service Invalid serial format: 
WARNING 2025-10-01 23:32:58,775 migration_service Invalid serial format: 
WARNING 2025-10-01 23:32:58,775 migration_service Invalid serial format: 
WARNING 2025-10-01 23:32:58,775 migration_service Invalid serial format: 
WARNING 2025-10-01 23:32:58,775 migration_service Invalid serial format: 
WARNING 2025-10-01 23:32:58,775 migration_service Invalid serial format: 
WARNING 2025-10-01 23:32:58,775 migration_service Invalid serial format: 
WARNING 2025-10-01 23:32:58,775 migration_service Invalid serial format: 
WARNING 2025-10-01 23:32:58,775 migration_service Invalid serial format: 
WARNING 2025-10-01 23:32:58,776 migration_service Invalid serial format: 
WARNING 2025-10-01 23:32:58,776 migration_service Invalid serial format: 
WARNING 2025-10-01 23:32:58,776 migration_service Invalid serial format: 
WARNING 2025-10-01 23:32:58,776 migration_service Invalid serial format: 
WARNING 2025-10-01 23:32:58,776 migration_service Invalid serial format: 
WARNING 2025-10-01 23:32:58,776 migration_service Invalid serial format: 
WARNING 2025-10-01 23:32:58,776 migration_service Invalid serial format: 
WARNING 2025-10-01 23:32:58,776 migration_service Invalid serial format: 
WARNING 2025-10-01 23:32:58,776 migration_service Invalid serial format: 
WARNING 2025-10-01 23:32:58,776 migration_service Invalid serial format: 
WARNING 2025-10-01 23:32:58,776 migration_service Invalid serial format: 
WARNING 2025-10-01 23:32:58,776 migration_service Invalid serial format: 
WARNING 2025-10-01 23:32:58,776 migration_service Invalid serial format: 
WARNING 2025-10-01 23:32:58,776 migration_service Invalid serial format: 
WARNING 2025-10-01 23:32:58,777 migration_service Invalid serial format: 
WARNING 2025-10-01 23:32:58,777 migration_service Invalid serial format: 
WARNING 2025-10-01 23:32:58,777 migration_service Invalid serial format: 
WARNING 2025-10-01 23:32:58,777 migration_service Invalid serial format: 
WARNING 2025-10-01 23:32:58,777 migration_service Invalid serial format: 
WARNING 2025-10-01 23:32:58,777 migration_service Invalid serial format: 
WARNING 2025-10-01 23:32:58,777 migration_service Invalid serial format: 
WARNING 2025-10-01 23:32:58,777 migration_service Invalid serial format: 
WARNING 2025-10-01 23:32:58,777 migration_service Invalid serial format: 
WARNING 2025-10-01 23:32:58,777 migration_service Invalid serial format: 
WARNING 2025-10-01 23:32:58,777 migration_service Invalid serial format: 
WARNING 2025-10-01 23:32:58,777 migration_service Invalid serial format: 
WARNING 2025-10-01 23:32:58,777 migration_service Invalid serial format: 
WARNING 2025-10-01 23:32:58,777 migration_service Invalid serial format: 
WARNING 2025-10-01 23:32:58,778 migration_service Invalid serial format: 
WARNING 2025-10-01 23:32:58,778 migration_service Invalid serial format: 
WARNING 2025-10-01 23:32:58,778 migration_service Invalid serial format: 
WARNING 2025-10-01 23:32:58,778 migration_service Invalid serial format: 
WARNING 2025-10-01 23:32:58,778 migration_service Invalid serial format: 
WARNING 2025-10-01 23:32:58,778 migration_service Invalid serial format: 
WARNING 2025-10-01 23:32:58,778 migration_service Invalid serial format: 
WARNING 2025-10-01 23:32:58,778 migration_service Invalid serial format: 
WARNING 2025-10-01 23:32:58,778 migration_service Invalid serial format: 
WARNING 2025-10-01 23:32:58,778 migration_service Invalid serial format: 
WARNING 2025-10-01 23:32:58,778 migration_service Invalid serial format: 
WARNING 2025-10-01 23:32:58,778 migration_service Invalid serial format: 
WARNING 2025-10-01 23:32:58,778 migration_service Invalid serial format: 
WARNING 2025-10-01 23:32:58,778 migration_service Invalid serial format: 
WARNING 2025-10-01 23:32:58,779 migration_service Invalid serial format: 
WARNING 2025-10-01 23:32:58,779 migration_service Invalid serial format: 
WARNING 2025-10-01 23:32:58,779 migration_service Invalid serial format: 
WARNING 2025-10-01 23:32:58,779 migration_service Invalid serial format: 
WARNING 2025-10-01 23:32:58,779 migration_service Invalid serial format: 
WARNING 2025-10-01 23:32:58,779 migration_service Invalid serial format: 
WARNING 2025-10-01 23:32:58,779 migration_service Invalid serial format: 
WARNING 2025-10-01 23:32:58,779 migration_service Invalid serial format: 
WARNING 2025-10-01 23:32:58,779 migration_service Invalid serial format: 
WARNING 2025-10-01 23:32:58,779 migration_service Invalid serial format: 
WARNING 2025-10-01 23:32:58,779 migration_service Invalid serial format: 
WARNING 2025-10-01 23:32:58,779 migration_service Invalid serial format: 
WARNING 2025-10-01 23:32:58,779 migration_service Invalid serial format: 
WARNING 2025-10-01 23:32:58,779 migration_service Invalid serial format: 
WARNING 2025-10-01 23:32:58,780 migration_service Invalid serial format: 
WARNING 2025-10-01 23:32:58,780 migration_service Invalid serial format: 
WARNING 2025-10-01 23:32:58,780 migration_service Invalid serial format: 
WARNING 2025-10-01 23:32:58,780 migration_service Invalid serial format: 
WARNING 2025-10-01 23:32:58,780 migration_service Invalid serial format: 
WARNING 2025-10-01 23:32:58,780 migration_service Invalid serial format: 
WARNING 2025-10-01 23:32:58,780 migration_service Invalid serial format: 
WARNING 2025-10-01 23:32:58,780 migration_service Invalid serial format: 
WARNING 2025-10-01 23:32:58,780 migration_service Invalid serial format: 
WARNING 2025-10-01 23:32:58,780 migration_service Invalid serial format: 
WARNING 2025-10-01 23:32:58,780 migration_service Invalid serial format: 
WARNING 2025-10-01 23:32:58,780 migration_service Invalid serial format: 
WARNING 2025-10-01 23:32:58,780 migration_service Invalid serial format: 
WARNING 2025-10-01 23:32:58,780 migration_service Invalid serial format: 
WARNING 2025-10-01 23:32:58,781 migration_service Invalid serial format: 
WARNING 2025-10-01 23:32:58,781 migration_service Invalid serial format: 
WARNING 2025-10-01 23:32:58,781 migration_service Invalid serial format: 
WARNING 2025-10-01 23:32:58,781 migration_service Invalid serial format: 
WARNING 2025-10-01 23:32:58,781 migration_service Invalid serial format: 
WARNING 2025-10-01 23:32:58,781 migration_service Invalid serial format: 
WARNING 2025-10-01 23:32:58,781 migration_service Invalid serial format: 
WARNING 2025-10-01 23:32:58,781 migration_service Invalid serial format: 
WARNING 2025-10-01 23:32:58,781 migration_service Invalid serial format: 
WARNING 2025-10-01 23:32:58,781 migration_service Invalid serial format: 
WARNING 2025-10-01 23:32:58,781 migration_service Invalid serial format: 
WARNING 2025-10-01 23:32:58,781 migration_service Invalid serial format: 
WARNING 2025-10-01 23:32:58,781 migration_service Invalid serial format: 
WARNING 2025-10-01 23:32:58,781 migration_service Invalid serial format: 
WARNING 2025-10-01 23:32:58,781 migration_service Invalid serial format: 
WARNING 2025-10-01 23:32:58,782 migration_service Invalid serial format: 
WARNING 2025-10-01 23:32:58,782 migration_service Invalid serial format: 
WARNING 2025-10-01 23:32:58,782 migration_service Invalid serial format: 
WARNING 2025-10-01 23:32:58,782 migration_service Invalid serial format: 
WARNING 2025-10-01 23:32:58,782 migration_service Invalid serial format: 
WARNING 2025-10-01 23:32:58,782 migration_service Invalid serial format: 
WARNING 2025-10-01 23:32:58,782 migration_service Invalid serial format: 
WARNING 2025-10-01 23:32:58,782 migration_service Invalid serial format: 
WARNING 2025-10-01 23:32:58,782 migration_service Invalid serial format: 
WARNING 2025-10-01 23:32:58,782 migration_service Invalid serial format: 
WARNING 2025-10-01 23:32:58,782 migration_service Invalid serial format: 
WARNING 2025-10-01 23:32:58,782 migration_service Invalid serial format: 
WARNING 2025-10-01 23:32:58,782 migration_service Invalid serial format: 
WARNING 2025-10-01 23:32:58,782 migration_service Invalid serial format: 
WARNING 2025-10-01 23:32:58,783 migration_service Invalid serial format: 
WARNING 2025-10-01 23:32:58,783 migration_service Invalid serial format: 
WARNING 2025-10-01 23:32:58,783 migration_service Invalid serial format: 
WARNING 2025-10-01 23:32:58,783 migration_service Invalid serial format: 
WARNING 2025-10-01 23:32:58,783 migration_service Invalid serial format: 
WARNING 2025-10-01 23:32:58,783 migration_service Invalid serial format: 
WARNING 2025-10-01 23:32:58,783 migration_service Invalid serial format: 
WARNING 2025-10-01 23:32:58,783 migration_service Invalid serial format: 
WARNING 2025-10-01 23:32:58,783 migration_service Invalid serial format: 
WARNING 2025-10-01 23:32:58,783 migration_service Invalid serial format: 
WARNING 2025-10-01 23:32:58,783 migration_service Invalid serial format: 
WARNING 2025-10-01 23:32:58,783 migration_service Invalid serial format: 
WARNING 2025-10-01 23:32:58,784 migration_service Invalid serial format: 
WARNING 2025-10-01 23:32:58,784 migration_service Invalid serial format: 
WARNING 2025-10-01 23:32:58,784 migration_service Invalid serial format: 
WARNING 2025-10-01 23:32:58,784 migration_service Invalid serial format: 
WARNING 2025-10-01 23:32:58,784 migration_service Invalid serial format: 
WARNING 2025-10-01 23:32:58,784 migration_service Invalid serial format: 
WARNING 2025-10-01 23:32:58,784 migration_service Invalid serial format: 
WARNING 2025-10-01 23:32:58,784 migration_service Invalid serial format: 
WARNING 2025-10-01 23:32:58,784 migration_service Invalid serial format: 
WARNING 2025-10-01 23:32:58,784 migration_service Invalid serial format: 
WARNING 2025-10-01 23:32:58,784 migration_service Invalid serial format: 
WARNING 2025-10-01 23:32:58,784 migration_service Invalid serial format: 
WARNING 2025-10-01 23:32:58,784 migration_service Invalid serial format: 
WARNING 2025-10-01 23:32:58,784 migration_service Invalid serial format: 
WARNING 2025-10-01 23:32:58,784 migration_service Invalid serial format: 
WARNING 2025-10-01 23:32:58,784 migration_service Invalid serial format: 
WARNING 2025-10-01 23:32:58,784 migration_service Invalid serial format: 
WARNING 2025-10-01 23:32:58,785 migration_service Invalid serial format: 
WARNING 2025-10-01 23:32:58,785 migration_service Invalid serial format: 
WARNING 2025-10-01 23:32:58,785 migration_service Invalid serial format: 
WARNING 2025-10-01 23:32:58,785 migration_service Invalid serial format: 
WARNING 2025-10-01 23:32:58,785 migration_service Invalid serial format: 
WARNING 2025-10-01 23:32:58,785 migration_service Invalid serial format: 
WARNING 2025-10-01 23:32:58,785 migration_service Invalid serial format: 
WARNING 2025-10-01 23:32:58,785 migration_service Invalid serial format: 
WARNING 2025-10-01 23:32:58,785 migration_service Invalid serial format: 
WARNING 2025-10-01 23:32:58,785 migration_service Invalid serial format: 
WARNING 2025-10-01 23:32:58,785 migration_service Invalid serial format: 
WARNING 2025-10-01 23:32:58,785 migration_service Invalid serial format: 
WARNING 2025-10-01 23:32:58,785 migration_service Invalid serial format: 
WARNING 2025-10-01 23:32:58,785 migration_service Invalid serial format: 
WARNING 2025-10-01 23:32:58,785 migration_service Invalid serial format: 
WARNING 2025-10-01 23:32:58,785 migration_service Invalid serial format: 
WARNING 2025-10-01 23:32:58,786 migration_service Invalid serial format: 
WARNING 2025-10-01 23:32:58,786 migration_service Invalid serial format: 
WARNING 2025-10-01 23:32:58,786 migration_service Invalid serial format: 
WARNING 2025-10-01 23:32:58,786 migration_service Invalid serial format: 
WARNING 2025-10-01 23:32:58,786 migration_service Invalid serial format: 
WARNING 2025-10-01 23:32:58,786 migration_service Invalid serial format: 
WARNING 2025-10-01 23:32:58,786 migration_service Invalid serial format: 
WARNING 2025-10-01 23:32:58,786 migration_service Invalid serial format: 
WARNING 2025-10-01 23:32:58,786 migration_service Invalid serial format: 
WARNING 2025-10-01 23:32:58,786 migration_service Invalid serial format: 
WARNING 2025-10-01 23:32:58,786 migration_service Invalid serial format: 
WARNING 2025-10-01 23:32:58,786 migration_service Invalid serial format: 
WARNING 2025-10-01 23:32:58,787 migration_service Invalid serial format: 
WARNING 2025-10-01 23:32:58,787 migration_service Invalid serial format: 
WARNING 2025-10-01 23:32:58,787 migration_service Invalid serial format: 
WARNING 2025-10-01 23:32:58,787 migration_service Invalid serial format: 
WARNING 2025-10-01 23:32:58,787 migration_service Invalid serial format: 
WARNING 2025-10-01 23:32:58,787 migration_service Invalid serial format: 
WARNING 2025-10-01 23:32:58,787 migration_service Invalid serial format: 
WARNING 2025-10-01 23:32:58,787 migration_service Invalid serial format: 
WARNING 2025-10-01 23:32:58,787 migration_service Invalid serial format: 
WARNING 2025-10-01 23:32:58,787 migration_service Invalid serial format: 
WARNING 2025-10-01 23:32:58,787 migration_service Invalid serial format: 
WARNING 2025-10-01 23:32:58,788 migration_service Invalid serial format: 
WARNING 2025-10-01 23:32:58,788 migration_service Invalid serial format: 
WARNING 2025-10-01 23:32:58,788 migration_service Invalid serial format: 
WARNING 2025-10-01 23:32:58,788 migration_service Invalid serial format: 
WARNING 2025-10-01 23:32:58,788 migration_service Invalid serial format: 
WARNING 2025-10-01 23:32:58,788 migration_service Invalid serial format: 
WARNING 2025-10-01 23:32:58,788 migration_service Invalid serial format: 
WARNING 2025-10-01 23:32:58,788 migration_service Invalid serial format: 
WARNING 2025-10-01 23:32:58,788 migration_service Invalid serial format: 
WARNING 2025-10-01 23:32:58,788 migration_service Invalid serial format: 
WARNING 2025-10-01 23:32:58,788 migration_service Invalid serial format: 
WARNING 2025-10-01 23:32:58,789 migration_service Invalid serial format: 
WARNING 2025-10-01 23:32:58,789 migration_service Invalid serial format: 
WARNING 2025-10-01 23:32:58,789 migration_service Invalid serial format: 
WARNING 2025-10-01 23:32:58,789 migration_service Invalid serial format: 
WARNING 2025-10-01 23:32:58,789 migration_service Invalid serial format: 
WARNING 2025-10-01 23:32:58,789 migration_service Invalid serial format: 
WARNING 2025-10-01 23:32:58,789 migration_service Invalid serial format: 
WARNING 2025-10-01 23:32:58,789 migration_service Invalid serial format: 
WARNING 2025-10-01 23:32:58,789 migration_service Invalid serial format: 
WARNING 2025-10-01 23:32:58,789 migration_service Invalid serial format: 
WARNING 2025-10-01 23:32:58,789 migration_service Invalid serial format: 
WARNING 2025-10-01 23:32:58,789 migration_service Invalid serial format: 
WARNING 2025-10-01 23:32:58,789 migration_service Invalid serial format: 
WARNING 2025-10-01 23:32:58,790 migration_service Invalid serial format: 
WARNING 2025-10-01 23:32:58,790 migration_service Invalid serial format: 
WARNING 2025-10-01 23:32:58,790 migration_service Invalid serial format: 
WARNING 2025-10-01 23:32:58,790 migration_service Invalid serial format: 
WARNING 2025-10-01 23:32:58,790 migration_service Invalid serial format: 
WARNING 2025-10-01 23:32:58,790 migration_service Invalid serial format: 
WARNING 2025-10-01 23:32:58,790 migration_service Invalid serial format: 
WARNING 2025-10-01 23:32:58,790 migration_service Invalid serial format: 
WARNING 2025-10-01 23:32:58,790 migration_service Invalid serial format: 
WARNING 2025-10-01 23:32:58,790 migration_service Invalid serial format: 
WARNING 2025-10-01 23:32:58,790 migration_service Invalid serial format: 
WARNING 2025-10-01 23:32:58,790 migration_service Invalid serial format: 
WARNING 2025-10-01 23:32:58,790 migration_service Invalid serial format: 
WARNING 2025-10-01 23:32:58,790 migration_service Invalid serial format: 
WARNING 2025-10-01 23:32:58,790 migration_service Invalid serial format: 
WARNING 2025-10-01 23:32:58,790 migration_service Invalid serial format: 
WARNING 2025-10-01 23:32:58,790 migration_service Invalid serial format: 
WARNING 2025-10-01 23:32:58,790 migration_service Invalid serial format: 
WARNING 2025-10-01 23:32:58,790 migration_service Invalid serial format: 
WARNING 2025-10-01 23:32:58,791 migration_service Invalid serial format: 
WARNING 2025-10-01 23:32:58,791 migration_service Invalid serial format: 
WARNING 2025-10-01 23:32:58,791 migration_service Invalid serial format: 
WARNING 2025-10-01 23:32:58,791 migration_service Invalid serial format: 
WARNING 2025-10-01 23:32:58,791 migration_service Invalid serial format: 
WARNING 2025-10-01 23:32:58,791 migration_service Invalid serial format: 
WARNING 2025-10-01 23:32:58,791 migration_service Invalid serial format: 
WARNING 2025-10-01 23:32:58,791 migration_service Invalid serial format: 
WARNING 2025-10-01 23:32:58,791 migration_service Invalid serial format: 
WARNING 2025-10-01 23:32:58,791 migration_service Invalid serial format: 
WARNING 2025-10-01 23:32:58,791 migration_service Invalid serial format: 
WARNING 2025-10-01 23:32:58,791 migration_service Invalid serial format: 
WARNING 2025-10-01 23:32:58,791 migration_service Invalid serial format: 
WARNING 2025-10-01 23:32:58,791 migration_service Invalid serial format: 
WARNING 2025-10-01 23:32:58,791 migration_service Invalid serial format: 
WARNING 2025-10-01 23:32:58,791 migration_service Invalid serial format: 
WARNING 2025-10-01 23:32:58,791 migration_service Invalid serial format: 
WARNING 2025-10-01 23:32:58,791 migration_service Invalid serial format: 
WARNING 2025-10-01 23:32:58,791 migration_service Invalid serial format: 
WARNING 2025-10-01 23:32:58,792 migration_service Invalid serial format: 
WARNING 2025-10-01 23:32:58,792 migration_service Invalid serial format: 
WARNING 2025-10-01 23:32:58,792 migration_service Invalid serial format: 
WARNING 2025-10-01 23:32:58,792 migration_service Invalid serial format: 
WARNING 2025-10-01 23:32:58,792 migration_service Invalid serial format: 
WARNING 2025-10-01 23:32:58,792 migration_service Invalid serial format: 
WARNING 2025-10-01 23:32:58,792 migration_service Invalid serial format: 
WARNING 2025-10-01 23:32:58,792 migration_service Invalid serial format: 
WARNING 2025-10-01 23:32:58,792 migration_service Invalid serial format: 
WARNING 2025-10-01 23:32:58,792 migration_service Invalid serial format: 
WARNING 2025-10-01 23:32:58,792 migration_service Invalid serial format: 
WARNING 2025-10-01 23:32:58,792 migration_service Invalid serial format: 
WARNING 2025-10-01 23:32:58,792 migration_service Invalid serial format: 
WARNING 2025-10-01 23:32:58,792 migration_service Invalid serial format: 
WARNING 2025-10-01 23:32:58,792 migration_service Invalid serial format: 
WARNING 2025-10-01 23:32:58,792 migration_service Invalid serial format: 
WARNING 2025-10-01 23:32:58,792 migration_service Invalid serial format: 
WARNING 2025-10-01 23:32:58,792 migration_service Invalid serial format: 
WARNING 2025-10-01 23:32:58,793 migration_service Invalid serial format: 
WARNING 2025-10-01 23:32:58,793 migration_service Invalid serial format: 
WARNING 2025-10-01 23:32:58,793 migration_service Invalid serial format: 
WARNING 2025-10-01 23:32:58,793 migration_service Invalid serial format: 
WARNING 2025-10-01 23:32:58,793 migration_service Invalid serial format: 
WARNING 2025-10-01 23:32:58,793 migration_service Invalid serial format: 
WARNING 2025-10-01 23:32:58,793 migration_service Invalid serial format: 
WARNING 2025-10-01 23:32:58,793 migration_service Invalid serial format: 
WARNING 2025-10-01 23:32:58,793 migration_service Invalid serial format: 
WARNING 2025-10-01 23:32:58,793 migration_service Invalid serial format: 
WARNING 2025-10-01 23:32:58,793 migration_service Invalid serial format: 
WARNING 2025-10-01 23:32:58,793 migration_service Invalid serial format: 
WARNING 2025-10-01 23:32:58,793 migration_service Invalid serial format: 
WARNING 2025-10-01 23:32:58,793 migration_service Invalid serial format: 
WARNING 2025-10-01 23:32:58,793 migration_service Invalid serial format: 
WARNING 2025-10-01 23:32:58,793 migration_service Invalid serial format: 
WARNING 2025-10-01 23:32:58,793 migration_service Invalid serial format: 
WARNING 2025-10-01 23:32:58,793 migration_service Invalid serial format: 
WARNING 2025-10-01 23:32:58,793 migration_service Invalid serial format: 
WARNING 2025-10-01 23:32:58,793 migration_service Invalid serial format: 
WARNING 2025-10-01 23:32:58,794 migration_service Invalid serial format: 
WARNING 2025-10-01 23:32:58,794 migration_service Invalid serial format: 
WARNING 2025-10-01 23:32:58,794 migration_service Invalid serial format: 
WARNING 2025-10-01 23:32:58,794 migration_service Invalid serial format: 
WARNING 2025-10-01 23:32:58,794 migration_service Invalid serial format: 
WARNING 2025-10-01 23:32:58,794 migration_service Invalid serial format: 
WARNING 2025-10-01 23:32:58,794 migration_service Invalid serial format: 
WARNING 2025-10-01 23:32:58,794 migration_service Invalid serial format: 
WARNING 2025-10-01 23:32:58,794 migration_service Invalid serial format: 
WARNING 2025-10-01 23:32:58,794 migration_service Invalid serial format: 
WARNING 2025-10-01 23:32:58,794 migration_service Invalid serial format: 
WARNING 2025-10-01 23:32:58,794 migration_service Invalid serial format: 
WARNING 2025-10-01 23:32:58,794 migration_service Invalid serial format: 
WARNING 2025-10-01 23:32:58,794 migration_service Invalid serial format: 
WARNING 2025-10-01 23:32:58,794 migration_service Invalid serial format: 
WARNING 2025-10-01 23:32:58,794 migration_service Invalid serial format: 
WARNING 2025-10-01 23:32:58,794 migration_service Invalid serial format: 
WARNING 2025-10-01 23:32:58,794 migration_service Invalid serial format: 
WARNING 2025-10-01 23:32:58,794 migration_service Invalid serial format: 
WARNING 2025-10-01 23:32:58,795 migration_service Invalid serial format: 
WARNING 2025-10-01 23:32:58,795 migration_service Invalid serial format: 
WARNING 2025-10-01 23:32:58,795 migration_service Invalid serial format: 
WARNING 2025-10-01 23:32:58,795 migration_service Invalid serial format: 
WARNING 2025-10-01 23:32:58,795 migration_service Invalid serial format: 
WARNING 2025-10-01 23:32:58,795 migration_service Invalid serial format: 
WARNING 2025-10-01 23:32:58,795 migration_service Invalid serial format: 
WARNING 2025-10-01 23:32:58,795 migration_service Invalid serial format: 
WARNING 2025-10-01 23:32:58,795 migration_service Invalid serial format: 
WARNING 2025-10-01 23:32:58,795 migration_service Invalid serial format: 
WARNING 2025-10-01 23:32:58,795 migration_service Invalid serial format: 
WARNING 2025-10-01 23:32:58,795 migration_service Invalid serial format: 
WARNING 2025-10-01 23:32:58,795 migration_service Invalid serial format: 
WARNING 2025-10-01 23:32:58,795 migration_service Invalid serial format: 
WARNING 2025-10-01 23:32:58,795 migration_service Invalid serial format: 
WARNING 2025-10-01 23:32:58,795 migration_service Invalid serial format: 
WARNING 2025-10-01 23:32:58,795 migration_service Invalid serial format: 
WARNING 2025-10-01 23:32:58,795 migration_service Invalid serial format: 
WARNING 2025-10-01 23:32:58,795 migration_service Invalid serial format: 
WARNING 2025-10-01 23:32:58,795 migration_service Invalid serial format: 
WARNING 2025-10-01 23:32:58,796 migration_service Invalid serial format: 
WARNING 2025-10-01 23:32:58,796 migration_service Invalid serial format: 
WARNING 2025-10-01 23:32:58,796 migration_service Invalid serial format: 
WARNING 2025-10-01 23:32:58,796 migration_service Invalid serial format: 
WARNING 2025-10-01 23:32:58,796 migration_service Invalid serial format: 
WARNING 2025-10-01 23:32:58,796 migration_service Invalid serial format: 
WARNING 2025-10-01 23:32:58,796 migration_service Invalid serial format: 
WARNING 2025-10-01 23:32:58,796 migration_service Invalid serial format: 
WARNING 2025-10-01 23:32:58,796 migration_service Invalid serial format: 
WARNING 2025-10-01 23:32:58,796 migration_service Invalid serial format: 
WARNING 2025-10-01 23:32:58,796 migration_service Invalid serial format: 
WARNING 2025-10-01 23:32:58,796 migration_service Invalid serial format: 
WARNING 2025-10-01 23:32:58,796 migration_service Invalid serial format: 
WARNING 2025-10-01 23:32:58,796 migration_service Invalid serial format: 
WARNING 2025-10-01 23:32:58,796 migration_service Invalid serial format: 
WARNING 2025-10-01 23:32:58,796 migration_service Invalid serial format: 
WARNING 2025-10-01 23:32:58,796 migration_service Invalid serial format: 
WARNING 2025-10-01 23:32:58,796 migration_service Invalid serial format: 
WARNING 2025-10-01 23:32:58,796 migration_service Invalid serial format: 
WARNING 2025-10-01 23:32:58,797 migration_service Invalid serial format: 
WARNING 2025-10-01 23:32:58,797 migration_service Invalid serial format: 
WARNING 2025-10-01 23:32:58,797 migration_service Invalid serial format: 
WARNING 2025-10-01 23:32:58,797 migration_service Invalid serial format: 
WARNING 2025-10-01 23:32:58,797 migration_service Invalid serial format: 
WARNING 2025-10-01 23:32:58,797 migration_service Invalid serial format: 
WARNING 2025-10-01 23:32:58,797 migration_service Invalid serial format: 
WARNING 2025-10-01 23:32:58,797 migration_service Invalid serial format: 
WARNING 2025-10-01 23:32:58,797 migration_service Invalid serial format: 
WARNING 2025-10-01 23:32:58,797 migration_service Invalid serial format: 
WARNING 2025-10-01 23:32:58,797 migration_service Invalid serial format: 
WARNING 2025-10-01 23:32:58,797 migration_service Invalid serial format: 
WARNING 2025-10-01 23:32:58,798 migration_service Invalid serial format: 
WARNING 2025-10-01 23:32:58,798 migration_service Invalid serial format: 
WARNING 2025-10-01 23:32:58,798 migration_service Invalid serial format: 
WARNING 2025-10-01 23:32:58,798 migration_service Invalid serial format: 
WARNING 2025-10-01 23:32:58,798 migration_service Invalid serial format: 
WARNING 2025-10-01 23:32:58,798 migration_service Invalid serial format: 
WARNING 2025-10-01 23:32:58,798 migration_service Invalid serial format: 
WARNING 2025-10-01 23:32:58,798 migration_service Invalid serial format: 
WARNING 2025-10-01 23:32:58,798 migration_service Invalid serial format: 
WARNING 2025-10-01 23:32:58,798 migration_service Invalid serial format: 
WARNING 2025-10-01 23:32:58,798 migration_service Invalid serial format: 
WARNING 2025-10-01 23:32:58,798 migration_service Invalid serial format: 
WARNING 2025-10-01 23:32:58,799 migration_service Invalid serial format: 
WARNING 2025-10-01 23:32:58,799 migration_service Invalid serial format: 
WARNING 2025-10-01 23:32:58,799 migration_service Invalid serial format: 
WARNING 2025-10-01 23:32:58,799 migration_service Invalid serial format: 
WARNING 2025-10-01 23:32:58,799 migration_service Invalid serial format: 
WARNING 2025-10-01 23:32:58,799 migration_service Invalid serial format: 
WARNING 2025-10-01 23:32:58,799 migration_service Invalid serial format: 
WARNING 2025-10-01 23:32:58,799 migration_service Invalid serial format: 
WARNING 2025-10-01 23:32:58,799 migration_service Invalid serial format: 
WARNING 2025-10-01 23:32:58,799 migration_service Invalid serial format: 
WARNING 2025-10-01 23:32:58,799 migration_service Invalid serial format: 
WARNING 2025-10-01 23:32:58,799 migration_service Invalid serial format: 
WARNING 2025-10-01 23:32:58,799 migration_service Invalid serial format: 
WARNING 2025-10-01 23:32:58,799 migration_service Invalid serial format: 
WARNING 2025-10-01 23:32:58,800 migration_service Invalid serial format: 
WARNING 2025-10-01 23:32:58,800 migration_service Invalid serial format: 
WARNING 2025-10-01 23:32:58,800 migration_service Invalid serial format: 
WARNING 2025-10-01 23:32:58,800 migration_service Invalid serial format: 
WARNING 2025-10-01 23:32:58,800 migration_service Invalid serial format: 
WARNING 2025-10-01 23:32:58,800 migration_service Invalid serial format: 
WARNING 2025-10-01 23:32:58,800 migration_service Invalid serial format: 
WARNING 2025-10-01 23:32:58,800 migration_service Invalid serial format: 
WARNING 2025-10-01 23:32:58,800 migration_service Invalid serial format: 
WARNING 2025-10-01 23:32:58,800 migration_service Invalid serial format: 
WARNING 2025-10-01 23:32:58,800 migration_service Invalid serial format: 
WARNING 2025-10-01 23:32:58,800 migration_service Invalid serial format: 
WARNING 2025-10-01 23:32:58,800 migration_service Invalid serial format: 
WARNING 2025-10-01 23:32:58,800 migration_service Invalid serial format: 
WARNING 2025-10-01 23:32:58,800 migration_service Invalid serial format: 
WARNING 2025-10-01 23:32:58,800 migration_service Invalid serial format: 
WARNING 2025-10-01 23:32:58,800 migration_service Invalid serial format: 
WARNING 2025-10-01 23:32:58,800 migration_service Invalid serial format: 
WARNING 2025-10-01 23:32:58,800 migration_service Invalid serial format: 
WARNING 2025-10-01 23:32:58,801 migration_service Invalid serial format: 
WARNING 2025-10-01 23:32:58,801 migration_service Invalid serial format: 
WARNING 2025-10-01 23:32:58,801 migration_service Invalid serial format: 
WARNING 2025-10-01 23:32:58,801 migration_service Invalid serial format: 
WARNING 2025-10-01 23:32:58,801 migration_service Invalid serial format: 
WARNING 2025-10-01 23:32:58,801 migration_service Invalid serial format: 
WARNING 2025-10-01 23:32:58,801 migration_service Invalid serial format: 
WARNING 2025-10-01 23:32:58,801 migration_service Invalid serial format: 
WARNING 2025-10-01 23:32:58,801 migration_service Invalid serial format: 
WARNING 2025-10-01 23:32:58,801 migration_service Invalid serial format: 
WARNING 2025-10-01 23:32:58,801 migration_service Invalid serial format: 
WARNING 2025-10-01 23:32:58,801 migration_service Invalid serial format: 
WARNING 2025-10-01 23:32:58,801 migration_service Invalid serial format: 
WARNING 2025-10-01 23:32:58,801 migration_service Invalid serial format: 
WARNING 2025-10-01 23:32:58,801 migration_service Invalid serial format: 
WARNING 2025-10-01 23:32:58,801 migration_service Invalid serial format: 
WARNING 2025-10-01 23:32:58,801 migration_service Invalid serial format: 
WARNING 2025-10-01 23:32:58,801 migration_service Invalid serial format: 
WARNING 2025-10-01 23:32:58,801 migration_service Invalid serial format: 
WARNING 2025-10-01 23:32:58,801 migration_service Invalid serial format: 
WARNING 2025-10-01 23:32:58,802 migration_service Invalid serial format: 
WARNING 2025-10-01 23:32:58,802 migration_service Invalid serial format: 
WARNING 2025-10-01 23:32:58,802 migration_service Invalid serial format: 
WARNING 2025-10-01 23:32:58,802 migration_service Invalid serial format: 
WARNING 2025-10-01 23:32:58,802 migration_service Invalid serial format: 
WARNING 2025-10-01 23:32:58,802 migration_service Invalid serial format: 
WARNING 2025-10-01 23:32:58,802 migration_service Invalid serial format: 
WARNING 2025-10-01 23:32:58,802 migration_service Invalid serial format: 
WARNING 2025-10-01 23:32:58,802 migration_service Invalid serial format: 
WARNING 2025-10-01 23:32:58,802 migration_service Invalid serial format: 
WARNING 2025-10-01 23:32:58,802 migration_service Invalid serial format: 
WARNING 2025-10-01 23:32:58,802 migration_service Invalid serial format: 
WARNING 2025-10-01 23:32:58,802 migration_service Invalid serial format: 
WARNING 2025-10-01 23:32:58,802 migration_service Invalid serial format: 
WARNING 2025-10-01 23:32:58,802 migration_service Invalid serial format: 
WARNING 2025-10-01 23:32:58,802 migration_service Invalid serial format: 
WARNING 2025-10-01 23:32:58,802 migration_service Invalid serial format: 
WARNING 2025-10-01 23:32:58,802 migration_service Invalid serial format: 
WARNING 2025-10-01 23:32:58,802 migration_service Invalid serial format: 
WARNING 2025-10-01 23:32:58,802 migration_service Invalid serial format: 
WARNING 2025-10-01 23:32:58,803 migration_service Invalid serial format: 
WARNING 2025-10-01 23:32:58,803 migration_service Invalid serial format: 
WARNING 2025-10-01 23:32:58,803 migration_service Invalid serial format: 
WARNING 2025-10-01 23:32:58,803 migration_service Invalid serial format: 
WARNING 2025-10-01 23:32:58,803 migration_service Invalid serial format: 
WARNING 2025-10-01 23:32:58,803 migration_service Invalid serial format: 
WARNING 2025-10-01 23:32:58,803 migration_service Invalid serial format: 
WARNING 2025-10-01 23:32:58,803 migration_service Invalid serial format: 
WARNING 2025-10-01 23:32:58,803 migration_service Invalid serial format: 
WARNING 2025-10-01 23:32:58,803 migration_service Invalid serial format: 
WARNING 2025-10-01 23:32:58,803 migration_service Invalid serial format: 
WARNING 2025-10-01 23:32:58,803 migration_service Invalid serial format: 
WARNING 2025-10-01 23:32:58,803 migration_service Invalid serial format: 
WARNING 2025-10-01 23:32:58,803 migration_service Invalid serial format: 
WARNING 2025-10-01 23:32:58,803 migration_service Invalid serial format: 
WARNING 2025-10-01 23:32:58,803 migration_service Invalid serial format: 
WARNING 2025-10-01 23:32:58,803 migration_service Invalid serial format: 
WARNING 2025-10-01 23:32:58,803 migration_service Invalid serial format: 
WARNING 2025-10-01 23:32:58,803 migration_service Invalid serial format: 
WARNING 2025-10-01 23:32:58,804 migration_service Invalid serial format: 
WARNING 2025-10-01 23:32:58,804 migration_service Invalid serial format: 
WARNING 2025-10-01 23:32:58,804 migration_service Invalid serial format: 
WARNING 2025-10-01 23:32:58,804 migration_service Invalid serial format: 
WARNING 2025-10-01 23:32:58,804 migration_service Invalid serial format: 
WARNING 2025-10-01 23:32:58,804 migration_service Invalid serial format: 
WARNING 2025-10-01 23:32:58,804 migration_service Invalid serial format: 
WARNING 2025-10-01 23:32:58,804 migration_service Invalid serial format: 
WARNING 2025-10-01 23:32:58,804 migration_service Invalid serial format: 
WARNING 2025-10-01 23:32:58,804 migration_service Invalid serial format: 
WARNING 2025-10-01 23:32:58,804 migration_service Invalid serial format: 
WARNING 2025-10-01 23:32:58,804 migration_service Invalid serial format: 
WARNING 2025-10-01 23:32:58,804 migration_service Invalid serial format: 
WARNING 2025-10-01 23:32:58,804 migration_service Invalid serial format: 
WARNING 2025-10-01 23:32:58,804 migration_service Invalid serial format: 
WARNING 2025-10-01 23:32:58,804 migration_service Invalid serial format: 
WARNING 2025-10-01 23:32:58,804 migration_service Invalid serial format: 
WARNING 2025-10-01 23:32:58,804 migration_service Invalid serial format: 
WARNING 2025-10-01 23:32:58,804 migration_service Invalid serial format: 
WARNING 2025-10-01 23:32:58,805 migration_service Invalid serial format: 
WARNING 2025-10-01 23:32:58,805 migration_service Invalid serial format: 
WARNING 2025-10-01 23:32:58,805 migration_service Invalid serial format: 
WARNING 2025-10-01 23:32:58,805 migration_service Invalid serial format: 
WARNING 2025-10-01 23:32:58,805 migration_service Invalid serial format: 
WARNING 2025-10-01 23:32:58,805 migration_service Invalid serial format: 
WARNING 2025-10-01 23:32:58,805 migration_service Invalid serial format: 
WARNING 2025-10-01 23:32:58,805 migration_service Invalid serial format: 
WARNING 2025-10-01 23:32:58,805 migration_service Invalid serial format: 
WARNING 2025-10-01 23:32:58,805 migration_service Invalid serial format: 
WARNING 2025-10-01 23:32:58,805 migration_service Invalid serial format: 
WARNING 2025-10-01 23:32:58,805 migration_service Invalid serial format: 
WARNING 2025-10-01 23:32:58,805 migration_service Invalid serial format: 
WARNING 2025-10-01 23:32:58,805 migration_service Invalid serial format: 
WARNING 2025-10-01 23:32:58,805 migration_service Invalid serial format: 
WARNING 2025-10-01 23:32:58,805 migration_service Invalid serial format: 
WARNING 2025-10-01 23:32:58,805 migration_service Invalid serial format: 
WARNING 2025-10-01 23:32:58,805 migration_service Invalid serial format: 
WARNING 2025-10-01 23:32:58,806 migration_service Invalid serial format: 
WARNING 2025-10-01 23:32:58,806 migration_service Invalid serial format: 
WARNING 2025-10-01 23:32:58,806 migration_service Invalid serial format: 
WARNING 2025-10-01 23:32:58,806 migration_service Invalid serial format: 
WARNING 2025-10-01 23:32:58,806 migration_service Invalid serial format: 
WARNING 2025-10-01 23:32:58,806 migration_service Invalid serial format: 
WARNING 2025-10-01 23:32:58,806 migration_service Invalid serial format: 
WARNING 2025-10-01 23:32:58,806 migration_service Invalid serial format: 
WARNING 2025-10-01 23:32:58,806 migration_service Invalid serial format: 
WARNING 2025-10-01 23:32:58,806 migration_service Invalid serial format: 
WARNING 2025-10-01 23:32:58,806 migration_service Invalid serial format: 
WARNING 2025-10-01 23:32:58,806 migration_service Invalid serial format: 
WARNING 2025-10-01 23:32:58,806 migration_service Invalid serial format: 
WARNING 2025-10-01 23:32:58,806 migration_service Invalid serial format: 
WARNING 2025-10-01 23:32:58,806 migration_service Invalid serial format: 
WARNING 2025-10-01 23:32:58,807 migration_service Invalid serial format: 
WARNING 2025-10-01 23:32:58,807 migration_service Invalid serial format: 
WARNING 2025-10-01 23:32:58,807 migration_service Invalid serial format: 
WARNING 2025-10-01 23:32:58,807 migration_service Invalid serial format: 
WARNING 2025-10-01 23:32:58,807 migration_service Invalid serial format: 
WARNING 2025-10-01 23:32:58,807 migration_service Invalid serial format: 
WARNING 2025-10-01 23:32:58,807 migration_service Invalid serial format: 
WARNING 2025-10-01 23:32:58,807 migration_service Invalid serial format: 
WARNING 2025-10-01 23:32:58,807 migration_service Invalid serial format: 
WARNING 2025-10-01 23:32:58,807 migration_service Invalid serial format: 
WARNING 2025-10-01 23:32:58,807 migration_service Invalid serial format: 
WARNING 2025-10-01 23:32:58,807 migration_service Invalid serial format: 
WARNING 2025-10-01 23:32:58,807 migration_service Invalid serial format: 
WARNING 2025-10-01 23:32:58,807 migration_service Invalid serial format: 
WARNING 2025-10-01 23:32:58,807 migration_service Invalid serial format: 
WARNING 2025-10-01 23:32:58,807 migration_service Invalid serial format: 
WARNING 2025-10-01 23:32:58,807 migration_service Invalid serial format: 
WARNING 2025-10-01 23:32:58,807 migration_service Invalid serial format: 
WARNING 2025-10-01 23:32:58,808 migration_service Invalid serial format: 
WARNING 2025-10-01 23:32:58,808 migration_service Invalid serial format: 
WARNING 2025-10-01 23:32:58,808 migration_service Invalid serial format: 
WARNING 2025-10-01 23:32:58,808 migration_service Invalid serial format: 
WARNING 2025-10-01 23:32:58,808 migration_service Invalid serial format: 
WARNING 2025-10-01 23:32:58,808 migration_service Invalid serial format: 
WARNING 2025-10-01 23:32:58,808 migration_service Invalid serial format: 
WARNING 2025-10-01 23:32:58,808 migration_service Invalid serial format: 
WARNING 2025-10-01 23:32:58,808 migration_service Invalid serial format: 
WARNING 2025-10-01 23:32:58,808 migration_service Invalid serial format: 
WARNING 2025-10-01 23:32:58,808 migration_service Invalid serial format: 
WARNING 2025-10-01 23:32:58,808 migration_service Invalid serial format: 
WARNING 2025-10-01 23:32:58,808 migration_service Invalid serial format: 
WARNING 2025-10-01 23:32:58,808 migration_service Invalid serial format: 
WARNING 2025-10-01 23:32:58,808 migration_service Invalid serial format: 
WARNING 2025-10-01 23:32:58,808 migration_service Invalid serial format: 
WARNING 2025-10-01 23:32:58,808 migration_service Invalid serial format: 
WARNING 2025-10-01 23:32:58,808 migration_service Invalid serial format: 
WARNING 2025-10-01 23:32:58,809 migration_service Invalid serial format: 
WARNING 2025-10-01 23:32:58,809 migration_service Invalid serial format: 
WARNING 2025-10-01 23:32:58,809 migration_service Invalid serial format: 
WARNING 2025-10-01 23:32:58,809 migration_service Invalid serial format: 
WARNING 2025-10-01 23:32:58,809 migration_service Invalid serial format: 
WARNING 2025-10-01 23:32:58,809 migration_service Invalid serial format: 
WARNING 2025-10-01 23:32:58,809 migration_service Invalid serial format: 
WARNING 2025-10-01 23:32:58,809 migration_service Invalid serial format: 
WARNING 2025-10-01 23:32:58,809 migration_service Invalid serial format: 
WARNING 2025-10-01 23:32:58,809 migration_service Invalid serial format: 
WARNING 2025-10-01 23:32:58,809 migration_service Invalid serial format: 
WARNING 2025-10-01 23:32:58,809 migration_service Invalid serial format: 
WARNING 2025-10-01 23:32:58,809 migration_service Invalid serial format: 
WARNING 2025-10-01 23:32:58,809 migration_service Invalid serial format: 
WARNING 2025-10-01 23:32:58,809 migration_service Invalid serial format: 
WARNING 2025-10-01 23:32:58,809 migration_service Invalid serial format: 
WARNING 2025-10-01 23:32:58,809 migration_service Invalid serial format: 
WARNING 2025-10-01 23:32:58,809 migration_service Invalid serial format: 
WARNING 2025-10-01 23:32:58,810 migration_service Invalid serial format: 
WARNING 2025-10-01 23:32:58,810 migration_service Invalid serial format: 
WARNING 2025-10-01 23:32:58,810 migration_service Invalid serial format: 
WARNING 2025-10-01 23:32:58,810 migration_service Invalid serial format: 
WARNING 2025-10-01 23:32:58,810 migration_service Invalid serial format: 
WARNING 2025-10-01 23:32:58,810 migration_service Invalid serial format: 
WARNING 2025-10-01 23:32:58,810 migration_service Invalid serial format: 
WARNING 2025-10-01 23:32:58,810 migration_service Invalid serial format: 
WARNING 2025-10-01 23:32:58,810 migration_service Invalid serial format: 
WARNING 2025-10-01 23:32:58,810 migration_service Invalid serial format: 
WARNING 2025-10-01 23:32:58,810 migration_service Invalid serial format: 
WARNING 2025-10-01 23:32:58,810 migration_service Invalid serial format: 
WARNING 2025-10-01 23:32:58,810 migration_service Invalid serial format: 
WARNING 2025-10-01 23:32:58,810 migration_service Invalid serial format: 
WARNING 2025-10-01 23:32:58,810 migration_service Invalid serial format: 
WARNING 2025-10-01 23:32:58,810 migration_service Invalid serial format: 
WARNING 2025-10-01 23:32:58,810 migration_service Invalid serial format: 
WARNING 2025-10-01 23:32:58,810 migration_service Invalid serial format: 
WARNING 2025-10-01 23:32:58,810 migration_service Invalid serial format: 
WARNING 2025-10-01 23:32:58,810 migration_service Invalid serial format: 
WARNING 2025-10-01 23:32:58,811 migration_service Invalid serial format: 
WARNING 2025-10-01 23:32:58,811 migration_service Invalid serial format: 
WARNING 2025-10-01 23:32:58,811 migration_service Invalid serial format: 
WARNING 2025-10-01 23:32:58,811 migration_service Invalid serial format: 
WARNING 2025-10-01 23:32:58,811 migration_service Invalid serial format: 
WARNING 2025-10-01 23:32:58,811 migration_service Invalid serial format: 
WARNING 2025-10-01 23:32:58,811 migration_service Invalid serial format: 
WARNING 2025-10-01 23:32:58,811 migration_service Invalid serial format: 
WARNING 2025-10-01 23:32:58,811 migration_service Invalid serial format: 
WARNING 2025-10-01 23:32:58,811 migration_service Invalid serial format: 
WARNING 2025-10-01 23:32:58,811 migration_service Invalid serial format: 
WARNING 2025-10-01 23:32:58,811 migration_service Invalid serial format: 
WARNING 2025-10-01 23:32:58,811 migration_service Invalid serial format: 
WARNING 2025-10-01 23:32:58,811 migration_service Invalid serial format: 
WARNING 2025-10-01 23:32:58,811 migration_service Invalid serial format: 
WARNING 2025-10-01 23:32:58,811 migration_service Invalid serial format: 
WARNING 2025-10-01 23:32:58,811 migration_service Invalid serial format: 
WARNING 2025-10-01 23:32:58,812 migration_service Invalid serial format: 
WARNING 2025-10-01 23:32:58,812 migration_service Invalid serial format: 
WARNING 2025-10-01 23:32:58,812 migration_service Invalid serial format: 
WARNING 2025-10-01 23:32:58,812 migration_service Invalid serial format: 
WARNING 2025-10-01 23:32:58,812 migration_service Invalid serial format: 
WARNING 2025-10-01 23:32:58,812 migration_service Invalid serial format: 
WARNING 2025-10-01 23:32:58,812 migration_service Invalid serial format: 
WARNING 2025-10-01 23:32:58,812 migration_service Invalid serial format: 
WARNING 2025-10-01 23:32:58,812 migration_service Invalid serial format: 
WARNING 2025-10-01 23:32:58,812 migration_service Invalid serial format: 
WARNING 2025-10-01 23:32:58,812 migration_service Invalid serial format: 
WARNING 2025-10-01 23:32:58,812 migration_service Invalid serial format: 
WARNING 2025-10-01 23:32:58,812 migration_service Invalid serial format: 
WARNING 2025-10-01 23:32:58,812 migration_service Invalid serial format: 
WARNING 2025-10-01 23:32:58,812 migration_service Invalid serial format: 
WARNING 2025-10-01 23:32:58,812 migration_service Invalid serial format: 
WARNING 2025-10-01 23:32:58,812 migration_service Invalid serial format: 
WARNING 2025-10-01 23:32:58,813 migration_service Invalid serial format: 
WARNING 2025-10-01 23:32:58,813 migration_service Invalid serial format: 
WARNING 2025-10-01 23:32:58,813 migration_service Invalid serial format: 
WARNING 2025-10-01 23:32:58,813 migration_service Invalid serial format: 
WARNING 2025-10-01 23:32:58,813 migration_service Invalid serial format: 
WARNING 2025-10-01 23:32:58,813 migration_service Invalid serial format: 
WARNING 2025-10-01 23:32:58,813 migration_service Invalid serial format: 
WARNING 2025-10-01 23:32:58,813 migration_service Invalid serial format: 
WARNING 2025-10-01 23:32:58,813 migration_service Invalid serial format: 
WARNING 2025-10-01 23:32:58,813 migration_service Invalid serial format: 
WARNING 2025-10-01 23:32:58,813 migration_service Invalid serial format: 
WARNING 2025-10-01 23:32:58,813 migration_service Invalid serial format: 
WARNING 2025-10-01 23:32:58,813 migration_service Invalid serial format: 
WARNING 2025-10-01 23:32:58,813 migration_service Invalid serial format: 
WARNING 2025-10-01 23:32:58,813 migration_service Invalid serial format: 
WARNING 2025-10-01 23:32:58,813 migration_service Invalid serial format: 
WARNING 2025-10-01 23:32:58,813 migration_service Invalid serial format: 
WARNING 2025-10-01 23:32:58,813 migration_service Invalid serial format: 
WARNING 2025-10-01 23:32:58,814 migration_service Invalid serial format: 
WARNING 2025-10-01 23:32:58,814 migration_service Invalid serial format: 
WARNING 2025-10-01 23:32:58,814 migration_service Invalid serial format: 
WARNING 2025-10-01 23:32:58,814 migration_service Invalid serial format: 
WARNING 2025-10-01 23:32:58,814 migration_service Invalid serial format: 
WARNING 2025-10-01 23:32:58,814 migration_service Invalid serial format: 
WARNING 2025-10-01 23:32:58,814 migration_service Invalid serial format: 
WARNING 2025-10-01 23:32:58,814 migration_service Invalid serial format: 
WARNING 2025-10-01 23:32:58,814 migration_service Invalid serial format: 
WARNING 2025-10-01 23:32:58,814 migration_service Invalid serial format: 
WARNING 2025-10-01 23:32:58,814 migration_service Invalid serial format: 
WARNING 2025-10-01 23:32:58,814 migration_service Invalid serial format: 
WARNING 2025-10-01 23:32:58,814 migration_service Invalid serial format: 
WARNING 2025-10-01 23:32:58,814 migration_service Invalid serial format: 
WARNING 2025-10-01 23:32:58,814 migration_service Invalid serial format: 
WARNING 2025-10-01 23:32:58,814 migration_service Invalid serial format: 
WARNING 2025-10-01 23:32:58,814 migration_service Invalid serial format: 
WARNING 2025-10-01 23:32:58,814 migration_service Invalid serial format: 
WARNING 2025-10-01 23:32:58,814 migration_service Invalid serial format: 
WARNING 2025-10-01 23:32:58,815 migration_service Invalid serial format: 
WARNING 2025-10-01 23:32:58,815 migration_service Invalid serial format: 
WARNING 2025-10-01 23:32:58,815 migration_service Invalid serial format: 
WARNING 2025-10-01 23:32:58,815 migration_service Invalid serial format: 
WARNING 2025-10-01 23:32:58,815 migration_service Invalid serial format: 
WARNING 2025-10-01 23:32:58,815 migration_service Invalid serial format: 
WARNING 2025-10-01 23:32:58,815 migration_service Invalid serial format: 
WARNING 2025-10-01 23:32:58,815 migration_service Invalid serial format: 
WARNING 2025-10-01 23:32:58,815 migration_service Invalid serial format: 
WARNING 2025-10-01 23:32:58,815 migration_service Invalid serial format: 
WARNING 2025-10-01 23:32:58,815 migration_service Invalid serial format: 
WARNING 2025-10-01 23:32:58,815 migration_service Invalid serial format: 
WARNING 2025-10-01 23:32:58,815 migration_service Invalid serial format: 
WARNING 2025-10-01 23:32:58,815 migration_service Invalid serial format: 
WARNING 2025-10-01 23:32:58,815 migration_service Invalid serial format: 
WARNING 2025-10-01 23:32:58,815 migration_service Invalid serial format: 
WARNING 2025-10-01 23:32:58,815 migration_service Invalid serial format: 
WARNING 2025-10-01 23:32:58,815 migration_service Invalid serial format: 
WARNING 2025-10-01 23:32:58,815 migration_service Invalid serial format: 
WARNING 2025-10-01 23:32:58,816 migration_service Invalid serial format: 
WARNING 2025-10-01 23:32:58,816 migration_service Invalid serial format: 
WARNING 2025-10-01 23:32:58,816 migration_service Invalid serial format: 
WARNING 2025-10-01 23:32:58,816 migration_service Invalid serial format: 
WARNING 2025-10-01 23:32:58,816 migration_service Invalid serial format: 
WARNING 2025-10-01 23:32:58,816 migration_service Invalid serial format: 
WARNING 2025-10-01 23:32:58,816 migration_service Invalid serial format: 
WARNING 2025-10-01 23:32:58,816 migration_service Invalid serial format: 
WARNING 2025-10-01 23:32:58,816 migration_service Invalid serial format: 
WARNING 2025-10-01 23:32:58,816 migration_service Invalid serial format: 
WARNING 2025-10-01 23:32:58,816 migration_service Invalid serial format: 
WARNING 2025-10-01 23:32:58,816 migration_service Invalid serial format: 
WARNING 2025-10-01 23:32:58,816 migration_service Invalid serial format: 
WARNING 2025-10-01 23:32:58,816 migration_service Invalid serial format: 
WARNING 2025-10-01 23:32:58,816 migration_service Invalid serial format: 
WARNING 2025-10-01 23:32:58,816 migration_service Invalid serial format: 
WARNING 2025-10-01 23:32:58,816 migration_service Invalid serial format: 
WARNING 2025-10-01 23:32:58,816 migration_service Invalid serial format: 
WARNING 2025-10-01 23:32:58,816 migration_service Invalid serial format: 
WARNING 2025-10-01 23:32:58,817 migration_service Invalid serial format: 
WARNING 2025-10-01 23:32:58,817 migration_service Invalid serial format: 
WARNING 2025-10-01 23:32:58,817 migration_service Invalid serial format: 
WARNING 2025-10-01 23:32:58,817 migration_service Invalid serial format: 
WARNING 2025-10-01 23:32:58,817 migration_service Invalid serial format: 
WARNING 2025-10-01 23:32:58,817 migration_service Invalid serial format: 
WARNING 2025-10-01 23:32:58,817 migration_service Invalid serial format: 
WARNING 2025-10-01 23:32:58,817 migration_service Invalid serial format: 
WARNING 2025-10-01 23:32:58,817 migration_service Invalid serial format: 
WARNING 2025-10-01 23:32:58,817 migration_service Invalid serial format: 
WARNING 2025-10-01 23:32:58,817 migration_service Invalid serial format: 
WARNING 2025-10-01 23:32:58,817 migration_service Invalid serial format: 
WARNING 2025-10-01 23:32:58,817 migration_service Invalid serial format: 
WARNING 2025-10-01 23:32:58,817 migration_service Invalid serial format: 
WARNING 2025-10-01 23:32:58,817 migration_service Invalid serial format: 
WARNING 2025-10-01 23:32:58,817 migration_service Invalid serial format: 
WARNING 2025-10-01 23:32:58,817 migration_service Invalid serial format: 
WARNING 2025-10-01 23:32:58,817 migration_service Invalid serial format: 
WARNING 2025-10-01 23:32:58,818 migration_service Invalid serial format: 
WARNING 2025-10-01 23:32:58,818 migration_service Invalid serial format: 
WARNING 2025-10-01 23:32:58,818 migration_service Invalid serial format: 
WARNING 2025-10-01 23:32:58,818 migration_service Invalid serial format: 
WARNING 2025-10-01 23:32:58,818 migration_service Invalid serial format: 
WARNING 2025-10-01 23:32:58,818 migration_service Invalid serial format: 
WARNING 2025-10-01 23:32:58,818 migration_service Invalid serial format: 
WARNING 2025-10-01 23:32:58,818 migration_service Invalid serial format: 
WARNING 2025-10-01 23:32:58,818 migration_service Invalid serial format: 
WARNING 2025-10-01 23:32:58,818 migration_service Invalid serial format: 
WARNING 2025-10-01 23:32:58,818 migration_service Invalid serial format: 
WARNING 2025-10-01 23:32:58,818 migration_service Invalid serial format: 
WARNING 2025-10-01 23:32:58,818 migration_service Invalid serial format: 
WARNING 2025-10-01 23:32:58,818 migration_service Invalid serial format: 
WARNING 2025-10-01 23:32:58,818 migration_service Invalid serial format: 
WARNING 2025-10-01 23:32:58,818 migration_service Invalid serial format: 
WARNING 2025-10-01 23:32:58,818 migration_service Invalid serial format: 
WARNING 2025-10-01 23:32:58,818 migration_service Invalid serial format: 
WARNING 2025-10-01 23:32:58,818 migration_service Invalid serial format: 
WARNING 2025-10-01 23:32:58,819 migration_service Invalid serial format: 
WARNING 2025-10-01 23:32:58,819 migration_service Invalid serial format: 
WARNING 2025-10-01 23:32:58,819 migration_service Invalid serial format: 
WARNING 2025-10-01 23:32:58,819 migration_service Invalid serial format: 
WARNING 2025-10-01 23:32:58,819 migration_service Invalid serial format: 
WARNING 2025-10-01 23:32:58,819 migration_service Invalid serial format: 
WARNING 2025-10-01 23:32:58,819 migration_service Invalid serial format: 
WARNING 2025-10-01 23:32:58,819 migration_service Invalid serial format: 
WARNING 2025-10-01 23:32:58,819 migration_service Invalid serial format: 
WARNING 2025-10-01 23:32:58,819 migration_service Invalid serial format: 
WARNING 2025-10-01 23:32:58,819 migration_service Invalid serial format: 
WARNING 2025-10-01 23:32:58,819 migration_service Invalid serial format: 
WARNING 2025-10-01 23:32:58,819 migration_service Invalid serial format: 
WARNING 2025-10-01 23:32:58,819 migration_service Invalid serial format: 
WARNING 2025-10-01 23:32:58,819 migration_service Invalid serial format: 
WARNING 2025-10-01 23:32:58,819 migration_service Invalid serial format: 
WARNING 2025-10-01 23:32:58,819 migration_service Invalid serial format: 
WARNING 2025-10-01 23:32:58,820 migration_service Invalid serial format: 
WARNING 2025-10-01 23:32:58,820 migration_service Invalid serial format: 
WARNING 2025-10-01 23:32:58,820 migration_service Invalid serial format: 
WARNING 2025-10-01 23:32:58,820 migration_service Invalid serial format: 
WARNING 2025-10-01 23:32:58,820 migration_service Invalid serial format: 
WARNING 2025-10-01 23:32:58,820 migration_service Invalid serial format: 
WARNING 2025-10-01 23:32:58,820 migration_service Invalid serial format: 
WARNING 2025-10-01 23:32:58,820 migration_service Invalid serial format: 
WARNING 2025-10-01 23:32:58,820 migration_service Invalid serial format: 
WARNING 2025-10-01 23:32:58,820 migration_service Invalid serial format: 
WARNING 2025-10-01 23:32:58,820 migration_service Invalid serial format: 
WARNING 2025-10-01 23:32:58,821 migration_service Invalid serial format: 
WARNING 2025-10-01 23:32:58,821 migration_service Invalid serial format: 
WARNING 2025-10-01 23:32:58,821 migration_service Invalid serial format: 
WARNING 2025-10-01 23:32:58,821 migration_service Invalid serial format: 
WARNING 2025-10-01 23:32:58,821 migration_service Invalid serial format: 
WARNING 2025-10-01 23:32:58,821 migration_service Invalid serial format: 
WARNING 2025-10-01 23:32:58,821 migration_service Invalid serial format: 
WARNING 2025-10-01 23:32:58,821 migration_service Invalid serial format: 
WARNING 2025-10-01 23:32:58,821 migration_service Invalid serial format: 
WARNING 2025-10-01 23:32:58,821 migration_service Invalid serial format: 
WARNING 2025-10-01 23:32:58,821 migration_service Invalid serial format: 
WARNING 2025-10-01 23:32:58,821 migration_service Invalid serial format: 
WARNING 2025-10-01 23:32:58,822 migration_service Invalid serial format: 
WARNING 2025-10-01 23:32:58,822 migration_service Invalid serial format: 
WARNING 2025-10-01 23:32:58,822 migration_service Invalid serial format: 
WARNING 2025-10-01 23:32:58,822 migration_service Invalid serial format: 
WARNING 2025-10-01 23:32:58,822 migration_service Invalid serial format: 
WARNING 2025-10-01 23:32:58,822 migration_service Invalid serial format: 
WARNING 2025-10-01 23:32:58,822 migration_service Invalid serial format: 
WARNING 2025-10-01 23:32:58,822 migration_service Invalid serial format: 
WARNING 2025-10-01 23:32:58,822 migration_service Invalid serial format: 
WARNING 2025-10-01 23:32:58,822 migration_service Invalid serial format: 
WARNING 2025-10-01 23:32:58,822 migration_service Invalid serial format: 
WARNING 2025-10-01 23:32:58,822 migration_service Invalid serial format: 
WARNING 2025-10-01 23:32:58,822 migration_service Invalid serial format: 
WARNING 2025-10-01 23:32:58,822 migration_service Invalid serial format: 
WARNING 2025-10-01 23:32:58,822 migration_service Invalid serial format: 
WARNING 2025-10-01 23:32:58,822 migration_service Invalid serial format: 
WARNING 2025-10-01 23:32:58,822 migration_service Invalid serial format: 
WARNING 2025-10-01 23:32:58,823 migration_service Invalid serial format: 
WARNING 2025-10-01 23:32:58,823 migration_service Invalid serial format: 
WARNING 2025-10-01 23:32:58,823 migration_service Invalid serial format: 
WARNING 2025-10-01 23:32:58,823 migration_service Invalid serial format: 
WARNING 2025-10-01 23:32:58,823 migration_service Invalid serial format: 
WARNING 2025-10-01 23:32:58,823 migration_service Invalid serial format: 
WARNING 2025-10-01 23:32:58,823 migration_service Invalid serial format: 
WARNING 2025-10-01 23:32:58,823 migration_service Invalid serial format: 
WARNING 2025-10-01 23:32:58,823 migration_service Invalid serial format: 
WARNING 2025-10-01 23:32:58,823 migration_service Invalid serial format: 
WARNING 2025-10-01 23:32:58,823 migration_service Invalid serial format: 
WARNING 2025-10-01 23:32:58,823 migration_service Invalid serial format: 
WARNING 2025-10-01 23:32:58,823 migration_service Invalid serial format: 
WARNING 2025-10-01 23:32:58,823 migration_service Invalid serial format: 
WARNING 2025-10-01 23:32:58,823 migration_service Invalid serial format: 
WARNING 2025-10-01 23:32:58,823 migration_service Invalid serial format: 
WARNING 2025-10-01 23:32:58,823 migration_service Invalid serial format: 
WARNING 2025-10-01 23:32:58,823 migration_service Invalid serial format: 
WARNING 2025-10-01 23:32:58,823 migration_service Invalid serial format: 
WARNING 2025-10-01 23:32:58,823 migration_service Invalid serial format: 
WARNING 2025-10-01 23:32:58,824 migration_service Invalid serial format: 
WARNING 2025-10-01 23:32:58,824 migration_service Invalid serial format: 
WARNING 2025-10-01 23:32:58,824 migration_service Invalid serial format: 
WARNING 2025-10-01 23:32:58,824 migration_service Invalid serial format: 
WARNING 2025-10-01 23:32:58,824 migration_service Invalid serial format: 
WARNING 2025-10-01 23:32:58,824 migration_service Invalid serial format: 
WARNING 2025-10-01 23:32:58,824 migration_service Invalid serial format: 
WARNING 2025-10-01 23:32:58,824 migration_service Invalid serial format: 
WARNING 2025-10-01 23:32:58,824 migration_service Invalid serial format: 
WARNING 2025-10-01 23:32:58,824 migration_service Invalid serial format: 
WARNING 2025-10-01 23:32:58,824 migration_service Invalid serial format: 
WARNING 2025-10-01 23:32:58,824 migration_service Invalid serial format: 
WARNING 2025-10-01 23:32:58,824 migration_service Invalid serial format: 
WARNING 2025-10-01 23:32:58,824 migration_service Invalid serial format: 
WARNING 2025-10-01 23:32:58,824 migration_service Invalid serial format: 
WARNING 2025-10-01 23:32:58,824 migration_service Invalid serial format: 
WARNING 2025-10-01 23:32:58,824 migration_service Invalid serial format: 
WARNING 2025-10-01 23:32:58,824 migration_service Invalid serial format: 
WARNING 2025-10-01 23:32:58,824 migration_service Invalid serial format: 
WARNING 2025-10-01 23:32:58,824 migration_service Invalid serial format: 
WARNING 2025-10-01 23:32:58,825 migration_service Invalid serial format: 
WARNING 2025-10-01 23:32:58,825 migration_service Invalid serial format: 
WARNING 2025-10-01 23:32:58,825 migration_service Invalid serial format: 
WARNING 2025-10-01 23:32:58,825 migration_service Invalid serial format: 
WARNING 2025-10-01 23:32:58,825 migration_service Invalid serial format: 
WARNING 2025-10-01 23:32:58,825 migration_service Invalid serial format: 
WARNING 2025-10-01 23:32:58,825 migration_service Invalid serial format: 
WARNING 2025-10-01 23:32:58,825 migration_service Invalid serial format: 
WARNING 2025-10-01 23:32:58,825 migration_service Invalid serial format: 
WARNING 2025-10-01 23:32:58,825 migration_service Invalid serial format: 
WARNING 2025-10-01 23:32:58,825 migration_service Invalid serial format: 
WARNING 2025-10-01 23:32:58,825 migration_service Invalid serial format: 
WARNING 2025-10-01 23:32:58,825 migration_service Invalid serial format: 
WARNING 2025-10-01 23:32:58,825 migration_service Invalid serial format: 
WARNING 2025-10-01 23:32:58,825 migration_service Invalid serial format: 
WARNING 2025-10-01 23:32:58,825 migration_service Invalid serial format: 
WARNING 2025-10-01 23:32:58,825 migration_service Invalid serial format: 
WARNING 2025-10-01 23:32:58,825 migration_service Invalid serial format: 
WARNING 2025-10-01 23:32:58,825 migration_service Invalid serial format: 
WARNING 2025-10-01 23:32:58,826 migration_service Invalid serial format: 
WARNING 2025-10-01 23:32:58,826 migration_service Invalid serial format: 
WARNING 2025-10-01 23:32:58,826 migration_service Invalid serial format: 
WARNING 2025-10-01 23:32:58,826 migration_service Invalid serial format: 
WARNING 2025-10-01 23:32:58,826 migration_service Invalid serial format: 
WARNING 2025-10-01 23:32:58,826 migration_service Invalid serial format: 
WARNING 2025-10-01 23:32:58,826 migration_service Invalid serial format: 
WARNING 2025-10-01 23:32:58,826 migration_service Invalid serial format: 
WARNING 2025-10-01 23:32:58,826 migration_service Invalid serial format: 
WARNING 2025-10-01 23:32:58,826 migration_service Invalid serial format: 
WARNING 2025-10-01 23:32:58,826 migration_service Invalid serial format: 
WARNING 2025-10-01 23:32:58,826 migration_service Invalid serial format: 
WARNING 2025-10-01 23:32:58,826 migration_service Invalid serial format: 
WARNING 2025-10-01 23:32:58,826 migration_service Invalid serial format: 
WARNING 2025-10-01 23:32:58,826 migration_service Invalid serial format: 
WARNING 2025-10-01 23:32:58,826 migration_service Invalid serial format: 
WARNING 2025-10-01 23:32:58,826 migration_service Invalid serial format: 
WARNING 2025-10-01 23:32:58,826 migration_service Invalid serial format: 
WARNING 2025-10-01 23:32:58,826 migration_service Invalid serial format: 
WARNING 2025-10-01 23:32:58,826 migration_service Invalid serial format: 
WARNING 2025-10-01 23:32:58,827 migration_service Invalid serial format: 
WARNING 2025-10-01 23:32:58,827 migration_service Invalid serial format: 
WARNING 2025-10-01 23:32:58,827 migration_service Invalid serial format: 
WARNING 2025-10-01 23:32:58,827 migration_service Invalid serial format: 
WARNING 2025-10-01 23:32:58,827 migration_service Invalid serial format: 
WARNING 2025-10-01 23:32:58,827 migration_service Invalid serial format: 
WARNING 2025-10-01 23:32:58,827 migration_service Invalid serial format: 
WARNING 2025-10-01 23:32:58,827 migration_service Invalid serial format: 
WARNING 2025-10-01 23:32:58,827 migration_service Invalid serial format: 
WARNING 2025-10-01 23:32:58,827 migration_service Invalid serial format: 
WARNING 2025-10-01 23:32:58,827 migration_service Invalid serial format: 
WARNING 2025-10-01 23:32:58,827 migration_service Invalid serial format: 
WARNING 2025-10-01 23:32:58,827 migration_service Invalid serial format: 
WARNING 2025-10-01 23:32:58,827 migration_service Invalid serial format: 
WARNING 2025-10-01 23:32:58,827 migration_service Invalid serial format: 
WARNING 2025-10-01 23:32:58,827 migration_service Invalid serial format: 
WARNING 2025-10-01 23:32:58,827 migration_service Invalid serial format: 
WARNING 2025-10-01 23:32:58,827 migration_service Invalid serial format: 
WARNING 2025-10-01 23:32:58,827 migration_service Invalid serial format: 
WARNING 2025-10-01 23:32:58,828 migration_service Invalid serial format: 
WARNING 2025-10-01 23:32:58,828 migration_service Invalid serial format: 
WARNING 2025-10-01 23:32:58,828 migration_service Invalid serial format: 
WARNING 2025-10-01 23:32:58,828 migration_service Invalid serial format: 
WARNING 2025-10-01 23:32:58,828 migration_service Invalid serial format: 
WARNING 2025-10-01 23:32:58,828 migration_service Invalid serial format: 
WARNING 2025-10-01 23:32:58,828 migration_service Invalid serial format: 
WARNING 2025-10-01 23:32:58,828 migration_service Invalid serial format: 
WARNING 2025-10-01 23:32:58,828 migration_service Invalid serial format: 
WARNING 2025-10-01 23:32:58,828 migration_service Invalid serial format: 
WARNING 2025-10-01 23:32:58,828 migration_service Invalid serial format: 
WARNING 2025-10-01 23:32:58,828 migration_service Invalid serial format: 
WARNING 2025-10-01 23:32:58,828 migration_service Invalid serial format: 
WARNING 2025-10-01 23:32:58,828 migration_service Invalid serial format: 
WARNING 2025-10-01 23:32:58,828 migration_service Invalid serial format: 
WARNING 2025-10-01 23:32:58,828 migration_service Invalid serial format: 
WARNING 2025-10-01 23:32:58,828 migration_service Invalid serial format: 
WARNING 2025-10-01 23:32:58,828 migration_service Invalid serial format: 
WARNING 2025-10-01 23:32:58,828 migration_service Invalid serial format: 
WARNING 2025-10-01 23:32:58,829 migration_service Invalid serial format: 
WARNING 2025-10-01 23:32:58,829 migration_service Invalid serial format: 
WARNING 2025-10-01 23:32:58,829 migration_service Invalid serial format: 
WARNING 2025-10-01 23:32:58,829 migration_service Invalid serial format: 
WARNING 2025-10-01 23:32:58,829 migration_service Invalid serial format: 
WARNING 2025-10-01 23:32:58,829 migration_service Invalid serial format: 
WARNING 2025-10-01 23:32:58,829 migration_service Invalid serial format: 
WARNING 2025-10-01 23:32:58,829 migration_service Invalid serial format: 
WARNING 2025-10-01 23:32:58,829 migration_service Invalid serial format: 
WARNING 2025-10-01 23:32:58,829 migration_service Invalid serial format: 
WARNING 2025-10-01 23:32:58,829 migration_service Invalid serial format: 
WARNING 2025-10-01 23:32:58,829 migration_service Invalid serial format: 
WARNING 2025-10-01 23:32:58,829 migration_service Invalid serial format: 
WARNING 2025-10-01 23:32:58,829 migration_service Invalid serial format: 
WARNING 2025-10-01 23:32:58,829 migration_service Invalid serial format: 
WARNING 2025-10-01 23:32:58,829 migration_service Invalid serial format: 
WARNING 2025-10-01 23:32:58,829 migration_service Invalid serial format: 
WARNING 2025-10-01 23:32:58,829 migration_service Invalid serial format: 
WARNING 2025-10-01 23:32:58,829 migration_service Invalid serial format: 
WARNING 2025-10-01 23:32:58,830 migration_service Invalid serial format: 
WARNING 2025-10-01 23:32:58,830 migration_service Invalid serial format: 
WARNING 2025-10-01 23:32:58,830 migration_service Invalid serial format: 
WARNING 2025-10-01 23:32:58,830 migration_service Invalid serial format: 
WARNING 2025-10-01 23:32:58,830 migration_service Invalid serial format: 
WARNING 2025-10-01 23:32:58,830 migration_service Invalid serial format: 
WARNING 2025-10-01 23:32:58,830 migration_service Invalid serial format: 
WARNING 2025-10-01 23:32:58,830 migration_service Invalid serial format: 
WARNING 2025-10-01 23:32:58,830 migration_service Invalid serial format: 
WARNING 2025-10-01 23:32:58,830 migration_service Invalid serial format: 
WARNING 2025-10-01 23:32:58,830 migration_service Invalid serial format: 
WARNING 2025-10-01 23:32:58,830 migration_service Invalid serial format: 
WARNING 2025-10-01 23:32:58,830 migration_service Invalid serial format: 
WARNING 2025-10-01 23:32:58,830 migration_service Invalid serial format: 
WARNING 2025-10-01 23:32:58,830 migration_service Invalid serial format: 
WARNING 2025-10-01 23:32:58,830 migration_service Invalid serial format: 
WARNING 2025-10-01 23:32:58,830 migration_service Invalid serial format: 
WARNING 2025-10-01 23:32:58,830 migration_service Invalid serial format: 
WARNING 2025-10-01 23:32:58,830 migration_service Invalid serial format: 
WARNING 2025-10-01 23:32:58,831 migration_service Invalid serial format: 
WARNING 2025-10-01 23:32:58,831 migration_service Invalid serial format: 
WARNING 2025-10-01 23:32:58,831 migration_service Invalid serial format: 
WARNING 2025-10-01 23:32:58,831 migration_service Invalid serial format: 
WARNING 2025-10-01 23:32:58,831 migration_service Invalid serial format: 
WARNING 2025-10-01 23:32:58,831 migration_service Invalid serial format: 
WARNING 2025-10-01 23:32:58,831 migration_service Invalid serial format: 
WARNING 2025-10-01 23:32:58,831 migration_service Invalid serial format: 
WARNING 2025-10-01 23:32:58,831 migration_service Invalid serial format: 
WARNING 2025-10-01 23:32:58,831 migration_service Invalid serial format: 
WARNING 2025-10-01 23:32:58,831 migration_service Invalid serial format: 
WARNING 2025-10-01 23:32:58,831 migration_service Invalid serial format: 
WARNING 2025-10-01 23:32:58,831 migration_service Invalid serial format: 
WARNING 2025-10-01 23:32:58,831 migration_service Invalid serial format: 
WARNING 2025-10-01 23:32:58,831 migration_service Invalid serial format: 
WARNING 2025-10-01 23:32:58,831 migration_service Invalid serial format: 
WARNING 2025-10-01 23:32:58,831 migration_service Invalid serial format: 
WARNING 2025-10-01 23:32:58,831 migration_service Invalid serial format: 
WARNING 2025-10-01 23:32:58,831 migration_service Invalid serial format: 
WARNING 2025-10-01 23:32:58,831 migration_service Invalid serial format: 
WARNING 2025-10-01 23:32:58,832 migration_service Invalid serial format: 
WARNING 2025-10-01 23:32:58,832 migration_service Invalid serial format: 
WARNING 2025-10-01 23:32:58,832 migration_service Invalid serial format: 
WARNING 2025-10-01 23:32:58,832 migration_service Invalid serial format: 
WARNING 2025-10-01 23:32:58,832 migration_service Invalid serial format: 
WARNING 2025-10-01 23:32:58,832 migration_service Invalid serial format: 
WARNING 2025-10-01 23:32:58,832 migration_service Invalid serial format: 
WARNING 2025-10-01 23:32:58,832 migration_service Invalid serial format: 
WARNING 2025-10-01 23:32:58,832 migration_service Invalid serial format: 
WARNING 2025-10-01 23:32:58,832 migration_service Invalid serial format: 
WARNING 2025-10-01 23:32:58,832 migration_service Invalid serial format: 
WARNING 2025-10-01 23:32:58,832 migration_service Invalid serial format: 
WARNING 2025-10-01 23:32:58,832 migration_service Invalid serial format: 
WARNING 2025-10-01 23:32:58,832 migration_service Invalid serial format: 
WARNING 2025-10-01 23:32:58,832 migration_service Invalid serial format: 
WARNING 2025-10-01 23:32:58,832 migration_service Invalid serial format: 
WARNING 2025-10-01 23:32:58,832 migration_service Invalid serial format: 
WARNING 2025-10-01 23:32:58,832 migration_service Invalid serial format: 
WARNING 2025-10-01 23:32:58,832 migration_service Invalid serial format: 
WARNING 2025-10-01 23:32:58,832 migration_service Invalid serial format: 
WARNING 2025-10-01 23:32:58,833 migration_service Invalid serial format: 
WARNING 2025-10-01 23:32:58,833 migration_service Invalid serial format: 
WARNING 2025-10-01 23:32:58,833 migration_service Invalid serial format: 
WARNING 2025-10-01 23:32:58,833 migration_service Invalid serial format: 
WARNING 2025-10-01 23:32:58,833 migration_service Invalid serial format: 
WARNING 2025-10-01 23:32:58,833 migration_service Invalid serial format: 
WARNING 2025-10-01 23:32:58,833 migration_service Invalid serial format: 
WARNING 2025-10-01 23:32:58,833 migration_service Invalid serial format: 
WARNING 2025-10-01 23:32:58,833 migration_service Invalid serial format: 
WARNING 2025-10-01 23:32:58,833 migration_service Invalid serial format: 
WARNING 2025-10-01 23:32:58,833 migration_service Invalid serial format: 
WARNING 2025-10-01 23:32:58,833 migration_service Invalid serial format: 
WARNING 2025-10-01 23:32:58,833 migration_service Invalid serial format: 
WARNING 2025-10-01 23:32:58,833 migration_service Invalid serial format: 
WARNING 2025-10-01 23:32:58,833 migration_service Invalid serial format: 
WARNING 2025-10-01 23:32:58,833 migration_service Invalid serial format: 
WARNING 2025-10-01 23:32:58,833 migration_service Invalid serial format: 
WARNING 2025-10-01 23:32:58,833 migration_service Invalid serial format: 
WARNING 2025-10-01 23:32:58,833 migration_service Invalid serial format: 
WARNING 2025-10-01 23:32:58,834 migration_service Invalid serial format: 
WARNING 2025-10-01 23:32:58,834 migration_service Invalid serial format: 
WARNING 2025-10-01 23:32:58,834 migration_service Invalid serial format: 
WARNING 2025-10-01 23:32:58,834 migration_service Invalid serial format: 
WARNING 2025-10-01 23:32:58,834 migration_service Invalid serial format: 
WARNING 2025-10-01 23:32:58,834 migration_service Invalid serial format: 
WARNING 2025-10-01 23:32:58,834 migration_service Invalid serial format: 
WARNING 2025-10-01 23:32:58,834 migration_service Invalid serial format: 
WARNING 2025-10-01 23:32:58,834 migration_service Invalid serial format: 
WARNING 2025-10-01 23:32:58,834 migration_service Invalid serial format: 
WARNING 2025-10-01 23:32:58,834 migration_service Invalid serial format: 
WARNING 2025-10-01 23:32:58,834 migration_service Invalid serial format: 
WARNING 2025-10-01 23:32:58,834 migration_service Invalid serial format: 
WARNING 2025-10-01 23:32:58,835 migration_service Invalid serial format: 
WARNING 2025-10-01 23:32:58,835 migration_service Invalid serial format: 
WARNING 2025-10-01 23:32:58,835 migration_service Invalid serial format: 
WARNING 2025-10-01 23:32:58,835 migration_service Invalid serial format: 
WARNING 2025-10-01 23:32:58,835 migration_service Invalid serial format: 
WARNING 2025-10-01 23:32:58,835 migration_service Invalid serial format: 
WARNING 2025-10-01 23:32:58,835 migration_service Invalid serial format: 
WARNING 2025-10-01 23:32:58,835 migration_service Invalid serial format: 
WARNING 2025-10-01 23:32:58,835 migration_service Invalid serial format: 
WARNING 2025-10-01 23:32:58,835 migration_service Invalid serial format: 
WARNING 2025-10-01 23:32:58,836 migration_service Invalid serial format: 
WARNING 2025-10-01 23:32:58,836 migration_service Invalid serial format: 
WARNING 2025-10-01 23:32:58,836 migration_service Invalid serial format: 
WARNING 2025-10-01 23:32:58,836 migration_service Invalid serial format: 
WARNING 2025-10-01 23:32:58,836 migration_service Invalid serial format: 
WARNING 2025-10-01 23:32:58,836 migration_service Invalid serial format: 
WARNING 2025-10-01 23:32:58,836 migration_service Invalid serial format: 
WARNING 2025-10-01 23:32:58,836 migration_service Invalid serial format: 
WARNING 2025-10-01 23:32:58,836 migration_service Invalid serial format: 
WARNING 2025-10-01 23:32:58,836 migration_service Invalid serial format: 
WARNING 2025-10-01 23:32:58,836 migration_service Invalid serial format: 
WARNING 2025-10-01 23:32:58,836 migration_service Invalid serial format: 
WARNING 2025-10-01 23:32:58,836 migration_service Invalid serial format: 
WARNING 2025-10-01 23:32:58,837 migration_service Invalid serial format: 
WARNING 2025-10-01 23:32:58,837 migration_service Invalid serial format: 
WARNING 2025-10-01 23:32:58,837 migration_service Invalid serial format: 
WARNING 2025-10-01 23:32:58,837 migration_service Invalid serial format: 
WARNING 2025-10-01 23:32:58,837 migration_service Invalid serial format: 
WARNING 2025-10-01 23:32:58,837 migration_service Invalid serial format: 
WARNING 2025-10-01 23:32:58,837 migration_service Invalid serial format: 
WARNING 2025-10-01 23:32:58,837 migration_service Invalid serial format: 
WARNING 2025-10-01 23:32:58,837 migration_service Invalid serial format: 
WARNING 2025-10-01 23:32:58,837 migration_service Invalid serial format: 
WARNING 2025-10-01 23:32:58,837 migration_service Invalid serial format: 
WARNING 2025-10-01 23:32:58,837 migration_service Invalid serial format: 
WARNING 2025-10-01 23:32:58,837 migration_service Invalid serial format: 
WARNING 2025-10-01 23:32:58,837 migration_service Invalid serial format: 
WARNING 2025-10-01 23:32:58,837 migration_service Invalid serial format: 
WARNING 2025-10-01 23:32:58,837 migration_service Invalid serial format: 
WARNING 2025-10-01 23:32:58,837 migration_service Invalid serial format: 
WARNING 2025-10-01 23:32:58,837 migration_service Invalid serial format: 
WARNING 2025-10-01 23:32:58,837 migration_service Invalid serial format: 
WARNING 2025-10-01 23:32:58,838 migration_service Invalid serial format: 
WARNING 2025-10-01 23:32:58,838 migration_service Invalid serial format: 
WARNING 2025-10-01 23:32:58,838 migration_service Invalid serial format: 
WARNING 2025-10-01 23:32:58,838 migration_service Invalid serial format: 
WARNING 2025-10-01 23:32:58,838 migration_service Invalid serial format: 
WARNING 2025-10-01 23:32:58,838 migration_service Invalid serial format: 
WARNING 2025-10-01 23:32:58,838 migration_service Invalid serial format: 
WARNING 2025-10-01 23:32:58,838 migration_service Invalid serial format: 
WARNING 2025-10-01 23:32:58,838 migration_service Invalid serial format: 
WARNING 2025-10-01 23:32:58,838 migration_service Invalid serial format: 
WARNING 2025-10-01 23:32:58,838 migration_service Invalid serial format: 
WARNING 2025-10-01 23:32:58,838 migration_service Invalid serial format: 
WARNING 2025-10-01 23:32:58,838 migration_service Invalid serial format: 
WARNING 2025-10-01 23:32:58,838 migration_service Invalid serial format: 
WARNING 2025-10-01 23:32:58,838 migration_service Invalid serial format: 
WARNING 2025-10-01 23:32:58,838 migration_service Invalid serial format: 
WARNING 2025-10-01 23:32:58,838 migration_service Invalid serial format: 
WARNING 2025-10-01 23:32:58,838 migration_service Invalid serial format: 
WARNING 2025-10-01 23:32:58,838 migration_service Invalid serial format: 
WARNING 2025-10-01 23:32:58,839 migration_service Invalid serial format: 
WARNING 2025-10-01 23:32:58,839 migration_service Invalid serial format: 
WARNING 2025-10-01 23:32:58,839 migration_service Invalid serial format: 
WARNING 2025-10-01 23:32:58,839 migration_service Invalid serial format: 
WARNING 2025-10-01 23:32:58,839 migration_service Invalid serial format: 
WARNING 2025-10-01 23:32:58,839 migration_service Invalid serial format: 
WARNING 2025-10-01 23:32:58,839 migration_service Invalid serial format: 
WARNING 2025-10-01 23:32:58,839 migration_service Invalid serial format: 
WARNING 2025-10-01 23:32:58,839 migration_service Invalid serial format: 
WARNING 2025-10-01 23:32:58,839 migration_service Invalid serial format: 
WARNING 2025-10-01 23:32:58,839 migration_service Invalid serial format: 
WARNING 2025-10-01 23:32:58,839 migration_service Invalid serial format: 
WARNING 2025-10-01 23:32:58,839 migration_service Invalid serial format: 
WARNING 2025-10-01 23:32:58,839 migration_service Invalid serial format: 
WARNING 2025-10-01 23:32:58,839 migration_service Invalid serial format: 
WARNING 2025-10-01 23:32:58,839 migration_service Invalid serial format: 
WARNING 2025-10-01 23:32:58,839 migration_service Invalid serial format: 
WARNING 2025-10-01 23:32:58,839 migration_service Invalid serial format: 
WARNING 2025-10-01 23:32:58,839 migration_service Invalid serial format: 
WARNING 2025-10-01 23:32:58,839 migration_service Invalid serial format: 
WARNING 2025-10-01 23:32:58,840 migration_service Invalid serial format: 
WARNING 2025-10-01 23:32:58,840 migration_service Invalid serial format: 
WARNING 2025-10-01 23:32:58,840 migration_service Invalid serial format: 
WARNING 2025-10-01 23:32:58,840 migration_service Invalid serial format: 
WARNING 2025-10-01 23:32:58,840 migration_service Invalid serial format: 
WARNING 2025-10-01 23:32:58,840 migration_service Invalid serial format: 
WARNING 2025-10-01 23:32:58,840 migration_service Invalid serial format: 
WARNING 2025-10-01 23:32:58,840 migration_service Invalid serial format: 
WARNING 2025-10-01 23:32:58,840 migration_service Invalid serial format: 
WARNING 2025-10-01 23:32:58,840 migration_service Invalid serial format: 
WARNING 2025-10-01 23:32:58,840 migration_service Invalid serial format: 
WARNING 2025-10-01 23:32:58,840 migration_service Invalid serial format: 
WARNING 2025-10-01 23:32:58,840 migration_service Invalid serial format: 
WARNING 2025-10-01 23:32:58,840 migration_service Invalid serial format: 
WARNING 2025-10-01 23:32:58,840 migration_service Invalid serial format: 
WARNING 2025-10-01 23:32:58,840 migration_service Invalid serial format: 
WARNING 2025-10-01 23:32:58,840 migration_service Invalid serial format: 
WARNING 2025-10-01 23:32:58,840 migration_service Invalid serial format: 
WARNING 2025-10-01 23:32:58,840 migration_service Invalid serial format: 
WARNING 2025-10-01 23:32:58,841 migration_service Invalid serial format: 
WARNING 2025-10-01 23:32:58,841 migration_service Invalid serial format: 
WARNING 2025-10-01 23:32:58,841 migration_service Invalid serial format: 
WARNING 2025-10-01 23:32:58,841 migration_service Invalid serial format: 
WARNING 2025-10-01 23:32:58,841 migration_service Invalid serial format: 
WARNING 2025-10-01 23:32:58,841 migration_service Invalid serial format: 
WARNING 2025-10-01 23:32:58,841 migration_service Invalid serial format: 
WARNING 2025-10-01 23:32:58,841 migration_service Invalid serial format: 
WARNING 2025-10-01 23:32:58,841 migration_service Invalid serial format: 
WARNING 2025-10-01 23:32:58,841 migration_service Invalid serial format: 
WARNING 2025-10-01 23:32:58,841 migration_service Invalid serial format: 
WARNING 2025-10-01 23:32:58,841 migration_service Invalid serial format: 
WARNING 2025-10-01 23:32:58,841 migration_service Invalid serial format: 
WARNING 2025-10-01 23:32:58,841 migration_service Invalid serial format: 
WARNING 2025-10-01 23:32:58,841 migration_service Invalid serial format: 
WARNING 2025-10-01 23:32:58,841 migration_service Invalid serial format: 
WARNING 2025-10-01 23:32:58,841 migration_service Invalid serial format: 
WARNING 2025-10-01 23:32:58,841 migration_service Invalid serial format: 
WARNING 2025-10-01 23:32:58,841 migration_service Invalid serial format: 
WARNING 2025-10-01 23:32:58,842 migration_service Invalid serial format: 
WARNING 2025-10-01 23:32:58,842 migration_service Invalid serial format: 
WARNING 2025-10-01 23:32:58,842 migration_service Invalid serial format: 
WARNING 2025-10-01 23:32:58,842 migration_service Invalid serial format: 
WARNING 2025-10-01 23:32:58,842 migration_service Invalid serial format: 
WARNING 2025-10-01 23:32:58,842 migration_service Invalid serial format: 
WARNING 2025-10-01 23:32:58,865 migration_service Invalid serial format: 
WARNING 2025-10-01 23:32:58,866 migration_service Invalid serial format: 
WARNING 2025-10-01 23:32:58,866 migration_service Invalid serial format: 
WARNING 2025-10-01 23:32:58,866 migration_service Invalid serial format: 
WARNING 2025-10-01 23:32:58,866 migration_service Invalid serial format: 
WARNING 2025-10-01 23:32:58,866 migration_service Invalid serial format: 
WARNING 2025-10-01 23:32:58,866 migration_service Invalid serial format: 
WARNING 2025-10-01 23:32:58,866 migration_service Invalid serial format: 
WARNING 2025-10-01 23:32:58,866 migration_service Invalid serial format: 
WARNING 2025-10-01 23:32:58,866 migration_service Invalid serial format: 
WARNING 2025-10-01 23:32:58,866 migration_service Invalid serial format: 
WARNING 2025-10-01 23:32:58,867 migration_service Invalid serial format: 
WARNING 2025-10-01 23:32:58,867 migration_service Invalid serial format: 
WARNING 2025-10-01 23:32:58,867 migration_service Invalid serial format: 
WARNING 2025-10-01 23:32:58,867 migration_service Invalid serial format: 
WARNING 2025-10-01 23:32:58,867 migration_service Invalid serial format: 
WARNING 2025-10-01 23:32:58,867 migration_service Invalid serial format: 
WARNING 2025-10-01 23:32:58,867 migration_service Invalid serial format: 
WARNING 2025-10-01 23:32:58,868 migration_service Invalid serial format: 
WARNING 2025-10-01 23:32:58,868 migration_service Invalid serial format: 
WARNING 2025-10-01 23:32:58,868 migration_service Invalid serial format: 
WARNING 2025-10-01 23:32:58,868 migration_service Invalid serial format: 
WARNING 2025-10-01 23:32:58,868 migration_service Invalid serial format: 
WARNING 2025-10-01 23:32:58,868 migration_service Invalid serial format: 
WARNING 2025-10-01 23:32:58,868 migration_service Invalid serial format: 
WARNING 2025-10-01 23:32:58,868 migration_service Invalid serial format: 
WARNING 2025-10-01 23:32:58,868 migration_service Invalid serial format: 
WARNING 2025-10-01 23:32:58,868 migration_service Invalid serial format: 
WARNING 2025-10-01 23:32:58,868 migration_service Invalid serial format: 
WARNING 2025-10-01 23:32:58,869 migration_service Invalid serial format: 
WARNING 2025-10-01 23:32:58,869 migration_service Invalid serial format: 
WARNING 2025-10-01 23:32:58,869 migration_service Invalid serial format: 
WARNING 2025-10-01 23:32:58,869 migration_service Invalid serial format: 
WARNING 2025-10-01 23:32:58,869 migration_service Invalid serial format: 
WARNING 2025-10-01 23:32:58,869 migration_service Invalid serial format: 
WARNING 2025-10-01 23:32:58,869 migration_service Invalid serial format: 
WARNING 2025-10-01 23:32:58,869 migration_service Invalid serial format: 
WARNING 2025-10-01 23:32:58,869 migration_service Invalid serial format: 
WARNING 2025-10-01 23:32:58,869 migration_service Invalid serial format: 
WARNING 2025-10-01 23:32:58,869 migration_service Invalid serial format: 
WARNING 2025-10-01 23:32:58,869 migration_service Invalid serial format: 
WARNING 2025-10-01 23:32:58,869 migration_service Invalid serial format: 
WARNING 2025-10-01 23:32:58,869 migration_service Invalid serial format: 
WARNING 2025-10-01 23:32:58,869 migration_service Invalid serial format: 
WARNING 2025-10-01 23:32:58,869 migration_service Invalid serial format: 
WARNING 2025-10-01 23:32:58,869 migration_service Invalid serial format: 
WARNING 2025-10-01 23:32:58,869 migration_service Invalid serial format: 
WARNING 2025-10-01 23:32:58,869 migration_service Invalid serial format: 
WARNING 2025-10-01 23:32:58,870 migration_service Invalid serial format: 
WARNING 2025-10-01 23:32:58,870 migration_service Invalid serial format: 
WARNING 2025-10-01 23:32:58,870 migration_service Invalid serial format: 
WARNING 2025-10-01 23:32:58,870 migration_service Invalid serial format: 
WARNING 2025-10-01 23:32:58,870 migration_service Invalid serial format: 
WARNING 2025-10-01 23:32:58,870 migration_service Invalid serial format: 
WARNING 2025-10-01 23:32:58,870 migration_service Invalid serial format: 
WARNING 2025-10-01 23:32:58,870 migration_service Invalid serial format: 
WARNING 2025-10-01 23:32:58,870 migration_service Invalid serial format: 
WARNING 2025-10-01 23:32:58,870 migration_service Invalid serial format: 
WARNING 2025-10-01 23:32:58,870 migration_service Invalid serial format: 
WARNING 2025-10-01 23:32:58,870 migration_service Invalid serial format: 
WARNING 2025-10-01 23:32:58,870 migration_service Invalid serial format: 
WARNING 2025-10-01 23:32:58,870 migration_service Invalid serial format: 
WARNING 2025-10-01 23:32:58,870 migration_service Invalid serial format: 
WARNING 2025-10-01 23:32:58,870 migration_service Invalid serial format: 
WARNING 2025-10-01 23:32:58,870 migration_service Invalid serial format: 
WARNING 2025-10-01 23:32:58,870 migration_service Invalid serial format: 
WARNING 2025-10-01 23:32:58,870 migration_service Invalid serial format: 
WARNING 2025-10-01 23:32:58,870 migration_service Invalid serial format: 
WARNING 2025-10-01 23:32:58,871 migration_service Invalid serial format: 
WARNING 2025-10-01 23:32:58,871 migration_service Invalid serial format: 
WARNING 2025-10-01 23:32:58,871 migration_service Invalid serial format: 
WARNING 2025-10-01 23:32:58,871 migration_service Invalid serial format: 
WARNING 2025-10-01 23:32:58,871 migration_service Invalid serial format: 
WARNING 2025-10-01 23:32:58,871 migration_service Invalid serial format: 
WARNING 2025-10-01 23:32:58,871 migration_service Invalid serial format: 
WARNING 2025-10-01 23:32:58,871 migration_service Invalid serial format: 
WARNING 2025-10-01 23:32:58,871 migration_service Invalid serial format: 
WARNING 2025-10-01 23:32:58,871 migration_service Invalid serial format: 
WARNING 2025-10-01 23:32:58,871 migration_service Invalid serial format: 
WARNING 2025-10-01 23:32:58,871 migration_service Invalid serial format: 
WARNING 2025-10-01 23:32:58,871 migration_service Invalid serial format: 
WARNING 2025-10-01 23:32:58,871 migration_service Invalid serial format: 
WARNING 2025-10-01 23:32:58,871 migration_service Invalid serial format: 
WARNING 2025-10-01 23:32:58,871 migration_service Invalid serial format: 
WARNING 2025-10-01 23:32:58,871 migration_service Invalid serial format: 
WARNING 2025-10-01 23:32:58,871 migration_service Invalid serial format: 
WARNING 2025-10-01 23:32:58,871 migration_service Invalid serial format: 
WARNING 2025-10-01 23:32:58,871 migration_service Invalid serial format: 
WARNING 2025-10-01 23:32:58,872 migration_service Invalid serial format: 
WARNING 2025-10-01 23:32:58,872 migration_service Invalid serial format: 
WARNING 2025-10-01 23:32:58,872 migration_service Invalid serial format: 
WARNING 2025-10-01 23:32:58,872 migration_service Invalid serial format: 
WARNING 2025-10-01 23:32:58,872 migration_service Invalid serial format: 
WARNING 2025-10-01 23:32:58,872 migration_service Invalid serial format: 
WARNING 2025-10-01 23:32:58,872 migration_service Invalid serial format: 
WARNING 2025-10-01 23:32:58,872 migration_service Invalid serial format: 
WARNING 2025-10-01 23:32:58,872 migration_service Invalid serial format: 
WARNING 2025-10-01 23:32:58,872 migration_service Invalid serial format: 
WARNING 2025-10-01 23:32:58,872 migration_service Invalid serial format: 
WARNING 2025-10-01 23:32:58,872 migration_service Invalid serial format: 
WARNING 2025-10-01 23:32:58,872 migration_service Invalid serial format: 
WARNING 2025-10-01 23:32:58,872 migration_service Invalid serial format: 
WARNING 2025-10-01 23:32:58,872 migration_service Invalid serial format: 
WARNING 2025-10-01 23:32:58,872 migration_service Invalid serial format: 
WARNING 2025-10-01 23:32:58,872 migration_service Invalid serial format: 
WARNING 2025-10-01 23:32:58,872 migration_service Invalid serial format: 
WARNING 2025-10-01 23:32:58,872 migration_service Invalid serial format: 
WARNING 2025-10-01 23:32:58,873 migration_service Invalid serial format: 
WARNING 2025-10-01 23:32:58,873 migration_service Invalid serial format: 
WARNING 2025-10-01 23:32:58,873 migration_service Invalid serial format: 
WARNING 2025-10-01 23:32:58,873 migration_service Invalid serial format: 
WARNING 2025-10-01 23:32:58,873 migration_service Invalid serial format: 
WARNING 2025-10-01 23:32:58,873 migration_service Invalid serial format: 
WARNING 2025-10-01 23:32:58,873 migration_service Invalid serial format: 
WARNING 2025-10-01 23:32:58,873 migration_service Invalid serial format: 
WARNING 2025-10-01 23:32:58,873 migration_service Invalid serial format: 
WARNING 2025-10-01 23:32:58,873 migration_service Invalid serial format: 
WARNING 2025-10-01 23:32:58,873 migration_service Invalid serial format: 
WARNING 2025-10-01 23:32:58,873 migration_service Invalid serial format: 
WARNING 2025-10-01 23:32:58,873 migration_service Invalid serial format: 
WARNING 2025-10-01 23:32:58,873 migration_service Invalid serial format: 
WARNING 2025-10-01 23:32:58,873 migration_service Invalid serial format: 
WARNING 2025-10-01 23:32:58,873 migration_service Invalid serial format: 
WARNING 2025-10-01 23:32:58,873 migration_service Invalid serial format: 
WARNING 2025-10-01 23:32:58,874 migration_service Invalid serial format: 
WARNING 2025-10-01 23:32:58,874 migration_service Invalid serial format: 
WARNING 2025-10-01 23:32:58,874 migration_service Invalid serial format: 
WARNING 2025-10-01 23:32:58,874 migration_service Invalid serial format: 
WARNING 2025-10-01 23:32:58,874 migration_service Invalid serial format: 
WARNING 2025-10-01 23:32:58,874 migration_service Invalid serial format: 
WARNING 2025-10-01 23:32:58,874 migration_service Invalid serial format: 
WARNING 2025-10-01 23:32:58,874 migration_service Invalid serial format: 
WARNING 2025-10-01 23:32:58,874 migration_service Invalid serial format: 
WARNING 2025-10-01 23:32:58,874 migration_service Invalid serial format: 
WARNING 2025-10-01 23:32:58,874 migration_service Invalid serial format: 
WARNING 2025-10-01 23:32:58,874 migration_service Invalid serial format: 
WARNING 2025-10-01 23:32:58,874 migration_service Invalid serial format: 
WARNING 2025-10-01 23:32:58,874 migration_service Invalid serial format: 
WARNING 2025-10-01 23:32:58,874 migration_service Invalid serial format: 
WARNING 2025-10-01 23:32:58,874 migration_service Invalid serial format: 
WARNING 2025-10-01 23:32:58,874 migration_service Invalid serial format: 
WARNING 2025-10-01 23:32:58,874 migration_service Invalid serial format: 
WARNING 2025-10-01 23:32:58,874 migration_service Invalid serial format: 
WARNING 2025-10-01 23:32:58,875 migration_service Invalid serial format: 
WARNING 2025-10-01 23:32:58,875 migration_service Invalid serial format: 
WARNING 2025-10-01 23:32:58,875 migration_service Invalid serial format: 
WARNING 2025-10-01 23:32:58,875 migration_service Invalid serial format: 
WARNING 2025-10-01 23:32:58,875 migration_service Invalid serial format: 
WARNING 2025-10-01 23:32:58,875 migration_service Invalid serial format: 
WARNING 2025-10-01 23:32:58,875 migration_service Invalid serial format: 
WARNING 2025-10-01 23:32:58,875 migration_service Invalid serial format: 
WARNING 2025-10-01 23:32:58,875 migration_service Invalid serial format: 
WARNING 2025-10-01 23:32:58,875 migration_service Invalid serial format: 
WARNING 2025-10-01 23:32:58,875 migration_service Invalid serial format: 
WARNING 2025-10-01 23:32:58,875 migration_service Invalid serial format: 
WARNING 2025-10-01 23:32:58,875 migration_service Invalid serial format: 
WARNING 2025-10-01 23:32:58,876 migration_service Invalid serial format: 
WARNING 2025-10-01 23:32:58,876 migration_service Invalid serial format: 
WARNING 2025-10-01 23:32:58,876 migration_service Invalid serial format: 
WARNING 2025-10-01 23:32:58,876 migration_service Invalid serial format: 
WARNING 2025-10-01 23:32:58,876 migration_service Invalid serial format: 
WARNING 2025-10-01 23:32:58,876 migration_service Invalid serial format: 
WARNING 2025-10-01 23:32:58,876 migration_service Invalid serial format: 
WARNING 2025-10-01 23:32:58,876 migration_service Invalid serial format: 
WARNING 2025-10-01 23:32:58,876 migration_service Invalid serial format: 
WARNING 2025-10-01 23:32:58,876 migration_service Invalid serial format: 
WARNING 2025-10-01 23:32:58,876 migration_service Invalid serial format: 
WARNING 2025-10-01 23:32:58,877 migration_service Invalid serial format: 
WARNING 2025-10-01 23:32:58,877 migration_service Invalid serial format: 
WARNING 2025-10-01 23:32:58,877 migration_service Invalid serial format: 
WARNING 2025-10-01 23:32:58,877 migration_service Invalid serial format: 
WARNING 2025-10-01 23:32:58,877 migration_service Invalid serial format: 
WARNING 2025-10-01 23:32:58,877 migration_service Invalid serial format: 
WARNING 2025-10-01 23:32:58,877 migration_service Invalid serial format: 
WARNING 2025-10-01 23:32:58,877 migration_service Invalid serial format: 
WARNING 2025-10-01 23:32:58,877 migration_service Invalid serial format: 
WARNING 2025-10-01 23:32:58,877 migration_service Invalid serial format: 
WARNING 2025-10-01 23:32:58,877 migration_service Invalid serial format: 
WARNING 2025-10-01 23:32:58,877 migration_service Invalid serial format: 
WARNING 2025-10-01 23:32:58,877 migration_service Invalid serial format: 
WARNING 2025-10-01 23:32:58,877 migration_service Invalid serial format: 
WARNING 2025-10-01 23:32:58,877 migration_service Invalid serial format: 
WARNING 2025-10-01 23:32:58,877 migration_service Invalid serial format: 
WARNING 2025-10-01 23:32:58,877 migration_service Invalid serial format: 
WARNING 2025-10-01 23:32:58,878 migration_service Invalid serial format: 
WARNING 2025-10-01 23:32:58,878 migration_service Invalid serial format: 
WARNING 2025-10-01 23:32:58,878 migration_service Invalid serial format: 
WARNING 2025-10-01 23:32:58,878 migration_service Invalid serial format: 
WARNING 2025-10-01 23:32:58,878 migration_service Invalid serial format: 
WARNING 2025-10-01 23:32:58,878 migration_service Invalid serial format: 
WARNING 2025-10-01 23:32:58,878 migration_service Invalid serial format: 
WARNING 2025-10-01 23:32:58,878 migration_service Invalid serial format: 
WARNING 2025-10-01 23:32:58,878 migration_service Invalid serial format: 
WARNING 2025-10-01 23:32:58,878 migration_service Invalid serial format: 
WARNING 2025-10-01 23:32:58,878 migration_service Invalid serial format: 
WARNING 2025-10-01 23:32:58,878 migration_service Invalid serial format: 
WARNING 2025-10-01 23:32:58,878 migration_service Invalid serial format: 
WARNING 2025-10-01 23:32:58,878 migration_service Invalid serial format: 
WARNING 2025-10-01 23:32:58,878 migration_service Invalid serial format: 
WARNING 2025-10-01 23:32:58,878 migration_service Invalid serial format: 
WARNING 2025-10-01 23:32:58,878 migration_service Invalid serial format: 
WARNING 2025-10-01 23:32:58,878 migration_service Invalid serial format: 
WARNING 2025-10-01 23:32:58,878 migration_service Invalid serial format: 
WARNING 2025-10-01 23:32:58,879 migration_service Invalid serial format: 
WARNING 2025-10-01 23:32:58,879 migration_service Invalid serial format: 
WARNING 2025-10-01 23:32:58,879 migration_service Invalid serial format: 
WARNING 2025-10-01 23:32:58,879 migration_service Invalid serial format: 
WARNING 2025-10-01 23:32:58,879 migration_service Invalid serial format: 
WARNING 2025-10-01 23:32:58,879 migration_service Invalid serial format: 
WARNING 2025-10-01 23:32:58,879 migration_service Invalid serial format: 
WARNING 2025-10-01 23:32:58,879 migration_service Invalid serial format: 
WARNING 2025-10-01 23:32:58,879 migration_service Invalid serial format: 
WARNING 2025-10-01 23:32:58,879 migration_service Invalid serial format: 
WARNING 2025-10-01 23:32:58,879 migration_service Invalid serial format: 
WARNING 2025-10-01 23:32:58,879 migration_service Invalid serial format: 
WARNING 2025-10-01 23:32:58,879 migration_service Invalid serial format: 
WARNING 2025-10-01 23:32:58,879 migration_service Invalid serial format: 
WARNING 2025-10-01 23:32:58,879 migration_service Invalid serial format: 
WARNING 2025-10-01 23:32:58,879 migration_service Invalid serial format: 
WARNING 2025-10-01 23:32:58,879 migration_service Invalid serial format: 
WARNING 2025-10-01 23:32:58,879 migration_service Invalid serial format: 
WARNING 2025-10-01 23:32:58,879 migration_service Invalid serial format: 
WARNING 2025-10-01 23:32:58,879 migration_service Invalid serial format: 
WARNING 2025-10-01 23:32:58,880 migration_service Invalid serial format: 
WARNING 2025-10-01 23:32:58,880 migration_service Invalid serial format: 
WARNING 2025-10-01 23:32:58,880 migration_service Invalid serial format: 
WARNING 2025-10-01 23:32:58,880 migration_service Invalid serial format: 
WARNING 2025-10-01 23:32:58,880 migration_service Invalid serial format: 
WARNING 2025-10-01 23:32:58,880 migration_service Invalid serial format: 
WARNING 2025-10-01 23:32:58,880 migration_service Invalid serial format: 
WARNING 2025-10-01 23:32:58,880 migration_service Invalid serial format: 
WARNING 2025-10-01 23:32:58,880 migration_service Invalid serial format: 
WARNING 2025-10-01 23:32:58,880 migration_service Invalid serial format: 
WARNING 2025-10-01 23:32:58,880 migration_service Invalid serial format: 
WARNING 2025-10-01 23:32:58,880 migration_service Invalid serial format: 
WARNING 2025-10-01 23:32:58,880 migration_service Invalid serial format: 
WARNING 2025-10-01 23:32:58,880 migration_service Invalid serial format: 
WARNING 2025-10-01 23:32:58,880 migration_service Invalid serial format: 
WARNING 2025-10-01 23:32:58,880 migration_service Invalid serial format: 
WARNING 2025-10-01 23:32:58,880 migration_service Invalid serial format: 
WARNING 2025-10-01 23:32:58,880 migration_service Invalid serial format: 
WARNING 2025-10-01 23:32:58,880 migration_service Invalid serial format: 
WARNING 2025-10-01 23:32:58,880 migration_service Invalid serial format: 
WARNING 2025-10-01 23:32:58,880 migration_service Invalid serial format: 
WARNING 2025-10-01 23:32:58,881 migration_service Invalid serial format: 
WARNING 2025-10-01 23:32:58,881 migration_service Invalid serial format: 
WARNING 2025-10-01 23:32:58,881 migration_service Invalid serial format: 
WARNING 2025-10-01 23:32:58,881 migration_service Invalid serial format: 
WARNING 2025-10-01 23:32:58,881 migration_service Invalid serial format: 
WARNING 2025-10-01 23:32:58,881 migration_service Invalid serial format: 
WARNING 2025-10-01 23:32:58,881 migration_service Invalid serial format: 
WARNING 2025-10-01 23:32:58,881 migration_service Invalid serial format: 
WARNING 2025-10-01 23:32:58,881 migration_service Invalid serial format: 
WARNING 2025-10-01 23:32:58,881 migration_service Invalid serial format: 
WARNING 2025-10-01 23:32:58,881 migration_service Invalid serial format: 
WARNING 2025-10-01 23:32:58,881 migration_service Invalid serial format: 
WARNING 2025-10-01 23:32:58,881 migration_service Invalid serial format: 
WARNING 2025-10-01 23:32:58,881 migration_service Invalid serial format: 
WARNING 2025-10-01 23:32:58,881 migration_service Invalid serial format: 
WARNING 2025-10-01 23:32:58,881 migration_service Invalid serial format: 
WARNING 2025-10-01 23:32:58,881 migration_service Invalid serial format: 
WARNING 2025-10-01 23:32:58,881 migration_service Invalid serial format: 
WARNING 2025-10-01 23:32:58,881 migration_service Invalid serial format: 
WARNING 2025-10-01 23:32:58,882 migration_service Invalid serial format: 
WARNING 2025-10-01 23:32:58,882 migration_service Invalid serial format: 
WARNING 2025-10-01 23:32:58,882 migration_service Invalid serial format: 
WARNING 2025-10-01 23:32:58,882 migration_service Invalid serial format: 
WARNING 2025-10-01 23:32:58,882 migration_service Invalid serial format: 
WARNING 2025-10-01 23:32:58,882 migration_service Invalid serial format: 
WARNING 2025-10-01 23:32:58,882 migration_service Invalid serial format: 
WARNING 2025-10-01 23:32:58,882 migration_service Invalid serial format: 
WARNING 2025-10-01 23:32:58,882 migration_service Invalid serial format: 
WARNING 2025-10-01 23:32:58,882 migration_service Invalid serial format: 
WARNING 2025-10-01 23:32:58,882 migration_service Invalid serial format: 
WARNING 2025-10-01 23:32:58,882 migration_service Invalid serial format: 
WARNING 2025-10-01 23:32:58,882 migration_service Invalid serial format: 
WARNING 2025-10-01 23:32:58,882 migration_service Invalid serial format: 
WARNING 2025-10-01 23:32:58,882 migration_service Invalid serial format: 
WARNING 2025-10-01 23:32:58,882 migration_service Invalid serial format: 
WARNING 2025-10-01 23:32:58,882 migration_service Invalid serial format: 
WARNING 2025-10-01 23:32:58,882 migration_service Invalid serial format: 
WARNING 2025-10-01 23:32:58,882 migration_service Invalid serial format: 
WARNING 2025-10-01 23:32:58,882 migration_service Invalid serial format: 
WARNING 2025-10-01 23:32:58,883 migration_service Invalid serial format: 
WARNING 2025-10-01 23:32:58,883 migration_service Invalid serial format: 
WARNING 2025-10-01 23:32:58,883 migration_service Invalid serial format: 
WARNING 2025-10-01 23:32:58,883 migration_service Invalid serial format: 
WARNING 2025-10-01 23:32:58,883 migration_service Invalid serial format: 
WARNING 2025-10-01 23:32:58,883 migration_service Invalid serial format: 
WARNING 2025-10-01 23:32:58,883 migration_service Invalid serial format: 
WARNING 2025-10-01 23:32:58,883 migration_service Invalid serial format: 
WARNING 2025-10-01 23:32:58,883 migration_service Invalid serial format: 
WARNING 2025-10-01 23:32:58,883 migration_service Invalid serial format: 
WARNING 2025-10-01 23:32:58,883 migration_service Invalid serial format: 
WARNING 2025-10-01 23:32:58,883 migration_service Invalid serial format: 
WARNING 2025-10-01 23:32:58,883 migration_service Invalid serial format: 
WARNING 2025-10-01 23:32:58,883 migration_service Invalid serial format: 
WARNING 2025-10-01 23:32:58,883 migration_service Invalid serial format: 
WARNING 2025-10-01 23:32:58,883 migration_service Invalid serial format: 
WARNING 2025-10-01 23:32:58,883 migration_service Invalid serial format: 
WARNING 2025-10-01 23:32:58,883 migration_service Invalid serial format: 
WARNING 2025-10-01 23:32:58,883 migration_service Invalid serial format: 
WARNING 2025-10-01 23:32:58,883 migration_service Invalid serial format: 
WARNING 2025-10-01 23:32:58,884 migration_service Invalid serial format: 
WARNING 2025-10-01 23:32:58,884 migration_service Invalid serial format: 
WARNING 2025-10-01 23:32:58,884 migration_service Invalid serial format: 
WARNING 2025-10-01 23:32:58,884 migration_service Invalid serial format: 
WARNING 2025-10-01 23:32:58,884 migration_service Invalid serial format: 
WARNING 2025-10-01 23:32:58,884 migration_service Invalid serial format: 
WARNING 2025-10-01 23:32:58,884 migration_service Invalid serial format: 
WARNING 2025-10-01 23:32:58,884 migration_service Invalid serial format: 
WARNING 2025-10-01 23:32:58,884 migration_service Invalid serial format: 
WARNING 2025-10-01 23:32:58,884 migration_service Invalid serial format: 
WARNING 2025-10-01 23:32:58,884 migration_service Invalid serial format: 
WARNING 2025-10-01 23:32:58,884 migration_service Invalid serial format: 
WARNING 2025-10-01 23:32:58,884 migration_service Invalid serial format: 
WARNING 2025-10-01 23:32:58,884 migration_service Invalid serial format: 
WARNING 2025-10-01 23:32:58,884 migration_service Invalid serial format: 
WARNING 2025-10-01 23:32:58,884 migration_service Invalid serial format: 
WARNING 2025-10-01 23:32:58,884 migration_service Invalid serial format: 
WARNING 2025-10-01 23:32:58,884 migration_service Invalid serial format: 
WARNING 2025-10-01 23:32:58,884 migration_service Invalid serial format: 
WARNING 2025-10-01 23:32:58,884 migration_service Invalid serial format: 
WARNING 2025-10-01 23:32:58,885 migration_service Invalid serial format: 
WARNING 2025-10-01 23:32:58,885 migration_service Invalid serial format: 
WARNING 2025-10-01 23:32:58,885 migration_service Invalid serial format: 
WARNING 2025-10-01 23:32:58,885 migration_service Invalid serial format: 
WARNING 2025-10-01 23:32:58,885 migration_service Invalid serial format: 
WARNING 2025-10-01 23:32:58,885 migration_service Invalid serial format: 
WARNING 2025-10-01 23:32:58,885 migration_service Invalid serial format: 
WARNING 2025-10-01 23:32:58,885 migration_service Invalid serial format: 
WARNING 2025-10-01 23:32:58,885 migration_service Invalid serial format: 
WARNING 2025-10-01 23:32:58,885 migration_service Invalid serial format: 
WARNING 2025-10-01 23:32:58,885 migration_service Invalid serial format: 
WARNING 2025-10-01 23:32:58,885 migration_service Invalid serial format: 
WARNING 2025-10-01 23:32:58,885 migration_service Invalid serial format: 
WARNING 2025-10-01 23:32:58,885 migration_service Invalid serial format: 
WARNING 2025-10-01 23:32:58,885 migration_service Invalid serial format: 
WARNING 2025-10-01 23:32:58,885 migration_service Invalid serial format: 
WARNING 2025-10-01 23:32:58,885 migration_service Invalid serial format: 
WARNING 2025-10-01 23:32:58,885 migration_service Invalid serial format: 
WARNING 2025-10-01 23:32:58,885 migration_service Invalid serial format: 
WARNING 2025-10-01 23:32:58,885 migration_service Invalid serial format: 
WARNING 2025-10-01 23:32:58,886 migration_service Invalid serial format: 
WARNING 2025-10-01 23:32:58,886 migration_service Invalid serial format: 
WARNING 2025-10-01 23:32:58,886 migration_service Invalid serial format: 
WARNING 2025-10-01 23:32:58,886 migration_service Invalid serial format: 
WARNING 2025-10-01 23:32:58,886 migration_service Invalid serial format: 
WARNING 2025-10-01 23:32:58,886 migration_service Invalid serial format: 
WARNING 2025-10-01 23:32:58,886 migration_service Invalid serial format: 
WARNING 2025-10-01 23:32:58,886 migration_service Invalid serial format: 
WARNING 2025-10-01 23:32:58,886 migration_service Invalid serial format: 
WARNING 2025-10-01 23:32:58,886 migration_service Invalid serial format: 
WARNING 2025-10-01 23:32:58,886 migration_service Invalid serial format: 
WARNING 2025-10-01 23:32:58,886 migration_service Invalid serial format: 
WARNING 2025-10-01 23:32:58,886 migration_service Invalid serial format: 
WARNING 2025-10-01 23:32:58,886 migration_service Invalid serial format: 
WARNING 2025-10-01 23:32:58,886 migration_service Invalid serial format: 
WARNING 2025-10-01 23:32:58,886 migration_service Invalid serial format: 
WARNING 2025-10-01 23:32:58,886 migration_service Invalid serial format: 
WARNING 2025-10-01 23:32:58,887 migration_service Invalid serial format: 
WARNING 2025-10-01 23:32:58,887 migration_service Invalid serial format: 
WARNING 2025-10-01 23:32:58,887 migration_service Invalid serial format: 
WARNING 2025-10-01 23:32:58,887 migration_service Invalid serial format: 
WARNING 2025-10-01 23:32:58,887 migration_service Invalid serial format: 
WARNING 2025-10-01 23:32:58,887 migration_service Invalid serial format: 
WARNING 2025-10-01 23:32:58,887 migration_service Invalid serial format: 
WARNING 2025-10-01 23:32:58,887 migration_service Invalid serial format: 
WARNING 2025-10-01 23:32:58,887 migration_service Invalid serial format: 
WARNING 2025-10-01 23:32:58,887 migration_service Invalid serial format: 
WARNING 2025-10-01 23:32:58,887 migration_service Invalid serial format: 
WARNING 2025-10-01 23:32:58,887 migration_service Invalid serial format: 
WARNING 2025-10-01 23:32:58,888 migration_service Invalid serial format: 
WARNING 2025-10-01 23:32:58,888 migration_service Invalid serial format: 
WARNING 2025-10-01 23:32:58,888 migration_service Invalid serial format: 
WARNING 2025-10-01 23:32:58,888 migration_service Invalid serial format: 
WARNING 2025-10-01 23:32:58,888 migration_service Invalid serial format: 
WARNING 2025-10-01 23:32:58,888 migration_service Invalid serial format: 
WARNING 2025-10-01 23:32:58,888 migration_service Invalid serial format: 
WARNING 2025-10-01 23:32:58,888 migration_service Invalid serial format: 
WARNING 2025-10-01 23:32:58,888 migration_service Invalid serial format: 
WARNING 2025-10-01 23:32:58,888 migration_service Invalid serial format: 
WARNING 2025-10-01 23:32:58,888 migration_service Invalid serial format: 
WARNING 2025-10-01 23:32:58,889 migration_service Invalid serial format: 
WARNING 2025-10-01 23:32:58,889 migration_service Invalid serial format: 
WARNING 2025-10-01 23:32:58,889 migration_service Invalid serial format: 
WARNING 2025-10-01 23:32:58,889 migration_service Invalid serial format: 
WARNING 2025-10-01 23:32:58,889 migration_service Invalid serial format: 
WARNING 2025-10-01 23:32:58,889 migration_service Invalid serial format: 
WARNING 2025-10-01 23:32:58,889 migration_service Invalid serial format: 
WARNING 2025-10-01 23:32:58,889 migration_service Invalid serial format: 
WARNING 2025-10-01 23:32:58,890 migration_service Invalid serial format: 
WARNING 2025-10-01 23:32:58,890 migration_service Invalid serial format: 
WARNING 2025-10-01 23:32:58,890 migration_service Invalid serial format: 
WARNING 2025-10-01 23:32:58,890 migration_service Invalid serial format: 
WARNING 2025-10-01 23:32:58,890 migration_service Invalid serial format: 
WARNING 2025-10-01 23:32:58,890 migration_service Invalid serial format: 
WARNING 2025-10-01 23:32:58,890 migration_service Invalid serial format: 
WARNING 2025-10-01 23:32:58,890 migration_service Invalid serial format: 
WARNING 2025-10-01 23:32:58,890 migration_service Invalid serial format: 
WARNING 2025-10-01 23:32:58,891 migration_service Invalid serial format: 
WARNING 2025-10-01 23:32:58,891 migration_service Invalid serial format: 
WARNING 2025-10-01 23:32:58,891 migration_service Invalid serial format: 
WARNING 2025-10-01 23:32:58,891 migration_service Invalid serial format: 
WARNING 2025-10-01 23:32:58,891 migration_service Invalid serial format: 
WARNING 2025-10-01 23:32:58,891 migration_service Invalid serial format: 
WARNING 2025-10-01 23:32:58,891 migration_service Invalid serial format: 
WARNING 2025-10-01 23:32:58,891 migration_service Invalid serial format: 
WARNING 2025-10-01 23:32:58,891 migration_service Invalid serial format: 
WARNING 2025-10-01 23:32:58,891 migration_service Invalid serial format: 
WARNING 2025-10-01 23:32:58,891 migration_service Invalid serial format: 
WARNING 2025-10-01 23:32:58,891 migration_service Invalid serial format: 
WARNING 2025-10-01 23:32:58,891 migration_service Invalid serial format: 
WARNING 2025-10-01 23:32:58,891 migration_service Invalid serial format: 
WARNING 2025-10-01 23:32:58,891 migration_service Invalid serial format: 
WARNING 2025-10-01 23:32:58,892 migration_service Invalid serial format: 
WARNING 2025-10-01 23:32:58,892 migration_service Invalid serial format: 
WARNING 2025-10-01 23:32:58,892 migration_service Invalid serial format: 
WARNING 2025-10-01 23:32:58,892 migration_service Invalid serial format: 
WARNING 2025-10-01 23:32:58,892 migration_service Invalid serial format: 
WARNING 2025-10-01 23:32:58,892 migration_service Invalid serial format: 
WARNING 2025-10-01 23:32:58,892 migration_service Invalid serial format: 
WARNING 2025-10-01 23:32:58,892 migration_service Invalid serial format: 
WARNING 2025-10-01 23:32:58,892 migration_service Invalid serial format: 
WARNING 2025-10-01 23:32:58,892 migration_service Invalid serial format: 
WARNING 2025-10-01 23:32:58,892 migration_service Invalid serial format: 
WARNING 2025-10-01 23:32:58,892 migration_service Invalid serial format: 
WARNING 2025-10-01 23:32:58,892 migration_service Invalid serial format: 
WARNING 2025-10-01 23:32:58,892 migration_service Invalid serial format: 
WARNING 2025-10-01 23:32:58,892 migration_service Invalid serial format: 
WARNING 2025-10-01 23:32:58,892 migration_service Invalid serial format: 
WARNING 2025-10-01 23:32:58,893 migration_service Invalid serial format: 
WARNING 2025-10-01 23:32:58,893 migration_service Invalid serial format: 
WARNING 2025-10-01 23:32:58,893 migration_service Invalid serial format: 
WARNING 2025-10-01 23:32:58,893 migration_service Invalid serial format: 
WARNING 2025-10-01 23:32:58,893 migration_service Invalid serial format: 
WARNING 2025-10-01 23:32:58,893 migration_service Invalid serial format: 
WARNING 2025-10-01 23:32:58,893 migration_service Invalid serial format: 
WARNING 2025-10-01 23:32:58,893 migration_service Invalid serial format: 
WARNING 2025-10-01 23:32:58,893 migration_service Invalid serial format: 
WARNING 2025-10-01 23:32:58,893 migration_service Invalid serial format: 
WARNING 2025-10-01 23:32:58,893 migration_service Invalid serial format: 
WARNING 2025-10-01 23:32:58,894 migration_service Invalid serial format: 
WARNING 2025-10-01 23:32:58,894 migration_service Invalid serial format: 
WARNING 2025-10-01 23:32:58,894 migration_service Invalid serial format: 
WARNING 2025-10-01 23:32:58,894 migration_service Invalid serial format: 
WARNING 2025-10-01 23:32:58,894 migration_service Invalid serial format: 
WARNING 2025-10-01 23:32:58,894 migration_service Invalid serial format: 
WARNING 2025-10-01 23:32:58,894 migration_service Invalid serial format: 
WARNING 2025-10-01 23:32:58,894 migration_service Invalid serial format: 
WARNING 2025-10-01 23:32:58,894 migration_service Invalid serial format: 
WARNING 2025-10-01 23:32:58,894 migration_service Invalid serial format: 
WARNING 2025-10-01 23:32:58,894 migration_service Invalid serial format: 
WARNING 2025-10-01 23:32:58,894 migration_service Invalid serial format: 
WARNING 2025-10-01 23:32:58,895 migration_service Invalid serial format: 
WARNING 2025-10-01 23:32:58,895 migration_service Invalid serial format: 
WARNING 2025-10-01 23:32:58,895 migration_service Invalid serial format: 
WARNING 2025-10-01 23:32:58,895 migration_service Invalid serial format: 
WARNING 2025-10-01 23:32:58,895 migration_service Invalid serial format: 
WARNING 2025-10-01 23:32:58,895 migration_service Invalid serial format: 
WARNING 2025-10-01 23:32:58,895 migration_service Invalid serial format: 
WARNING 2025-10-01 23:32:58,895 migration_service Invalid serial format: 
WARNING 2025-10-01 23:32:58,895 migration_service Invalid serial format: 
WARNING 2025-10-01 23:32:58,895 migration_service Invalid serial format: 
WARNING 2025-10-01 23:32:58,896 migration_service Invalid serial format: 
WARNING 2025-10-01 23:32:58,896 migration_service Invalid serial format: 
WARNING 2025-10-01 23:32:58,896 migration_service Invalid serial format: 
WARNING 2025-10-01 23:32:58,896 migration_service Invalid serial format: 
WARNING 2025-10-01 23:32:58,896 migration_service Invalid serial format: 
WARNING 2025-10-01 23:32:58,896 migration_service Invalid serial format: 
WARNING 2025-10-01 23:32:58,896 migration_service Invalid serial format: 
WARNING 2025-10-01 23:32:58,896 migration_service Invalid serial format: 
WARNING 2025-10-01 23:32:58,896 migration_service Invalid serial format: 
WARNING 2025-10-01 23:32:58,896 migration_service Invalid serial format: 
WARNING 2025-10-01 23:32:58,896 migration_service Invalid serial format: 
WARNING 2025-10-01 23:32:58,897 migration_service Invalid serial format: 
WARNING 2025-10-01 23:32:58,897 migration_service Invalid serial format: 
WARNING 2025-10-01 23:32:58,897 migration_service Invalid serial format: 
WARNING 2025-10-01 23:32:58,897 migration_service Invalid serial format: 
WARNING 2025-10-01 23:32:58,897 migration_service Invalid serial format: 
WARNING 2025-10-01 23:32:58,897 migration_service Invalid serial format: 
WARNING 2025-10-01 23:32:58,897 migration_service Invalid serial format: 
WARNING 2025-10-01 23:32:58,897 migration_service Invalid serial format: 
WARNING 2025-10-01 23:32:58,897 migration_service Invalid serial format: 
WARNING 2025-10-01 23:32:58,897 migration_service Invalid serial format: 
WARNING 2025-10-01 23:32:58,897 migration_service Invalid serial format: 
WARNING 2025-10-01 23:32:58,897 migration_service Invalid serial format: 
WARNING 2025-10-01 23:32:58,897 migration_service Invalid serial format: 
WARNING 2025-10-01 23:32:58,897 migration_service Invalid serial format: 
WARNING 2025-10-01 23:32:58,898 migration_service Invalid serial format: 
WARNING 2025-10-01 23:32:58,898 migration_service Invalid serial format: 
WARNING 2025-10-01 23:32:58,898 migration_service Invalid serial format: 
WARNING 2025-10-01 23:32:58,898 migration_service Invalid serial format: 
WARNING 2025-10-01 23:32:58,898 migration_service Invalid serial format: 
WARNING 2025-10-01 23:32:58,898 migration_service Invalid serial format: 
WARNING 2025-10-01 23:32:58,898 migration_service Invalid serial format: 
WARNING 2025-10-01 23:32:58,898 migration_service Invalid serial format: 
WARNING 2025-10-01 23:32:58,898 migration_service Invalid serial format: 
WARNING 2025-10-01 23:32:58,898 migration_service Invalid serial format: 
WARNING 2025-10-01 23:32:58,898 migration_service Invalid serial format: 
WARNING 2025-10-01 23:32:58,898 migration_service Invalid serial format: 
WARNING 2025-10-01 23:32:58,898 migration_service Invalid serial format: 
WARNING 2025-10-01 23:32:58,898 migration_service Invalid serial format: 
WARNING 2025-10-01 23:32:58,898 migration_service Invalid serial format: 
WARNING 2025-10-01 23:32:58,898 migration_service Invalid serial format: 
WARNING 2025-10-01 23:32:58,898 migration_service Invalid serial format: 
WARNING 2025-10-01 23:32:58,898 migration_service Invalid serial format: 
WARNING 2025-10-01 23:32:58,898 migration_service Invalid serial format: 
WARNING 2025-10-01 23:32:58,898 migration_service Invalid serial format: 
WARNING 2025-10-01 23:32:58,899 migration_service Invalid serial format: 
WARNING 2025-10-01 23:32:58,899 migration_service Invalid serial format: 
WARNING 2025-10-01 23:32:58,899 migration_service Invalid serial format: 
WARNING 2025-10-01 23:32:58,899 migration_service Invalid serial format: 
WARNING 2025-10-01 23:32:58,899 migration_service Invalid serial format: 
WARNING 2025-10-01 23:32:58,899 migration_service Invalid serial format: 
WARNING 2025-10-01 23:32:58,899 migration_service Invalid serial format: 
WARNING 2025-10-01 23:32:58,899 migration_service Invalid serial format: 
WARNING 2025-10-01 23:32:58,899 migration_service Invalid serial format: 
WARNING 2025-10-01 23:32:58,899 migration_service Invalid serial format: 
WARNING 2025-10-01 23:32:58,899 migration_service Invalid serial format: 
WARNING 2025-10-01 23:32:58,899 migration_service Invalid serial format: 
WARNING 2025-10-01 23:32:58,899 migration_service Invalid serial format: 
WARNING 2025-10-01 23:32:58,899 migration_service Invalid serial format: 
WARNING 2025-10-01 23:32:58,899 migration_service Invalid serial format: 
WARNING 2025-10-01 23:32:58,899 migration_service Invalid serial format: 
WARNING 2025-10-01 23:32:58,899 migration_service Invalid serial format: 
WARNING 2025-10-01 23:32:58,899 migration_service Invalid serial format: 
WARNING 2025-10-01 23:32:58,899 migration_service Invalid serial format: 
WARNING 2025-10-01 23:32:58,900 migration_service Invalid serial format: 
WARNING 2025-10-01 23:32:58,900 migration_service Invalid serial format: 
WARNING 2025-10-01 23:32:58,900 migration_service Invalid serial format: 
WARNING 2025-10-01 23:32:58,900 migration_service Invalid serial format: 
WARNING 2025-10-01 23:32:58,900 migration_service Invalid serial format: 
WARNING 2025-10-01 23:32:58,900 migration_service Invalid serial format: 
WARNING 2025-10-01 23:32:58,900 migration_service Invalid serial format: 
WARNING 2025-10-01 23:32:58,900 migration_service Invalid serial format: 
WARNING 2025-10-01 23:32:58,900 migration_service Invalid serial format: 
WARNING 2025-10-01 23:32:58,900 migration_service Invalid serial format: 
WARNING 2025-10-01 23:32:58,900 migration_service Invalid serial format: 
WARNING 2025-10-01 23:32:58,900 migration_service Invalid serial format: 
WARNING 2025-10-01 23:32:58,900 migration_service Invalid serial format: 
WARNING 2025-10-01 23:32:58,900 migration_service Invalid serial format: 
WARNING 2025-10-01 23:32:58,900 migration_service Invalid serial format: 
WARNING 2025-10-01 23:32:58,900 migration_service Invalid serial format: 
WARNING 2025-10-01 23:32:58,900 migration_service Invalid serial format: 
WARNING 2025-10-01 23:32:58,900 migration_service Invalid serial format: 
WARNING 2025-10-01 23:32:58,900 migration_service Invalid serial format: 
WARNING 2025-10-01 23:32:58,900 migration_service Invalid serial format: 
WARNING 2025-10-01 23:32:58,901 migration_service Invalid serial format: 
WARNING 2025-10-01 23:32:58,901 migration_service Invalid serial format: 
WARNING 2025-10-01 23:32:58,901 migration_service Invalid serial format: 
WARNING 2025-10-01 23:32:58,901 migration_service Invalid serial format: 
WARNING 2025-10-01 23:32:58,901 migration_service Invalid serial format: 
WARNING 2025-10-01 23:32:58,901 migration_service Invalid serial format: 
WARNING 2025-10-01 23:32:58,901 migration_service Invalid serial format: 
WARNING 2025-10-01 23:32:58,901 migration_service Invalid serial format: 
WARNING 2025-10-01 23:32:58,901 migration_service Invalid serial format: 
WARNING 2025-10-01 23:32:58,901 migration_service Invalid serial format: 
WARNING 2025-10-01 23:32:58,901 migration_service Invalid serial format: 
WARNING 2025-10-01 23:32:58,901 migration_service Invalid serial format: 
WARNING 2025-10-01 23:32:58,901 migration_service Invalid serial format: 
WARNING 2025-10-01 23:32:58,901 migration_service Invalid serial format: 
WARNING 2025-10-01 23:32:58,901 migration_service Invalid serial format: 
WARNING 2025-10-01 23:32:58,901 migration_service Invalid serial format: 
WARNING 2025-10-01 23:32:58,901 migration_service Invalid serial format: 
WARNING 2025-10-01 23:32:58,901 migration_service Invalid serial format: 
WARNING 2025-10-01 23:32:58,901 migration_service Invalid serial format: 
WARNING 2025-10-01 23:32:58,901 migration_service Invalid serial format: 
WARNING 2025-10-01 23:32:58,902 migration_service Invalid serial format: 
WARNING 2025-10-01 23:32:58,902 migration_service Invalid serial format: 
WARNING 2025-10-01 23:32:58,902 migration_service Invalid serial format: 
WARNING 2025-10-01 23:32:58,902 migration_service Invalid serial format: 
WARNING 2025-10-01 23:32:58,902 migration_service Invalid serial format: 
WARNING 2025-10-01 23:32:58,902 migration_service Invalid serial format: 
WARNING 2025-10-01 23:32:58,902 migration_service Invalid serial format: 
WARNING 2025-10-01 23:32:58,902 migration_service Invalid serial format: 
WARNING 2025-10-01 23:32:58,902 migration_service Invalid serial format: 
WARNING 2025-10-01 23:32:58,902 migration_service Invalid serial format: 
WARNING 2025-10-01 23:32:58,902 migration_service Invalid serial format: 
WARNING 2025-10-01 23:32:58,902 migration_service Invalid serial format: 
WARNING 2025-10-01 23:32:58,902 migration_service Invalid serial format: 
WARNING 2025-10-01 23:32:58,902 migration_service Invalid serial format: 
WARNING 2025-10-01 23:32:58,902 migration_service Invalid serial format: 
WARNING 2025-10-01 23:32:58,902 migration_service Invalid serial format: 
WARNING 2025-10-01 23:32:58,902 migration_service Invalid serial format: 
WARNING 2025-10-01 23:32:58,902 migration_service Invalid serial format: 
WARNING 2025-10-01 23:32:58,903 migration_service Invalid serial format: 
WARNING 2025-10-01 23:32:58,903 migration_service Invalid serial format: 
WARNING 2025-10-01 23:32:58,903 migration_service Invalid serial format: 
WARNING 2025-10-01 23:32:58,903 migration_service Invalid serial format: 
WARNING 2025-10-01 23:32:58,903 migration_service Invalid serial format: 
WARNING 2025-10-01 23:32:58,903 migration_service Invalid serial format: 
WARNING 2025-10-01 23:32:58,903 migration_service Invalid serial format: 
WARNING 2025-10-01 23:32:58,903 migration_service Invalid serial format: 
WARNING 2025-10-01 23:32:58,903 migration_service Invalid serial format: 
WARNING 2025-10-01 23:32:58,903 migration_service Invalid serial format: 
WARNING 2025-10-01 23:32:58,903 migration_service Invalid serial format: 
WARNING 2025-10-01 23:32:58,903 migration_service Invalid serial format: 
WARNING 2025-10-01 23:32:58,903 migration_service Invalid serial format: 
WARNING 2025-10-01 23:32:58,903 migration_service Invalid serial format: 
WARNING 2025-10-01 23:32:58,903 migration_service Invalid serial format: 
WARNING 2025-10-01 23:32:58,903 migration_service Invalid serial format: 
WARNING 2025-10-01 23:32:58,903 migration_service Invalid serial format: 
WARNING 2025-10-01 23:32:58,903 migration_service Invalid serial format: 
WARNING 2025-10-01 23:32:58,904 migration_service Invalid serial format: 
WARNING 2025-10-01 23:32:58,904 migration_service Invalid serial format: 
WARNING 2025-10-01 23:32:58,904 migration_service Invalid serial format: 
WARNING 2025-10-01 23:32:58,904 migration_service Invalid serial format: 
WARNING 2025-10-01 23:32:58,904 migration_service Invalid serial format: 
WARNING 2025-10-01 23:32:58,904 migration_service Invalid serial format: 
WARNING 2025-10-01 23:32:58,904 migration_service Invalid serial format: 
WARNING 2025-10-01 23:32:58,904 migration_service Invalid serial format: 
WARNING 2025-10-01 23:32:58,904 migration_service Invalid serial format: 
WARNING 2025-10-01 23:32:58,904 migration_service Invalid serial format: 
WARNING 2025-10-01 23:32:58,904 migration_service Invalid serial format: 
WARNING 2025-10-01 23:32:58,904 migration_service Invalid serial format: 
WARNING 2025-10-01 23:32:58,904 migration_service Invalid serial format: 
WARNING 2025-10-01 23:32:58,904 migration_service Invalid serial format: 
WARNING 2025-10-01 23:32:58,904 migration_service Invalid serial format: 
WARNING 2025-10-01 23:32:58,904 migration_service Invalid serial format: 
WARNING 2025-10-01 23:32:58,905 migration_service Invalid serial format: 
WARNING 2025-10-01 23:32:58,905 migration_service Invalid serial format: 
WARNING 2025-10-01 23:32:58,905 migration_service Invalid serial format: 
WARNING 2025-10-01 23:32:58,905 migration_service Invalid serial format: 
WARNING 2025-10-01 23:32:58,905 migration_service Invalid serial format: 
WARNING 2025-10-01 23:32:58,905 migration_service Invalid serial format: 
WARNING 2025-10-01 23:32:58,905 migration_service Invalid serial format: 
WARNING 2025-10-01 23:32:58,905 migration_service Invalid serial format: 
WARNING 2025-10-01 23:32:58,905 migration_service Invalid serial format: 
WARNING 2025-10-01 23:32:58,905 migration_service Invalid serial format: 
WARNING 2025-10-01 23:32:58,905 migration_service Invalid serial format: 
WARNING 2025-10-01 23:32:58,905 migration_service Invalid serial format: 
WARNING 2025-10-01 23:32:58,905 migration_service Invalid serial format: 
WARNING 2025-10-01 23:32:58,905 migration_service Invalid serial format: 
WARNING 2025-10-01 23:32:58,905 migration_service Invalid serial format: 
WARNING 2025-10-01 23:32:58,905 migration_service Invalid serial format: 
WARNING 2025-10-01 23:32:58,905 migration_service Invalid serial format: 
WARNING 2025-10-01 23:32:58,906 migration_service Invalid serial format: 
WARNING 2025-10-01 23:32:58,906 migration_service Invalid serial format: 
WARNING 2025-10-01 23:32:58,906 migration_service Invalid serial format: 
WARNING 2025-10-01 23:32:58,906 migration_service Invalid serial format: 
WARNING 2025-10-01 23:32:58,906 migration_service Invalid serial format: 
WARNING 2025-10-01 23:32:58,906 migration_service Invalid serial format: 
WARNING 2025-10-01 23:32:58,906 migration_service Invalid serial format: 
WARNING 2025-10-01 23:32:58,906 migration_service Invalid serial format: 
WARNING 2025-10-01 23:32:58,906 migration_service Invalid serial format: 
WARNING 2025-10-01 23:32:58,906 migration_service Invalid serial format: 
WARNING 2025-10-01 23:32:58,906 migration_service Invalid serial format: 
WARNING 2025-10-01 23:32:58,906 migration_service Invalid serial format: 
WARNING 2025-10-01 23:32:58,906 migration_service Invalid serial format: 
WARNING 2025-10-01 23:32:58,906 migration_service Invalid serial format: 
WARNING 2025-10-01 23:32:58,906 migration_service Invalid serial format: 
WARNING 2025-10-01 23:32:58,906 migration_service Invalid serial format: 
WARNING 2025-10-01 23:32:58,906 migration_service Invalid serial format: 
WARNING 2025-10-01 23:32:58,906 migration_service Invalid serial format: 
WARNING 2025-10-01 23:32:58,907 migration_service Invalid serial format: 
WARNING 2025-10-01 23:32:58,907 migration_service Invalid serial format: 
WARNING 2025-10-01 23:32:58,907 migration_service Invalid serial format: 
WARNING 2025-10-01 23:32:58,907 migration_service Invalid serial format: 
WARNING 2025-10-01 23:32:58,907 migration_service Invalid serial format: 
WARNING 2025-10-01 23:32:58,907 migration_service Invalid serial format: 
WARNING 2025-10-01 23:32:58,907 migration_service Invalid serial format: 
WARNING 2025-10-01 23:32:58,907 migration_service Invalid serial format: 
WARNING 2025-10-01 23:32:58,907 migration_service Invalid serial format: 
WARNING 2025-10-01 23:32:58,907 migration_service Invalid serial format: 
WARNING 2025-10-01 23:32:58,907 migration_service Invalid serial format: 
WARNING 2025-10-01 23:32:58,907 migration_service Invalid serial format: 
WARNING 2025-10-01 23:32:58,907 migration_service Invalid serial format: 
WARNING 2025-10-01 23:32:58,907 migration_service Invalid serial format: 
WARNING 2025-10-01 23:32:58,907 migration_service Invalid serial format: 
WARNING 2025-10-01 23:32:58,907 migration_service Invalid serial format: 
WARNING 2025-10-01 23:32:58,907 migration_service Invalid serial format: 
WARNING 2025-10-01 23:32:58,908 migration_service Invalid serial format: 
WARNING 2025-10-01 23:32:58,908 migration_service Invalid serial format: 
WARNING 2025-10-01 23:32:58,908 migration_service Invalid serial format: 
WARNING 2025-10-01 23:32:58,908 migration_service Invalid serial format: 
WARNING 2025-10-01 23:32:58,908 migration_service Invalid serial format: 
WARNING 2025-10-01 23:32:58,908 migration_service Invalid serial format: 
WARNING 2025-10-01 23:32:58,908 migration_service Invalid serial format: 
WARNING 2025-10-01 23:32:58,908 migration_service Invalid serial format: 
WARNING 2025-10-01 23:32:58,908 migration_service Invalid serial format: 
WARNING 2025-10-01 23:32:58,908 migration_service Invalid serial format: 
WARNING 2025-10-01 23:32:58,908 migration_service Invalid serial format: 
WARNING 2025-10-01 23:32:58,908 migration_service Invalid serial format: 
WARNING 2025-10-01 23:32:58,908 migration_service Invalid serial format: 
WARNING 2025-10-01 23:32:58,908 migration_service Invalid serial format: 
WARNING 2025-10-01 23:32:58,908 migration_service Invalid serial format: 
WARNING 2025-10-01 23:32:58,908 migration_service Invalid serial format: 
WARNING 2025-10-01 23:32:58,909 migration_service Invalid serial format: 
WARNING 2025-10-01 23:32:58,909 migration_service Invalid serial format: 
WARNING 2025-10-01 23:32:58,909 migration_service Invalid serial format: 
WARNING 2025-10-01 23:32:58,909 migration_service Invalid serial format: 
WARNING 2025-10-01 23:32:58,909 migration_service Invalid serial format: 
WARNING 2025-10-01 23:32:58,909 migration_service Invalid serial format: 
WARNING 2025-10-01 23:32:58,909 migration_service Invalid serial format: 
WARNING 2025-10-01 23:32:58,909 migration_service Invalid serial format: 
WARNING 2025-10-01 23:32:58,909 migration_service Invalid serial format: 
WARNING 2025-10-01 23:32:58,909 migration_service Invalid serial format: 
WARNING 2025-10-01 23:32:58,909 migration_service Invalid serial format: 
WARNING 2025-10-01 23:32:58,909 migration_service Invalid serial format: 
WARNING 2025-10-01 23:32:58,909 migration_service Invalid serial format: 
WARNING 2025-10-01 23:32:58,909 migration_service Invalid serial format: 
WARNING 2025-10-01 23:32:58,909 migration_service Invalid serial format: 
WARNING 2025-10-01 23:32:58,910 migration_service Invalid serial format: 
WARNING 2025-10-01 23:32:58,910 migration_service Invalid serial format: 
WARNING 2025-10-01 23:32:58,910 migration_service Invalid serial format: 
WARNING 2025-10-01 23:32:58,910 migration_service Invalid serial format: 
WARNING 2025-10-01 23:32:58,910 migration_service Invalid serial format: 
WARNING 2025-10-01 23:32:58,910 migration_service Invalid serial format: 
WARNING 2025-10-01 23:32:58,910 migration_service Invalid serial format: 
WARNING 2025-10-01 23:32:58,910 migration_service Invalid serial format: 
WARNING 2025-10-01 23:32:58,910 migration_service Invalid serial format: 
WARNING 2025-10-01 23:32:58,910 migration_service Invalid serial format: 
WARNING 2025-10-01 23:32:58,910 migration_service Invalid serial format: 
WARNING 2025-10-01 23:32:58,910 migration_service Invalid serial format: 
WARNING 2025-10-01 23:32:58,910 migration_service Invalid serial format: 
WARNING 2025-10-01 23:32:58,910 migration_service Invalid serial format: 
WARNING 2025-10-01 23:32:58,910 migration_service Invalid serial format: 
WARNING 2025-10-01 23:32:58,910 migration_service Invalid serial format: 
WARNING 2025-10-01 23:32:58,910 migration_service Invalid serial format: 
WARNING 2025-10-01 23:32:58,911 migration_service Invalid serial format: 
WARNING 2025-10-01 23:32:58,911 migration_service Invalid serial format: 
WARNING 2025-10-01 23:32:58,911 migration_service Invalid serial format: 
WARNING 2025-10-01 23:32:58,911 migration_service Invalid serial format: 
WARNING 2025-10-01 23:32:58,911 migration_service Invalid serial format: 
WARNING 2025-10-01 23:32:58,911 migration_service Invalid serial format: 
WARNING 2025-10-01 23:32:58,911 migration_service Invalid serial format: 
WARNING 2025-10-01 23:32:58,911 migration_service Invalid serial format: 
WARNING 2025-10-01 23:32:58,911 migration_service Invalid serial format: 
WARNING 2025-10-01 23:32:58,911 migration_service Invalid serial format: 
WARNING 2025-10-01 23:32:58,911 migration_service Invalid serial format: 
WARNING 2025-10-01 23:32:58,911 migration_service Invalid serial format: 
WARNING 2025-10-01 23:32:58,911 migration_service Invalid serial format: 
WARNING 2025-10-01 23:32:58,911 migration_service Invalid serial format: 
WARNING 2025-10-01 23:32:58,911 migration_service Invalid serial format: 
WARNING 2025-10-01 23:32:58,911 migration_service Invalid serial format: 
WARNING 2025-10-01 23:32:58,912 migration_service Invalid serial format: 
WARNING 2025-10-01 23:32:58,912 migration_service Invalid serial format: 
WARNING 2025-10-01 23:32:58,912 migration_service Invalid serial format: 
WARNING 2025-10-01 23:32:58,912 migration_service Invalid serial format: 
WARNING 2025-10-01 23:32:58,912 migration_service Invalid serial format: 
WARNING 2025-10-01 23:32:58,912 migration_service Invalid serial format: 
WARNING 2025-10-01 23:32:58,912 migration_service Invalid serial format: 
WARNING 2025-10-01 23:32:58,912 migration_service Invalid serial format: 
WARNING 2025-10-01 23:32:58,912 migration_service Invalid serial format: 
WARNING 2025-10-01 23:32:58,912 migration_service Invalid serial format: 
WARNING 2025-10-01 23:32:58,912 migration_service Invalid serial format: 
WARNING 2025-10-01 23:32:58,912 migration_service Invalid serial format: 
WARNING 2025-10-01 23:32:58,912 migration_service Invalid serial format: 
WARNING 2025-10-01 23:32:58,912 migration_service Invalid serial format: 
WARNING 2025-10-01 23:32:58,912 migration_service Invalid serial format: 
WARNING 2025-10-01 23:32:58,913 migration_service Invalid serial format: 
WARNING 2025-10-01 23:32:58,913 migration_service Invalid serial format: 
WARNING 2025-10-01 23:32:58,913 migration_service Invalid serial format: 
WARNING 2025-10-01 23:32:58,913 migration_service Invalid serial format: 
WARNING 2025-10-01 23:32:58,913 migration_service Invalid serial format: 
WARNING 2025-10-01 23:32:58,913 migration_service Invalid serial format: 
WARNING 2025-10-01 23:32:58,913 migration_service Invalid serial format: 
WARNING 2025-10-01 23:32:58,913 migration_service Invalid serial format: 
WARNING 2025-10-01 23:32:58,913 migration_service Invalid serial format: 
WARNING 2025-10-01 23:32:58,913 migration_service Invalid serial format: 
WARNING 2025-10-01 23:32:58,913 migration_service Invalid serial format: 
WARNING 2025-10-01 23:32:58,913 migration_service Invalid serial format: 
WARNING 2025-10-01 23:32:58,913 migration_service Invalid serial format: 
WARNING 2025-10-01 23:32:58,914 migration_service Invalid serial format: 
WARNING 2025-10-01 23:32:58,914 migration_service Invalid serial format: 
WARNING 2025-10-01 23:32:58,914 migration_service Invalid serial format: 
WARNING 2025-10-01 23:32:58,914 migration_service Invalid serial format: 
WARNING 2025-10-01 23:32:58,914 migration_service Invalid serial format: 
WARNING 2025-10-01 23:32:58,914 migration_service Invalid serial format: 
WARNING 2025-10-01 23:32:58,914 migration_service Invalid serial format: 
WARNING 2025-10-01 23:32:58,914 migration_service Invalid serial format: 
WARNING 2025-10-01 23:32:58,914 migration_service Invalid serial format: 
WARNING 2025-10-01 23:32:58,914 migration_service Invalid serial format: 
WARNING 2025-10-01 23:32:58,914 migration_service Invalid serial format: 
WARNING 2025-10-01 23:32:58,914 migration_service Invalid serial format: 
WARNING 2025-10-01 23:32:58,914 migration_service Invalid serial format: 
WARNING 2025-10-01 23:32:58,914 migration_service Invalid serial format: 
WARNING 2025-10-01 23:32:58,914 migration_service Invalid serial format: 
WARNING 2025-10-01 23:32:58,915 migration_service Invalid serial format: 
WARNING 2025-10-01 23:32:58,915 migration_service Invalid serial format: 
WARNING 2025-10-01 23:32:58,915 migration_service Invalid serial format: 
WARNING 2025-10-01 23:32:58,915 migration_service Invalid serial format: 
WARNING 2025-10-01 23:32:58,915 migration_service Invalid serial format: 
WARNING 2025-10-01 23:32:58,915 migration_service Invalid serial format: 
WARNING 2025-10-01 23:32:58,915 migration_service Invalid serial format: 
WARNING 2025-10-01 23:32:58,915 migration_service Invalid serial format: 
WARNING 2025-10-01 23:32:58,915 migration_service Invalid serial format: 
WARNING 2025-10-01 23:32:58,915 migration_service Invalid serial format: 
WARNING 2025-10-01 23:32:58,915 migration_service Invalid serial format: 
WARNING 2025-10-01 23:32:58,915 migration_service Invalid serial format: 
WARNING 2025-10-01 23:32:58,915 migration_service Invalid serial format: 
WARNING 2025-10-01 23:32:58,915 migration_service Invalid serial format: 
WARNING 2025-10-01 23:32:58,916 migration_service Invalid serial format: 
WARNING 2025-10-01 23:32:58,916 migration_service Invalid serial format: 
WARNING 2025-10-01 23:32:58,916 migration_service Invalid serial format: 
WARNING 2025-10-01 23:32:58,916 migration_service Invalid serial format: 
WARNING 2025-10-01 23:32:58,916 migration_service Invalid serial format: 
WARNING 2025-10-01 23:32:58,916 migration_service Invalid serial format: 
WARNING 2025-10-01 23:32:58,916 migration_service Invalid serial format: 
WARNING 2025-10-01 23:32:58,916 migration_service Invalid serial format: 
WARNING 2025-10-01 23:32:58,916 migration_service Invalid serial format: 
WARNING 2025-10-01 23:32:58,916 migration_service Invalid serial format: 
WARNING 2025-10-01 23:32:58,916 migration_service Invalid serial format: 
WARNING 2025-10-01 23:32:58,916 migration_service Invalid serial format: 
WARNING 2025-10-01 23:32:58,916 migration_service Invalid serial format: 
WARNING 2025-10-01 23:32:58,916 migration_service Invalid serial format: 
WARNING 2025-10-01 23:32:58,916 migration_service Invalid serial format: 
WARNING 2025-10-01 23:32:58,917 migration_service Invalid serial format: 
WARNING 2025-10-01 23:32:58,917 migration_service Invalid serial format: 
WARNING 2025-10-01 23:32:58,917 migration_service Invalid serial format: 
WARNING 2025-10-01 23:32:58,917 migration_service Invalid serial format: 
WARNING 2025-10-01 23:32:58,917 migration_service Invalid serial format: 
WARNING 2025-10-01 23:32:58,917 migration_service Invalid serial format: 
WARNING 2025-10-01 23:32:58,917 migration_service Invalid serial format: 
WARNING 2025-10-01 23:32:58,917 migration_service Invalid serial format: 
WARNING 2025-10-01 23:32:58,917 migration_service Invalid serial format: 
WARNING 2025-10-01 23:32:58,917 migration_service Invalid serial format: 
WARNING 2025-10-01 23:32:58,917 migration_service Invalid serial format: 
WARNING 2025-10-01 23:32:58,917 migration_service Invalid serial format: 
WARNING 2025-10-01 23:32:58,917 migration_service Invalid serial format: 
WARNING 2025-10-01 23:32:58,917 migration_service Invalid serial format: 
WARNING 2025-10-01 23:32:58,917 migration_service Invalid serial format: 
WARNING 2025-10-01 23:32:58,918 migration_service Invalid serial format: 
WARNING 2025-10-01 23:32:58,918 migration_service Invalid serial format: 
WARNING 2025-10-01 23:32:58,918 migration_service Invalid serial format: 
WARNING 2025-10-01 23:32:58,918 migration_service Invalid serial format: 
WARNING 2025-10-01 23:32:58,918 migration_service Invalid serial format: 
WARNING 2025-10-01 23:32:58,918 migration_service Invalid serial format: 
WARNING 2025-10-01 23:32:58,918 migration_service Invalid serial format: 
WARNING 2025-10-01 23:32:58,918 migration_service Invalid serial format: 
WARNING 2025-10-01 23:32:58,918 migration_service Invalid serial format: 
WARNING 2025-10-01 23:32:58,918 migration_service Invalid serial format: 
WARNING 2025-10-01 23:32:58,918 migration_service Invalid serial format: 
WARNING 2025-10-01 23:32:58,918 migration_service Invalid serial format: 
WARNING 2025-10-01 23:32:58,918 migration_service Invalid serial format: 
WARNING 2025-10-01 23:32:58,918 migration_service Invalid serial format: 
WARNING 2025-10-01 23:32:58,919 migration_service Invalid serial format: 
WARNING 2025-10-01 23:32:58,919 migration_service Invalid serial format: 
WARNING 2025-10-01 23:32:58,919 migration_service Invalid serial format: 
WARNING 2025-10-01 23:32:58,919 migration_service Invalid serial format: 
WARNING 2025-10-01 23:32:58,919 migration_service Invalid serial format: 
WARNING 2025-10-01 23:32:58,919 migration_service Invalid serial format: 
WARNING 2025-10-01 23:32:58,919 migration_service Invalid serial format: 
WARNING 2025-10-01 23:32:58,919 migration_service Invalid serial format: 
WARNING 2025-10-01 23:32:58,919 migration_service Invalid serial format: 
WARNING 2025-10-01 23:32:58,919 migration_service Invalid serial format: 
WARNING 2025-10-01 23:32:58,919 migration_service Invalid serial format: 
WARNING 2025-10-01 23:32:58,919 migration_service Invalid serial format: 
WARNING 2025-10-01 23:32:58,919 migration_service Invalid serial format: 
WARNING 2025-10-01 23:32:58,919 migration_service Invalid serial format: 
WARNING 2025-10-01 23:32:58,919 migration_service Invalid serial format: 
WARNING 2025-10-01 23:32:58,920 migration_service Invalid serial format: 
WARNING 2025-10-01 23:32:58,920 migration_service Invalid serial format: 
WARNING 2025-10-01 23:32:58,920 migration_service Invalid serial format: 
WARNING 2025-10-01 23:32:58,920 migration_service Invalid serial format: 
WARNING 2025-10-01 23:32:58,920 migration_service Invalid serial format: 
WARNING 2025-10-01 23:32:58,920 migration_service Invalid serial format: 
WARNING 2025-10-01 23:32:58,920 migration_service Invalid serial format: 
WARNING 2025-10-01 23:32:58,920 migration_service Invalid serial format: 
WARNING 2025-10-01 23:32:58,920 migration_service Invalid serial format: 
WARNING 2025-10-01 23:32:58,920 migration_service Invalid serial format: 
WARNING 2025-10-01 23:32:58,920 migration_service Invalid serial format: 
WARNING 2025-10-01 23:32:58,920 migration_service Invalid serial format: 
WARNING 2025-10-01 23:32:58,920 migration_service Invalid serial format: 
WARNING 2025-10-01 23:32:58,920 migration_service Invalid serial format: 
WARNING 2025-10-01 23:32:58,920 migration_service Invalid serial format: 
WARNING 2025-10-01 23:32:58,920 migration_service Invalid serial format: 
WARNING 2025-10-01 23:32:58,921 migration_service Invalid serial format: 
WARNING 2025-10-01 23:32:58,921 migration_service Invalid serial format: 
WARNING 2025-10-01 23:32:58,921 migration_service Invalid serial format: 
WARNING 2025-10-01 23:32:58,921 migration_service Invalid serial format: 
WARNING 2025-10-01 23:32:58,921 migration_service Invalid serial format: 
WARNING 2025-10-01 23:32:58,921 migration_service Invalid serial format: 
WARNING 2025-10-01 23:32:58,921 migration_service Invalid serial format: 
WARNING 2025-10-01 23:32:58,921 migration_service Invalid serial format: 
WARNING 2025-10-01 23:32:58,921 migration_service Invalid serial format: 
WARNING 2025-10-01 23:32:58,921 migration_service Invalid serial format: 
WARNING 2025-10-01 23:32:58,921 migration_service Invalid serial format: 
WARNING 2025-10-01 23:32:58,921 migration_service Invalid serial format: 
WARNING 2025-10-01 23:32:58,921 migration_service Invalid serial format: 
WARNING 2025-10-01 23:32:58,921 migration_service Invalid serial format: 
WARNING 2025-10-01 23:32:58,921 migration_service Invalid serial format: 
WARNING 2025-10-01 23:32:58,921 migration_service Invalid serial format: 
WARNING 2025-10-01 23:32:58,922 migration_service Invalid serial format: 
WARNING 2025-10-01 23:32:58,922 migration_service Invalid serial format: 
WARNING 2025-10-01 23:32:58,922 migration_service Invalid serial format: 
WARNING 2025-10-01 23:32:58,922 migration_service Invalid serial format: 
WARNING 2025-10-01 23:32:58,922 migration_service Invalid serial format: 
WARNING 2025-10-01 23:32:58,922 migration_service Invalid serial format: 
WARNING 2025-10-01 23:32:58,922 migration_service Invalid serial format: 
WARNING 2025-10-01 23:32:58,922 migration_service Invalid serial format: 
WARNING 2025-10-01 23:32:58,922 migration_service Invalid serial format: 
WARNING 2025-10-01 23:32:58,922 migration_service Invalid serial format: 
WARNING 2025-10-01 23:32:58,922 migration_service Invalid serial format: 
WARNING 2025-10-01 23:32:58,922 migration_service Invalid serial format: 
WARNING 2025-10-01 23:32:58,922 migration_service Invalid serial format: 
WARNING 2025-10-01 23:32:58,922 migration_service Invalid serial format: 
WARNING 2025-10-01 23:32:58,923 migration_service Invalid serial format: 
WARNING 2025-10-01 23:32:58,923 migration_service Invalid serial format: 
WARNING 2025-10-01 23:32:58,923 migration_service Invalid serial format: 
WARNING 2025-10-01 23:32:58,923 migration_service Invalid serial format: 
WARNING 2025-10-01 23:32:58,923 migration_service Invalid serial format: 
WARNING 2025-10-01 23:32:58,923 migration_service Invalid serial format: 
WARNING 2025-10-01 23:32:58,923 migration_service Invalid serial format: 
WARNING 2025-10-01 23:32:58,923 migration_service Invalid serial format: 
WARNING 2025-10-01 23:32:58,923 migration_service Invalid serial format: 
WARNING 2025-10-01 23:32:58,923 migration_service Invalid serial format: 
WARNING 2025-10-01 23:32:58,923 migration_service Invalid serial format: 
WARNING 2025-10-01 23:32:58,924 migration_service Invalid serial format: 
WARNING 2025-10-01 23:32:58,924 migration_service Invalid serial format: 
WARNING 2025-10-01 23:32:58,924 migration_service Invalid serial format: 
WARNING 2025-10-01 23:32:58,924 migration_service Invalid serial format: 
WARNING 2025-10-01 23:32:58,924 migration_service Invalid serial format: 
WARNING 2025-10-01 23:32:58,924 migration_service Invalid serial format: 
WARNING 2025-10-01 23:32:58,924 migration_service Invalid serial format: 
WARNING 2025-10-01 23:32:58,924 migration_service Invalid serial format: 
WARNING 2025-10-01 23:32:58,924 migration_service Invalid serial format: 
WARNING 2025-10-01 23:32:58,924 migration_service Invalid serial format: 
WARNING 2025-10-01 23:32:58,924 migration_service Invalid serial format: 
WARNING 2025-10-01 23:32:58,925 migration_service Invalid serial format: 
WARNING 2025-10-01 23:32:58,925 migration_service Invalid serial format: 
WARNING 2025-10-01 23:32:58,925 migration_service Invalid serial format: 
WARNING 2025-10-01 23:32:58,925 migration_service Invalid serial format: 
WARNING 2025-10-01 23:32:58,925 migration_service Invalid serial format: 
WARNING 2025-10-01 23:32:58,925 migration_service Invalid serial format: 
WARNING 2025-10-01 23:32:58,925 migration_service Invalid serial format: 
WARNING 2025-10-01 23:32:58,925 migration_service Invalid serial format: 
WARNING 2025-10-01 23:32:58,925 migration_service Invalid serial format: 
WARNING 2025-10-01 23:32:58,925 migration_service Invalid serial format: 
WARNING 2025-10-01 23:32:58,925 migration_service Invalid serial format: 
WARNING 2025-10-01 23:32:58,925 migration_service Invalid serial format: 
WARNING 2025-10-01 23:32:58,925 migration_service Invalid serial format: 
WARNING 2025-10-01 23:32:58,926 migration_service Invalid serial format: 
WARNING 2025-10-01 23:32:58,926 migration_service Invalid serial format: 
WARNING 2025-10-01 23:32:58,926 migration_service Invalid serial format: 
WARNING 2025-10-01 23:32:58,926 migration_service Invalid serial format: 
WARNING 2025-10-01 23:32:58,926 migration_service Invalid serial format: 
WARNING 2025-10-01 23:32:58,926 migration_service Invalid serial format: 
WARNING 2025-10-01 23:32:58,926 migration_service Invalid serial format: 
WARNING 2025-10-01 23:32:58,926 migration_service Invalid serial format: 
WARNING 2025-10-01 23:32:58,926 migration_service Invalid serial format: 
WARNING 2025-10-01 23:32:58,926 migration_service Invalid serial format: 
WARNING 2025-10-01 23:32:58,926 migration_service Invalid serial format: 
WARNING 2025-10-01 23:32:58,926 migration_service Invalid serial format: 
WARNING 2025-10-01 23:32:58,926 migration_service Invalid serial format: 
WARNING 2025-10-01 23:32:58,926 migration_service Invalid serial format: 
WARNING 2025-10-01 23:32:58,926 migration_service Invalid serial format: 
WARNING 2025-10-01 23:32:58,926 migration_service Invalid serial format: 
WARNING 2025-10-01 23:32:58,927 migration_service Invalid serial format: 
WARNING 2025-10-01 23:32:58,927 migration_service Invalid serial format: 
WARNING 2025-10-01 23:32:58,927 migration_service Invalid serial format: 
WARNING 2025-10-01 23:32:58,927 migration_service Invalid serial format: 
WARNING 2025-10-01 23:32:58,927 migration_service Invalid serial format: 
WARNING 2025-10-01 23:32:58,927 migration_service Invalid serial format: 
WARNING 2025-10-01 23:32:58,927 migration_service Invalid serial format: 
WARNING 2025-10-01 23:32:58,927 migration_service Invalid serial format: 
WARNING 2025-10-01 23:32:58,927 migration_service Invalid serial format: 
WARNING 2025-10-01 23:32:58,927 migration_service Invalid serial format: 
WARNING 2025-10-01 23:32:58,927 migration_service Invalid serial format: 
WARNING 2025-10-01 23:32:58,927 migration_service Invalid serial format: 
WARNING 2025-10-01 23:32:58,927 migration_service Invalid serial format: 
WARNING 2025-10-01 23:32:58,927 migration_service Invalid serial format: 
WARNING 2025-10-01 23:32:58,927 migration_service Invalid serial format: 
WARNING 2025-10-01 23:32:58,927 migration_service Invalid serial format: 
WARNING 2025-10-01 23:32:58,927 migration_service Invalid serial format: 
WARNING 2025-10-01 23:32:58,927 migration_service Invalid serial format: 
WARNING 2025-10-01 23:32:58,927 migration_service Invalid serial format: 
WARNING 2025-10-01 23:32:58,927 migration_service Invalid serial format: 
WARNING 2025-10-01 23:32:58,928 migration_service Invalid serial format: 
WARNING 2025-10-01 23:32:58,928 migration_service Invalid serial format: 
WARNING 2025-10-01 23:32:58,928 migration_service Invalid serial format: 
WARNING 2025-10-01 23:32:58,928 migration_service Invalid serial format: 
WARNING 2025-10-01 23:32:58,928 migration_service Invalid serial format: 
WARNING 2025-10-01 23:32:58,928 migration_service Invalid serial format: 
WARNING 2025-10-01 23:32:58,928 migration_service Invalid serial format: 
WARNING 2025-10-01 23:32:58,928 migration_service Invalid serial format: 
WARNING 2025-10-01 23:32:58,928 migration_service Invalid serial format: 
WARNING 2025-10-01 23:32:58,928 migration_service Invalid serial format: 
WARNING 2025-10-01 23:32:58,928 migration_service Invalid serial format: 
WARNING 2025-10-01 23:32:58,928 migration_service Invalid serial format: 
WARNING 2025-10-01 23:32:58,928 migration_service Invalid serial format: 
WARNING 2025-10-01 23:32:58,928 migration_service Invalid serial format: 
WARNING 2025-10-01 23:32:58,928 migration_service Invalid serial format: 
WARNING 2025-10-01 23:32:58,928 migration_service Invalid serial format: 
WARNING 2025-10-01 23:32:58,928 migration_service Invalid serial format: 
WARNING 2025-10-01 23:32:58,928 migration_service Invalid serial format: 
WARNING 2025-10-01 23:32:58,929 migration_service Invalid serial format: 
WARNING 2025-10-01 23:32:58,929 migration_service Invalid serial format: 
WARNING 2025-10-01 23:32:58,929 migration_service Invalid serial format: 
WARNING 2025-10-01 23:32:58,929 migration_service Invalid serial format: 
WARNING 2025-10-01 23:32:58,929 migration_service Invalid serial format: 
WARNING 2025-10-01 23:32:58,929 migration_service Invalid serial format: 
WARNING 2025-10-01 23:32:58,929 migration_service Invalid serial format: 
WARNING 2025-10-01 23:32:58,929 migration_service Invalid serial format: 
WARNING 2025-10-01 23:32:58,929 migration_service Invalid serial format: 
WARNING 2025-10-01 23:32:58,929 migration_service Invalid serial format: 
WARNING 2025-10-01 23:32:58,929 migration_service Invalid serial format: 
WARNING 2025-10-01 23:32:58,929 migration_service Invalid serial format: 
WARNING 2025-10-01 23:32:58,929 migration_service Invalid serial format: 
WARNING 2025-10-01 23:32:58,929 migration_service Invalid serial format: 
WARNING 2025-10-01 23:32:58,929 migration_service Invalid serial format: 
WARNING 2025-10-01 23:32:58,929 migration_service Invalid serial format: 
WARNING 2025-10-01 23:32:58,929 migration_service Invalid serial format: 
WARNING 2025-10-01 23:32:58,929 migration_service Invalid serial format: 
WARNING 2025-10-01 23:32:58,929 migration_service Invalid serial format: 
WARNING 2025-10-01 23:32:58,930 migration_service Invalid serial format: 
WARNING 2025-10-01 23:32:58,930 migration_service Invalid serial format: 
WARNING 2025-10-01 23:32:58,930 migration_service Invalid serial format: 
WARNING 2025-10-01 23:32:58,930 migration_service Invalid serial format: 
WARNING 2025-10-01 23:32:58,930 migration_service Invalid serial format: 
WARNING 2025-10-01 23:32:58,930 migration_service Invalid serial format: 
WARNING 2025-10-01 23:32:58,930 migration_service Invalid serial format: 
WARNING 2025-10-01 23:32:58,930 migration_service Invalid serial format: 
WARNING 2025-10-01 23:32:58,930 migration_service Invalid serial format: 
WARNING 2025-10-01 23:32:58,930 migration_service Invalid serial format: 
WARNING 2025-10-01 23:32:58,930 migration_service Invalid serial format: 
WARNING 2025-10-01 23:32:58,930 migration_service Invalid serial format: 
WARNING 2025-10-01 23:32:58,930 migration_service Invalid serial format: 
WARNING 2025-10-01 23:32:58,930 migration_service Invalid serial format: 
WARNING 2025-10-01 23:32:58,930 migration_service Invalid serial format: 
WARNING 2025-10-01 23:32:58,930 migration_service Invalid serial format: 
WARNING 2025-10-01 23:32:58,930 migration_service Invalid serial format: 
WARNING 2025-10-01 23:32:58,930 migration_service Invalid serial format: 
WARNING 2025-10-01 23:32:58,930 migration_service Invalid serial format: 
WARNING 2025-10-01 23:32:58,931 migration_service Invalid serial format: 
WARNING 2025-10-01 23:32:58,931 migration_service Invalid serial format: 
WARNING 2025-10-01 23:32:58,931 migration_service Invalid serial format: 
WARNING 2025-10-01 23:32:58,931 migration_service Invalid serial format: 
WARNING 2025-10-01 23:32:58,931 migration_service Invalid serial format: 
WARNING 2025-10-01 23:32:58,931 migration_service Invalid serial format: 
WARNING 2025-10-01 23:32:58,931 migration_service Invalid serial format: 
WARNING 2025-10-01 23:32:58,931 migration_service Invalid serial format: 
WARNING 2025-10-01 23:32:58,931 migration_service Invalid serial format: 
WARNING 2025-10-01 23:32:58,931 migration_service Invalid serial format: 
WARNING 2025-10-01 23:32:58,931 migration_service Invalid serial format: 
WARNING 2025-10-01 23:32:58,931 migration_service Invalid serial format: 
WARNING 2025-10-01 23:32:58,931 migration_service Invalid serial format: 
WARNING 2025-10-01 23:32:58,931 migration_service Invalid serial format: 
WARNING 2025-10-01 23:32:58,931 migration_service Invalid serial format: 
WARNING 2025-10-01 23:32:58,931 migration_service Invalid serial format: 
WARNING 2025-10-01 23:32:58,931 migration_service Invalid serial format: 
WARNING 2025-10-01 23:32:58,931 migration_service Invalid serial format: 
WARNING 2025-10-01 23:32:58,931 migration_service Invalid serial format: 
WARNING 2025-10-01 23:32:58,932 migration_service Invalid serial format: 
WARNING 2025-10-01 23:32:58,932 migration_service Invalid serial format: 
WARNING 2025-10-01 23:32:58,932 migration_service Invalid serial format: 
WARNING 2025-10-01 23:32:58,932 migration_service Invalid serial format: 
WARNING 2025-10-01 23:32:58,932 migration_service Invalid serial format: 
WARNING 2025-10-01 23:32:58,932 migration_service Invalid serial format: 
WARNING 2025-10-01 23:32:58,932 migration_service Invalid serial format: 
WARNING 2025-10-01 23:32:58,932 migration_service Invalid serial format: 
WARNING 2025-10-01 23:32:58,932 migration_service Invalid serial format: 
WARNING 2025-10-01 23:32:58,932 migration_service Invalid serial format: 
WARNING 2025-10-01 23:32:58,932 migration_service Invalid serial format: 
WARNING 2025-10-01 23:32:58,932 migration_service Invalid serial format: 
WARNING 2025-10-01 23:32:58,932 migration_service Invalid serial format: 
WARNING 2025-10-01 23:32:58,932 migration_service Invalid serial format: 
WARNING 2025-10-01 23:32:58,932 migration_service Invalid serial format: 
WARNING 2025-10-01 23:32:58,932 migration_service Invalid serial format: 
WARNING 2025-10-01 23:32:58,932 migration_service Invalid serial format: 
WARNING 2025-10-01 23:32:58,932 migration_service Invalid serial format: 
WARNING 2025-10-01 23:32:58,932 migration_service Invalid serial format: 
WARNING 2025-10-01 23:32:58,932 migration_service Invalid serial format: 
WARNING 2025-10-01 23:32:58,933 migration_service Invalid serial format: 
WARNING 2025-10-01 23:32:58,933 migration_service Invalid serial format: 
WARNING 2025-10-01 23:32:58,933 migration_service Invalid serial format: 
WARNING 2025-10-01 23:32:58,933 migration_service Invalid serial format: 
WARNING 2025-10-01 23:32:58,933 migration_service Invalid serial format: 
WARNING 2025-10-01 23:32:58,933 migration_service Invalid serial format: 
WARNING 2025-10-01 23:32:58,933 migration_service Invalid serial format: 
WARNING 2025-10-01 23:32:58,933 migration_service Invalid serial format: 
WARNING 2025-10-01 23:32:58,933 migration_service Invalid serial format: 
WARNING 2025-10-01 23:32:58,933 migration_service Invalid serial format: 
WARNING 2025-10-01 23:32:58,933 migration_service Invalid serial format: 
WARNING 2025-10-01 23:32:58,933 migration_service Invalid serial format: 
WARNING 2025-10-01 23:32:58,933 migration_service Invalid serial format: 
WARNING 2025-10-01 23:32:58,933 migration_service Invalid serial format: 
WARNING 2025-10-01 23:32:58,933 migration_service Invalid serial format: 
WARNING 2025-10-01 23:32:58,933 migration_service Invalid serial format: 
WARNING 2025-10-01 23:32:58,933 migration_service Invalid serial format: 
WARNING 2025-10-01 23:32:58,933 migration_service Invalid serial format: 
WARNING 2025-10-01 23:32:58,933 migration_service Invalid serial format: 
WARNING 2025-10-01 23:32:58,934 migration_service Invalid serial format: 
WARNING 2025-10-01 23:32:58,934 migration_service Invalid serial format: 
WARNING 2025-10-01 23:32:58,934 migration_service Invalid serial format: 
WARNING 2025-10-01 23:32:58,934 migration_service Invalid serial format: 
WARNING 2025-10-01 23:32:58,934 migration_service Invalid serial format: 
WARNING 2025-10-01 23:32:58,934 migration_service Invalid serial format: 
WARNING 2025-10-01 23:32:58,934 migration_service Invalid serial format: 
WARNING 2025-10-01 23:32:58,934 migration_service Invalid serial format: 
WARNING 2025-10-01 23:32:58,934 migration_service Invalid serial format: 
WARNING 2025-10-01 23:32:58,934 migration_service Invalid serial format: 
WARNING 2025-10-01 23:32:58,934 migration_service Invalid serial format: 
WARNING 2025-10-01 23:32:58,934 migration_service Invalid serial format: 
WARNING 2025-10-01 23:32:58,934 migration_service Invalid serial format: 
WARNING 2025-10-01 23:32:58,934 migration_service Invalid serial format: 
WARNING 2025-10-01 23:32:58,934 migration_service Invalid serial format: 
WARNING 2025-10-01 23:32:58,934 migration_service Invalid serial format: 
WARNING 2025-10-01 23:32:58,934 migration_service Invalid serial format: 
WARNING 2025-10-01 23:32:58,934 migration_service Invalid serial format: 
WARNING 2025-10-01 23:32:58,935 migration_service Invalid serial format: 
WARNING 2025-10-01 23:32:58,935 migration_service Invalid serial format: 
WARNING 2025-10-01 23:32:58,935 migration_service Invalid serial format: 
WARNING 2025-10-01 23:32:58,935 migration_service Invalid serial format: 
WARNING 2025-10-01 23:32:58,935 migration_service Invalid serial format: 
WARNING 2025-10-01 23:32:58,935 migration_service Invalid serial format: 
WARNING 2025-10-01 23:32:58,935 migration_service Invalid serial format: 
WARNING 2025-10-01 23:32:58,935 migration_service Invalid serial format: 
WARNING 2025-10-01 23:32:58,935 migration_service Invalid serial format: 
WARNING 2025-10-01 23:32:58,935 migration_service Invalid serial format: 
WARNING 2025-10-01 23:32:58,935 migration_service Invalid serial format: 
WARNING 2025-10-01 23:32:58,935 migration_service Invalid serial format: 
WARNING 2025-10-01 23:32:58,935 migration_service Invalid serial format: 
WARNING 2025-10-01 23:32:58,935 migration_service Invalid serial format: 
WARNING 2025-10-01 23:32:58,935 migration_service Invalid serial format: 
WARNING 2025-10-01 23:32:58,935 migration_service Invalid serial format: 
WARNING 2025-10-01 23:32:58,935 migration_service Invalid serial format: 
WARNING 2025-10-01 23:32:58,935 migration_service Invalid serial format: 
WARNING 2025-10-01 23:32:58,936 migration_service Invalid serial format: 
WARNING 2025-10-01 23:32:58,936 migration_service Invalid serial format: 
WARNING 2025-10-01 23:32:58,936 migration_service Invalid serial format: 
WARNING 2025-10-01 23:32:58,936 migration_service Invalid serial format: 
WARNING 2025-10-01 23:32:58,936 migration_service Invalid serial format: 
WARNING 2025-10-01 23:32:58,936 migration_service Invalid serial format: 
WARNING 2025-10-01 23:32:58,936 migration_service Invalid serial format: 
WARNING 2025-10-01 23:32:58,936 migration_service Invalid serial format: 
WARNING 2025-10-01 23:32:58,936 migration_service Invalid serial format: 
WARNING 2025-10-01 23:32:58,936 migration_service Invalid serial format: 
WARNING 2025-10-01 23:32:58,936 migration_service Invalid serial format: 
WARNING 2025-10-01 23:32:58,936 migration_service Invalid serial format: 
WARNING 2025-10-01 23:32:58,936 migration_service Invalid serial format: 
WARNING 2025-10-01 23:32:58,936 migration_service Invalid serial format: 
WARNING 2025-10-01 23:32:58,936 migration_service Invalid serial format: 
WARNING 2025-10-01 23:32:58,936 migration_service Invalid serial format: 
WARNING 2025-10-01 23:32:58,936 migration_service Invalid serial format: 
WARNING 2025-10-01 23:32:58,936 migration_service Invalid serial format: 
WARNING 2025-10-01 23:32:58,936 migration_service Invalid serial format: 
WARNING 2025-10-01 23:32:58,937 migration_service Invalid serial format: 
WARNING 2025-10-01 23:32:58,937 migration_service Invalid serial format: 
WARNING 2025-10-01 23:32:58,937 migration_service Invalid serial format: 
WARNING 2025-10-01 23:32:58,937 migration_service Invalid serial format: 
WARNING 2025-10-01 23:32:58,937 migration_service Invalid serial format: 
WARNING 2025-10-01 23:32:58,937 migration_service Invalid serial format: 
WARNING 2025-10-01 23:32:58,937 migration_service Invalid serial format: 
WARNING 2025-10-01 23:32:58,937 migration_service Invalid serial format: 
WARNING 2025-10-01 23:32:58,937 migration_service Invalid serial format: 
WARNING 2025-10-01 23:32:58,937 migration_service Invalid serial format: 
WARNING 2025-10-01 23:32:58,937 migration_service Invalid serial format: 
WARNING 2025-10-01 23:32:58,937 migration_service Invalid serial format: 
WARNING 2025-10-01 23:32:58,937 migration_service Invalid serial format: 
WARNING 2025-10-01 23:32:58,937 migration_service Invalid serial format: 
WARNING 2025-10-01 23:32:58,937 migration_service Invalid serial format: 
WARNING 2025-10-01 23:32:58,937 migration_service Invalid serial format: 
WARNING 2025-10-01 23:32:58,937 migration_service Invalid serial format: 
WARNING 2025-10-01 23:32:58,937 migration_service Invalid serial format: 
WARNING 2025-10-01 23:32:58,937 migration_service Invalid serial format: 
WARNING 2025-10-01 23:32:58,938 migration_service Invalid serial format: 
WARNING 2025-10-01 23:32:58,938 migration_service Invalid serial format: 
WARNING 2025-10-01 23:32:58,938 migration_service Invalid serial format: 
WARNING 2025-10-01 23:32:58,938 migration_service Invalid serial format: 
WARNING 2025-10-01 23:32:58,938 migration_service Invalid serial format: 
WARNING 2025-10-01 23:32:58,938 migration_service Invalid serial format: 
WARNING 2025-10-01 23:32:58,938 migration_service Invalid serial format: 
WARNING 2025-10-01 23:32:58,938 migration_service Invalid serial format: 
WARNING 2025-10-01 23:32:58,938 migration_service Invalid serial format: 
WARNING 2025-10-01 23:32:58,938 migration_service Invalid serial format: 
WARNING 2025-10-01 23:32:58,938 migration_service Invalid serial format: 
WARNING 2025-10-01 23:32:58,938 migration_service Invalid serial format: 
WARNING 2025-10-01 23:32:58,938 migration_service Invalid serial format: 
WARNING 2025-10-01 23:32:58,938 migration_service Invalid serial format: 
WARNING 2025-10-01 23:32:58,938 migration_service Invalid serial format: 
WARNING 2025-10-01 23:32:58,938 migration_service Invalid serial format: 
WARNING 2025-10-01 23:32:58,938 migration_service Invalid serial format: 
WARNING 2025-10-01 23:32:58,938 migration_service Invalid serial format: 
WARNING 2025-10-01 23:32:58,938 migration_service Invalid serial format: 
WARNING 2025-10-01 23:32:58,939 migration_service Invalid serial format: 
WARNING 2025-10-01 23:32:58,939 migration_service Invalid serial format: 
WARNING 2025-10-01 23:32:58,939 migration_service Invalid serial format: 
WARNING 2025-10-01 23:32:58,939 migration_service Invalid serial format: 
WARNING 2025-10-01 23:32:58,939 migration_service Invalid serial format: 
WARNING 2025-10-01 23:32:58,939 migration_service Invalid serial format: 
WARNING 2025-10-01 23:32:58,939 migration_service Invalid serial format: 
WARNING 2025-10-01 23:32:58,939 migration_service Invalid serial format: 
WARNING 2025-10-01 23:32:58,939 migration_service Invalid serial format: 
WARNING 2025-10-01 23:32:58,939 migration_service Invalid serial format: 
WARNING 2025-10-01 23:32:58,939 migration_service Invalid serial format: 
WARNING 2025-10-01 23:32:58,939 migration_service Invalid serial format: 
WARNING 2025-10-01 23:32:58,939 migration_service Invalid serial format: 
WARNING 2025-10-01 23:32:58,939 migration_service Invalid serial format: 
WARNING 2025-10-01 23:32:58,939 migration_service Invalid serial format: 
WARNING 2025-10-01 23:32:58,939 migration_service Invalid serial format: 
WARNING 2025-10-01 23:32:58,939 migration_service Invalid serial format: 
WARNING 2025-10-01 23:32:58,939 migration_service Invalid serial format: 
WARNING 2025-10-01 23:32:58,939 migration_service Invalid serial format: 
WARNING 2025-10-01 23:32:58,940 migration_service Invalid serial format: 
WARNING 2025-10-01 23:32:58,940 migration_service Invalid serial format: 
WARNING 2025-10-01 23:32:58,940 migration_service Invalid serial format: 
WARNING 2025-10-01 23:32:58,940 migration_service Invalid serial format: 
WARNING 2025-10-01 23:32:58,940 migration_service Invalid serial format: 
WARNING 2025-10-01 23:32:58,940 migration_service Invalid serial format: 
WARNING 2025-10-01 23:32:58,940 migration_service Invalid serial format: 
WARNING 2025-10-01 23:32:58,940 migration_service Invalid serial format: 
WARNING 2025-10-01 23:32:58,940 migration_service Invalid serial format: 
WARNING 2025-10-01 23:32:58,940 migration_service Invalid serial format: 
WARNING 2025-10-01 23:32:58,940 migration_service Invalid serial format: 
WARNING 2025-10-01 23:32:58,940 migration_service Invalid serial format: 
WARNING 2025-10-01 23:32:58,940 migration_service Invalid serial format: 
WARNING 2025-10-01 23:32:58,940 migration_service Invalid serial format: 
WARNING 2025-10-01 23:32:58,940 migration_service Invalid serial format: 
WARNING 2025-10-01 23:32:58,940 migration_service Invalid serial format: 
WARNING 2025-10-01 23:32:58,940 migration_service Invalid serial format: 
WARNING 2025-10-01 23:32:58,940 migration_service Invalid serial format: 
WARNING 2025-10-01 23:32:58,940 migration_service Invalid serial format: 
WARNING 2025-10-01 23:32:58,940 migration_service Invalid serial format: 
WARNING 2025-10-01 23:32:58,941 migration_service Invalid serial format: 
WARNING 2025-10-01 23:32:58,941 migration_service Invalid serial format: 
WARNING 2025-10-01 23:32:58,941 migration_service Invalid serial format: 
WARNING 2025-10-01 23:32:58,941 migration_service Invalid serial format: 
WARNING 2025-10-01 23:32:58,941 migration_service Invalid serial format: 
WARNING 2025-10-01 23:32:58,941 migration_service Invalid serial format: 
WARNING 2025-10-01 23:32:58,941 migration_service Invalid serial format: 
WARNING 2025-10-01 23:32:58,941 migration_service Invalid serial format: 
WARNING 2025-10-01 23:32:58,941 migration_service Invalid serial format: 
WARNING 2025-10-01 23:32:58,941 migration_service Invalid serial format: 
WARNING 2025-10-01 23:32:58,941 migration_service Invalid serial format: 
WARNING 2025-10-01 23:32:58,941 migration_service Invalid serial format: 
WARNING 2025-10-01 23:32:58,941 migration_service Invalid serial format: 
WARNING 2025-10-01 23:32:58,941 migration_service Invalid serial format: 
WARNING 2025-10-01 23:32:58,941 migration_service Invalid serial format: 
WARNING 2025-10-01 23:32:58,941 migration_service Invalid serial format: 
WARNING 2025-10-01 23:32:58,941 migration_service Invalid serial format: 
WARNING 2025-10-01 23:32:58,941 migration_service Invalid serial format: 
WARNING 2025-10-01 23:32:58,941 migration_service Invalid serial format: 
WARNING 2025-10-01 23:32:58,942 migration_service Invalid serial format: 
WARNING 2025-10-01 23:32:58,942 migration_service Invalid serial format: 
WARNING 2025-10-01 23:32:58,942 migration_service Invalid serial format: 
WARNING 2025-10-01 23:32:58,942 migration_service Invalid serial format: 
WARNING 2025-10-01 23:32:58,942 migration_service Invalid serial format: 
WARNING 2025-10-01 23:32:58,942 migration_service Invalid serial format: 
WARNING 2025-10-01 23:32:58,942 migration_service Invalid serial format: 
WARNING 2025-10-01 23:32:58,942 migration_service Invalid serial format: 
WARNING 2025-10-01 23:32:58,942 migration_service Invalid serial format: 
WARNING 2025-10-01 23:32:58,942 migration_service Invalid serial format: 
WARNING 2025-10-01 23:32:58,942 migration_service Invalid serial format: 
WARNING 2025-10-01 23:32:58,942 migration_service Invalid serial format: 
WARNING 2025-10-01 23:32:58,942 migration_service Invalid serial format: 
WARNING 2025-10-01 23:32:58,942 migration_service Invalid serial format: 
WARNING 2025-10-01 23:32:58,942 migration_service Invalid serial format: 
WARNING 2025-10-01 23:32:58,942 migration_service Invalid serial format: 
WARNING 2025-10-01 23:32:58,942 migration_service Invalid serial format: 
WARNING 2025-10-01 23:32:58,942 migration_service Invalid serial format: 
WARNING 2025-10-01 23:32:58,942 migration_service Invalid serial format: 
WARNING 2025-10-01 23:32:58,943 migration_service Invalid serial format: 
WARNING 2025-10-01 23:32:58,943 migration_service Invalid serial format: 
WARNING 2025-10-01 23:32:58,943 migration_service Invalid serial format: 
WARNING 2025-10-01 23:32:58,943 migration_service Invalid serial format: 
WARNING 2025-10-01 23:32:58,943 migration_service Invalid serial format: 
WARNING 2025-10-01 23:32:58,943 migration_service Invalid serial format: 
WARNING 2025-10-01 23:32:58,943 migration_service Invalid serial format: 
WARNING 2025-10-01 23:32:58,943 migration_service Invalid serial format: 
WARNING 2025-10-01 23:32:58,943 migration_service Invalid serial format: 
WARNING 2025-10-01 23:32:58,943 migration_service Invalid serial format: 
WARNING 2025-10-01 23:32:58,943 migration_service Invalid serial format: 
WARNING 2025-10-01 23:32:58,943 migration_service Invalid serial format: 
WARNING 2025-10-01 23:32:58,943 migration_service Invalid serial format: 
WARNING 2025-10-01 23:32:58,943 migration_service Invalid serial format: 
WARNING 2025-10-01 23:32:58,943 migration_service Invalid serial format: 
WARNING 2025-10-01 23:32:58,943 migration_service Invalid serial format: 
WARNING 2025-10-01 23:32:58,943 migration_service Invalid serial format: 
WARNING 2025-10-01 23:32:58,943 migration_service Invalid serial format: 
WARNING 2025-10-01 23:32:58,944 migration_service Invalid serial format: 
WARNING 2025-10-01 23:32:58,944 migration_service Invalid serial format: 
WARNING 2025-10-01 23:32:58,944 migration_service Invalid serial format: 
WARNING 2025-10-01 23:32:58,944 migration_service Invalid serial format: 
WARNING 2025-10-01 23:32:58,944 migration_service Invalid serial format: 
WARNING 2025-10-01 23:32:58,944 migration_service Invalid serial format: 
WARNING 2025-10-01 23:32:58,944 migration_service Invalid serial format: 
WARNING 2025-10-01 23:32:58,944 migration_service Invalid serial format: 
WARNING 2025-10-01 23:32:58,944 migration_service Invalid serial format: 
WARNING 2025-10-01 23:32:58,944 migration_service Invalid serial format: 
WARNING 2025-10-01 23:32:58,944 migration_service Invalid serial format: 
WARNING 2025-10-01 23:32:58,944 migration_service Invalid serial format: 
WARNING 2025-10-01 23:32:58,944 migration_service Invalid serial format: 
WARNING 2025-10-01 23:32:58,944 migration_service Invalid serial format: 
WARNING 2025-10-01 23:32:58,944 migration_service Invalid serial format: 
WARNING 2025-10-01 23:32:58,944 migration_service Invalid serial format: 
WARNING 2025-10-01 23:32:58,944 migration_service Invalid serial format: 
WARNING 2025-10-01 23:32:58,944 migration_service Invalid serial format: 
WARNING 2025-10-01 23:32:58,944 migration_service Invalid serial format: 
WARNING 2025-10-01 23:32:58,944 migration_service Invalid serial format: 
WARNING 2025-10-01 23:32:58,945 migration_service Invalid serial format: 
WARNING 2025-10-01 23:32:58,945 migration_service Invalid serial format: 
WARNING 2025-10-01 23:32:58,945 migration_service Invalid serial format: 
WARNING 2025-10-01 23:32:58,945 migration_service Invalid serial format: 
WARNING 2025-10-01 23:32:58,945 migration_service Invalid serial format: 
WARNING 2025-10-01 23:32:58,945 migration_service Invalid serial format: 
WARNING 2025-10-01 23:32:58,945 migration_service Invalid serial format: 
WARNING 2025-10-01 23:32:58,945 migration_service Invalid serial format: 
WARNING 2025-10-01 23:32:58,945 migration_service Invalid serial format: 
WARNING 2025-10-01 23:32:58,945 migration_service Invalid serial format: 
WARNING 2025-10-01 23:32:58,945 migration_service Invalid serial format: 
WARNING 2025-10-01 23:32:58,945 migration_service Invalid serial format: 
WARNING 2025-10-01 23:32:58,945 migration_service Invalid serial format: 
WARNING 2025-10-01 23:32:58,945 migration_service Invalid serial format: 
WARNING 2025-10-01 23:32:58,945 migration_service Invalid serial format: 
WARNING 2025-10-01 23:32:58,945 migration_service Invalid serial format: 
WARNING 2025-10-01 23:32:58,945 migration_service Invalid serial format: 
WARNING 2025-10-01 23:32:58,946 migration_service Invalid serial format: 
WARNING 2025-10-01 23:32:58,946 migration_service Invalid serial format: 
WARNING 2025-10-01 23:32:58,946 migration_service Invalid serial format: 
WARNING 2025-10-01 23:32:58,946 migration_service Invalid serial format: 
WARNING 2025-10-01 23:32:58,946 migration_service Invalid serial format: 
WARNING 2025-10-01 23:32:58,946 migration_service Invalid serial format: 
WARNING 2025-10-01 23:32:58,946 migration_service Invalid serial format: 
WARNING 2025-10-01 23:32:58,946 migration_service Invalid serial format: 
WARNING 2025-10-01 23:32:58,946 migration_service Invalid serial format: 
WARNING 2025-10-01 23:32:58,946 migration_service Invalid serial format: 
WARNING 2025-10-01 23:32:58,946 migration_service Invalid serial format: 
WARNING 2025-10-01 23:32:58,946 migration_service Invalid serial format: 
WARNING 2025-10-01 23:32:58,946 migration_service Invalid serial format: 
WARNING 2025-10-01 23:32:58,946 migration_service Invalid serial format: 
WARNING 2025-10-01 23:32:58,946 migration_service Invalid serial format: 
WARNING 2025-10-01 23:32:58,947 migration_service Invalid serial format: 
WARNING 2025-10-01 23:32:58,947 migration_service Invalid serial format: 
WARNING 2025-10-01 23:32:58,947 migration_service Invalid serial format: 
WARNING 2025-10-01 23:32:58,947 migration_service Invalid serial format: 
WARNING 2025-10-01 23:32:58,947 migration_service Invalid serial format: 
WARNING 2025-10-01 23:32:58,947 migration_service Invalid serial format: 
WARNING 2025-10-01 23:32:58,947 migration_service Invalid serial format: 
WARNING 2025-10-01 23:32:58,947 migration_service Invalid serial format: 
WARNING 2025-10-01 23:32:58,947 migration_service Invalid serial format: 
WARNING 2025-10-01 23:32:58,947 migration_service Invalid serial format: 
WARNING 2025-10-01 23:32:58,947 migration_service Invalid serial format: 
WARNING 2025-10-01 23:32:58,947 migration_service Invalid serial format: 
WARNING 2025-10-01 23:32:58,948 migration_service Invalid serial format: 
WARNING 2025-10-01 23:32:58,948 migration_service Invalid serial format: 
WARNING 2025-10-01 23:32:58,948 migration_service Invalid serial format: 
WARNING 2025-10-01 23:32:58,948 migration_service Invalid serial format: 
WARNING 2025-10-01 23:32:58,948 migration_service Invalid serial format: 
WARNING 2025-10-01 23:32:58,948 migration_service Invalid serial format: 
WARNING 2025-10-01 23:32:58,948 migration_service Invalid serial format: 
WARNING 2025-10-01 23:32:58,948 migration_service Invalid serial format: 
WARNING 2025-10-01 23:32:58,948 migration_service Invalid serial format: 
WARNING 2025-10-01 23:32:58,948 migration_service Invalid serial format: 
WARNING 2025-10-01 23:32:58,948 migration_service Invalid serial format: 
WARNING 2025-10-01 23:32:58,948 migration_service Invalid serial format: 
WARNING 2025-10-01 23:32:58,948 migration_service Invalid serial format: 
WARNING 2025-10-01 23:32:58,949 migration_service Invalid serial format: 
WARNING 2025-10-01 23:32:58,949 migration_service Invalid serial format: 
WARNING 2025-10-01 23:32:58,949 migration_service Invalid serial format: 
WARNING 2025-10-01 23:32:58,949 migration_service Invalid serial format: 
WARNING 2025-10-01 23:32:58,949 migration_service Invalid serial format: 
WARNING 2025-10-01 23:32:58,949 migration_service Invalid serial format: 
WARNING 2025-10-01 23:32:58,949 migration_service Invalid serial format: 
WARNING 2025-10-01 23:32:58,949 migration_service Invalid serial format: 
WARNING 2025-10-01 23:32:58,949 migration_service Invalid serial format: 
WARNING 2025-10-01 23:32:58,949 migration_service Invalid serial format: 
WARNING 2025-10-01 23:32:58,949 migration_service Invalid serial format: 
WARNING 2025-10-01 23:32:58,949 migration_service Invalid serial format: 
WARNING 2025-10-01 23:32:58,949 migration_service Invalid serial format: 
WARNING 2025-10-01 23:32:58,949 migration_service Invalid serial format: 
WARNING 2025-10-01 23:32:58,949 migration_service Invalid serial format: 
WARNING 2025-10-01 23:32:58,949 migration_service Invalid serial format: 
WARNING 2025-10-01 23:32:58,950 migration_service Invalid serial format: 
WARNING 2025-10-01 23:32:58,950 migration_service Invalid serial format: 
WARNING 2025-10-01 23:32:58,950 migration_service Invalid serial format: 
WARNING 2025-10-01 23:32:58,950 migration_service Invalid serial format: 
WARNING 2025-10-01 23:32:58,950 migration_service Invalid serial format: 
WARNING 2025-10-01 23:32:58,950 migration_service Invalid serial format: 
WARNING 2025-10-01 23:32:58,950 migration_service Invalid serial format: 
WARNING 2025-10-01 23:32:58,950 migration_service Invalid serial format: 
WARNING 2025-10-01 23:32:58,950 migration_service Invalid serial format: 
WARNING 2025-10-01 23:32:58,950 migration_service Invalid serial format: 
WARNING 2025-10-01 23:32:58,950 migration_service Invalid serial format: 
WARNING 2025-10-01 23:32:58,950 migration_service Invalid serial format: 
WARNING 2025-10-01 23:32:58,950 migration_service Invalid serial format: 
WARNING 2025-10-01 23:32:58,950 migration_service Invalid serial format: 
WARNING 2025-10-01 23:32:58,950 migration_service Invalid serial format: 
WARNING 2025-10-01 23:32:58,950 migration_service Invalid serial format: 
WARNING 2025-10-01 23:32:58,951 migration_service Invalid serial format: 
WARNING 2025-10-01 23:32:58,951 migration_service Invalid serial format: 
WARNING 2025-10-01 23:32:58,951 migration_service Invalid serial format: 
WARNING 2025-10-01 23:32:58,951 migration_service Invalid serial format: 
WARNING 2025-10-01 23:32:58,951 migration_service Invalid serial format: 
WARNING 2025-10-01 23:32:58,951 migration_service Invalid serial format: 
WARNING 2025-10-01 23:32:58,951 migration_service Invalid serial format: 
WARNING 2025-10-01 23:32:58,951 migration_service Invalid serial format: 
WARNING 2025-10-01 23:32:58,951 migration_service Invalid serial format: 
WARNING 2025-10-01 23:32:58,951 migration_service Invalid serial format: 
WARNING 2025-10-01 23:32:58,951 migration_service Invalid serial format: 
WARNING 2025-10-01 23:32:58,951 migration_service Invalid serial format: 
WARNING 2025-10-01 23:32:58,951 migration_service Invalid serial format: 
WARNING 2025-10-01 23:32:58,951 migration_service Invalid serial format: 
WARNING 2025-10-01 23:32:58,951 migration_service Invalid serial format: 
WARNING 2025-10-01 23:32:58,951 migration_service Invalid serial format: 
WARNING 2025-10-01 23:32:58,951 migration_service Invalid serial format: 
WARNING 2025-10-01 23:32:58,951 migration_service Invalid serial format: 
WARNING 2025-10-01 23:32:58,952 migration_service Invalid serial format: 
WARNING 2025-10-01 23:32:58,952 migration_service Invalid serial format: 
WARNING 2025-10-01 23:32:58,952 migration_service Invalid serial format: 
WARNING 2025-10-01 23:32:58,952 migration_service Invalid serial format: 
WARNING 2025-10-01 23:32:58,952 migration_service Invalid serial format: 
WARNING 2025-10-01 23:32:58,952 migration_service Invalid serial format: 
WARNING 2025-10-01 23:32:58,952 migration_service Invalid serial format: 
WARNING 2025-10-01 23:32:58,952 migration_service Invalid serial format: 
WARNING 2025-10-01 23:32:58,952 migration_service Invalid serial format: 
WARNING 2025-10-01 23:32:58,952 migration_service Invalid serial format: 
WARNING 2025-10-01 23:32:58,952 migration_service Invalid serial format: 
WARNING 2025-10-01 23:32:58,952 migration_service Invalid serial format: 
WARNING 2025-10-01 23:32:58,952 migration_service Invalid serial format: 
WARNING 2025-10-01 23:32:58,952 migration_service Invalid serial format: 
WARNING 2025-10-01 23:32:58,952 migration_service Invalid serial format: 
WARNING 2025-10-01 23:32:58,952 migration_service Invalid serial format: 
WARNING 2025-10-01 23:32:58,953 migration_service Invalid serial format: 
WARNING 2025-10-01 23:32:58,953 migration_service Invalid serial format: 
WARNING 2025-10-01 23:32:58,953 migration_service Invalid serial format: 
WARNING 2025-10-01 23:32:58,953 migration_service Invalid serial format: 
WARNING 2025-10-01 23:32:58,953 migration_service Invalid serial format: 
WARNING 2025-10-01 23:32:58,953 migration_service Invalid serial format: 
WARNING 2025-10-01 23:32:58,953 migration_service Invalid serial format: 
WARNING 2025-10-01 23:32:58,953 migration_service Invalid serial format: 
WARNING 2025-10-01 23:32:58,953 migration_service Invalid serial format: 
WARNING 2025-10-01 23:32:58,953 migration_service Invalid serial format: 
WARNING 2025-10-01 23:32:58,953 migration_service Invalid serial format: 
WARNING 2025-10-01 23:32:58,953 migration_service Invalid serial format: 
WARNING 2025-10-01 23:32:58,953 migration_service Invalid serial format: 
WARNING 2025-10-01 23:32:58,953 migration_service Invalid serial format: 
WARNING 2025-10-01 23:32:58,953 migration_service Invalid serial format: 
WARNING 2025-10-01 23:32:58,953 migration_service Invalid serial format: 
WARNING 2025-10-01 23:32:58,954 migration_service Invalid serial format: 
WARNING 2025-10-01 23:32:58,954 migration_service Invalid serial format: 
WARNING 2025-10-01 23:32:58,954 migration_service Invalid serial format: 
WARNING 2025-10-01 23:32:58,954 migration_service Invalid serial format: 
WARNING 2025-10-01 23:32:58,954 migration_service Invalid serial format: 
WARNING 2025-10-01 23:32:58,954 migration_service Invalid serial format: 
WARNING 2025-10-01 23:32:58,954 migration_service Invalid serial format: 
WARNING 2025-10-01 23:32:58,954 migration_service Invalid serial format: 
WARNING 2025-10-01 23:32:58,954 migration_service Invalid serial format: 
WARNING 2025-10-01 23:32:58,954 migration_service Invalid serial format: 
WARNING 2025-10-01 23:32:58,954 migration_service Invalid serial format: 
WARNING 2025-10-01 23:32:58,954 migration_service Invalid serial format: 
WARNING 2025-10-01 23:32:58,954 migration_service Invalid serial format: 
WARNING 2025-10-01 23:32:58,954 migration_service Invalid serial format: 
WARNING 2025-10-01 23:32:58,954 migration_service Invalid serial format: 
WARNING 2025-10-01 23:32:58,954 migration_service Invalid serial format: 
WARNING 2025-10-01 23:32:58,954 migration_service Invalid serial format: 
WARNING 2025-10-01 23:32:58,955 migration_service Invalid serial format: 
WARNING 2025-10-01 23:32:58,955 migration_service Invalid serial format: 
WARNING 2025-10-01 23:32:58,973 migration_service Invalid serial format: 
WARNING 2025-10-01 23:32:58,973 migration_service Invalid serial format: 
WARNING 2025-10-01 23:32:58,973 migration_service Invalid serial format: 
WARNING 2025-10-01 23:32:58,973 migration_service Invalid serial format: 
WARNING 2025-10-01 23:32:58,974 migration_service Invalid serial format: 
WARNING 2025-10-01 23:32:58,974 migration_service Invalid serial format: 
WARNING 2025-10-01 23:32:58,974 migration_service Invalid serial format: 
WARNING 2025-10-01 23:32:58,974 migration_service Invalid serial format: 
WARNING 2025-10-01 23:32:58,974 migration_service Invalid serial format: 
WARNING 2025-10-01 23:32:58,974 migration_service Invalid serial format: 
WARNING 2025-10-01 23:32:58,974 migration_service Invalid serial format: 
WARNING 2025-10-01 23:32:58,974 migration_service Invalid serial format: 
WARNING 2025-10-01 23:32:58,974 migration_service Invalid serial format: 
WARNING 2025-10-01 23:32:58,974 migration_service Invalid serial format: 
WARNING 2025-10-01 23:32:58,974 migration_service Invalid serial format: 
WARNING 2025-10-01 23:32:58,974 migration_service Invalid serial format: 
WARNING 2025-10-01 23:32:58,974 migration_service Invalid serial format: 
WARNING 2025-10-01 23:32:58,975 migration_service Invalid serial format: 
WARNING 2025-10-01 23:32:58,975 migration_service Invalid serial format: 
WARNING 2025-10-01 23:32:58,975 migration_service Invalid serial format: 
WARNING 2025-10-01 23:32:58,975 migration_service Invalid serial format: 
WARNING 2025-10-01 23:32:58,975 migration_service Invalid serial format: 
WARNING 2025-10-01 23:32:58,975 migration_service Invalid serial format: 
WARNING 2025-10-01 23:32:58,975 migration_service Invalid serial format: 
WARNING 2025-10-01 23:32:58,975 migration_service Invalid serial format: 
WARNING 2025-10-01 23:32:58,975 migration_service Invalid serial format: 
WARNING 2025-10-01 23:32:58,975 migration_service Invalid serial format: 
WARNING 2025-10-01 23:32:58,975 migration_service Invalid serial format: 
WARNING 2025-10-01 23:32:58,976 migration_service Invalid serial format: 
WARNING 2025-10-01 23:32:58,976 migration_service Invalid serial format: 
WARNING 2025-10-01 23:32:58,976 migration_service Invalid serial format: 
WARNING 2025-10-01 23:32:58,976 migration_service Invalid serial format: 
WARNING 2025-10-01 23:32:58,976 migration_service Invalid serial format: 
WARNING 2025-10-01 23:32:58,976 migration_service Invalid serial format: 
WARNING 2025-10-01 23:32:58,976 migration_service Invalid serial format: 
WARNING 2025-10-01 23:32:58,976 migration_service Invalid serial format: 
WARNING 2025-10-01 23:32:58,976 migration_service Invalid serial format: 
WARNING 2025-10-01 23:32:58,976 migration_service Invalid serial format: 
WARNING 2025-10-01 23:32:58,976 migration_service Invalid serial format: 
WARNING 2025-10-01 23:32:58,976 migration_service Invalid serial format: 
WARNING 2025-10-01 23:32:58,976 migration_service Invalid serial format: 
WARNING 2025-10-01 23:32:58,977 migration_service Invalid serial format: 
WARNING 2025-10-01 23:32:58,977 migration_service Invalid serial format: 
WARNING 2025-10-01 23:32:58,977 migration_service Invalid serial format: 
WARNING 2025-10-01 23:32:58,977 migration_service Invalid serial format: 
WARNING 2025-10-01 23:32:58,977 migration_service Invalid serial format: 
WARNING 2025-10-01 23:32:58,977 migration_service Invalid serial format: 
WARNING 2025-10-01 23:32:58,977 migration_service Invalid serial format: 
WARNING 2025-10-01 23:32:58,977 migration_service Invalid serial format: 
WARNING 2025-10-01 23:32:58,977 migration_service Invalid serial format: 
WARNING 2025-10-01 23:32:58,977 migration_service Invalid serial format: 
WARNING 2025-10-01 23:32:58,977 migration_service Invalid serial format: 
WARNING 2025-10-01 23:32:58,977 migration_service Invalid serial format: 
WARNING 2025-10-01 23:32:58,977 migration_service Invalid serial format: 
WARNING 2025-10-01 23:32:58,977 migration_service Invalid serial format: 
WARNING 2025-10-01 23:32:58,977 migration_service Invalid serial format: 
WARNING 2025-10-01 23:32:58,977 migration_service Invalid serial format: 
WARNING 2025-10-01 23:32:58,977 migration_service Invalid serial format: 
WARNING 2025-10-01 23:32:58,978 migration_service Invalid serial format: 
WARNING 2025-10-01 23:32:58,978 migration_service Invalid serial format: 
WARNING 2025-10-01 23:32:58,978 migration_service Invalid serial format: 
WARNING 2025-10-01 23:32:58,978 migration_service Invalid serial format: 
WARNING 2025-10-01 23:32:58,978 migration_service Invalid serial format: 
WARNING 2025-10-01 23:32:58,978 migration_service Invalid serial format: 
WARNING 2025-10-01 23:32:58,978 migration_service Invalid serial format: 
WARNING 2025-10-01 23:32:58,978 migration_service Invalid serial format: 
WARNING 2025-10-01 23:32:58,978 migration_service Invalid serial format: 
WARNING 2025-10-01 23:32:58,978 migration_service Invalid serial format: 
WARNING 2025-10-01 23:32:58,978 migration_service Invalid serial format: 
WARNING 2025-10-01 23:32:58,978 migration_service Invalid serial format: 
WARNING 2025-10-01 23:32:58,978 migration_service Invalid serial format: 
WARNING 2025-10-01 23:32:58,978 migration_service Invalid serial format: 
WARNING 2025-10-01 23:32:58,978 migration_service Invalid serial format: 
WARNING 2025-10-01 23:32:58,978 migration_service Invalid serial format: 
WARNING 2025-10-01 23:32:58,979 migration_service Invalid serial format: 
WARNING 2025-10-01 23:32:58,979 migration_service Invalid serial format: 
WARNING 2025-10-01 23:32:58,979 migration_service Invalid serial format: 
WARNING 2025-10-01 23:32:58,979 migration_service Invalid serial format: 
WARNING 2025-10-01 23:32:58,979 migration_service Invalid serial format: 
WARNING 2025-10-01 23:32:58,979 migration_service Invalid serial format: 
WARNING 2025-10-01 23:32:58,979 migration_service Invalid serial format: 
WARNING 2025-10-01 23:32:58,979 migration_service Invalid serial format: 
WARNING 2025-10-01 23:32:58,979 migration_service Invalid serial format: 
WARNING 2025-10-01 23:32:58,979 migration_service Invalid serial format: 
WARNING 2025-10-01 23:32:58,979 migration_service Invalid serial format: 
WARNING 2025-10-01 23:32:58,979 migration_service Invalid serial format: 
WARNING 2025-10-01 23:32:58,979 migration_service Invalid serial format: 
WARNING 2025-10-01 23:32:58,979 migration_service Invalid serial format: 
WARNING 2025-10-01 23:32:58,979 migration_service Invalid serial format: 
WARNING 2025-10-01 23:32:58,979 migration_service Invalid serial format: 
WARNING 2025-10-01 23:32:58,980 migration_service Invalid serial format: 
WARNING 2025-10-01 23:32:58,980 migration_service Invalid serial format: 
WARNING 2025-10-01 23:32:58,980 migration_service Invalid serial format: 
WARNING 2025-10-01 23:32:58,980 migration_service Invalid serial format: 
WARNING 2025-10-01 23:32:58,980 migration_service Invalid serial format: 
WARNING 2025-10-01 23:32:58,980 migration_service Invalid serial format: 
WARNING 2025-10-01 23:32:58,980 migration_service Invalid serial format: 
WARNING 2025-10-01 23:32:58,980 migration_service Invalid serial format: 
WARNING 2025-10-01 23:32:58,980 migration_service Invalid serial format: 
WARNING 2025-10-01 23:32:58,980 migration_service Invalid serial format: 
WARNING 2025-10-01 23:32:58,980 migration_service Invalid serial format: 
WARNING 2025-10-01 23:32:58,980 migration_service Invalid serial format: 
WARNING 2025-10-01 23:32:58,980 migration_service Invalid serial format: 
WARNING 2025-10-01 23:32:58,980 migration_service Invalid serial format: 
WARNING 2025-10-01 23:32:58,980 migration_service Invalid serial format: 
WARNING 2025-10-01 23:32:58,980 migration_service Invalid serial format: 
WARNING 2025-10-01 23:32:58,981 migration_service Invalid serial format: 
WARNING 2025-10-01 23:32:58,981 migration_service Invalid serial format: 
WARNING 2025-10-01 23:32:58,981 migration_service Invalid serial format: 
WARNING 2025-10-01 23:32:58,981 migration_service Invalid serial format: 
WARNING 2025-10-01 23:32:58,981 migration_service Invalid serial format: 
WARNING 2025-10-01 23:32:58,981 migration_service Invalid serial format: 
WARNING 2025-10-01 23:32:58,981 migration_service Invalid serial format: 
WARNING 2025-10-01 23:32:58,981 migration_service Invalid serial format: 
WARNING 2025-10-01 23:32:58,981 migration_service Invalid serial format: 
WARNING 2025-10-01 23:32:58,981 migration_service Invalid serial format: 
WARNING 2025-10-01 23:32:58,981 migration_service Invalid serial format: 
WARNING 2025-10-01 23:32:58,981 migration_service Invalid serial format: 
WARNING 2025-10-01 23:32:58,981 migration_service Invalid serial format: 
WARNING 2025-10-01 23:32:58,981 migration_service Invalid serial format: 
WARNING 2025-10-01 23:32:58,981 migration_service Invalid serial format: 
WARNING 2025-10-01 23:32:58,981 migration_service Invalid serial format: 
WARNING 2025-10-01 23:32:58,982 migration_service Invalid serial format: 
WARNING 2025-10-01 23:32:58,982 migration_service Invalid serial format: 
WARNING 2025-10-01 23:32:58,982 migration_service Invalid serial format: 
WARNING 2025-10-01 23:32:58,982 migration_service Invalid serial format: 
WARNING 2025-10-01 23:32:58,982 migration_service Invalid serial format: 
WARNING 2025-10-01 23:32:58,982 migration_service Invalid serial format: 
WARNING 2025-10-01 23:32:58,982 migration_service Invalid serial format: 
WARNING 2025-10-01 23:32:58,982 migration_service Invalid serial format: 
WARNING 2025-10-01 23:32:58,982 migration_service Invalid serial format: 
WARNING 2025-10-01 23:32:58,982 migration_service Invalid serial format: 
WARNING 2025-10-01 23:32:58,982 migration_service Invalid serial format: 
WARNING 2025-10-01 23:32:58,982 migration_service Invalid serial format: 
WARNING 2025-10-01 23:32:58,982 migration_service Invalid serial format: 
WARNING 2025-10-01 23:32:58,982 migration_service Invalid serial format: 
WARNING 2025-10-01 23:32:58,982 migration_service Invalid serial format: 
WARNING 2025-10-01 23:32:58,982 migration_service Invalid serial format: 
WARNING 2025-10-01 23:32:58,983 migration_service Invalid serial format: 
WARNING 2025-10-01 23:32:58,983 migration_service Invalid serial format: 
WARNING 2025-10-01 23:32:58,983 migration_service Invalid serial format: 
WARNING 2025-10-01 23:32:58,983 migration_service Invalid serial format: 
WARNING 2025-10-01 23:32:58,983 migration_service Invalid serial format: 
WARNING 2025-10-01 23:32:58,983 migration_service Invalid serial format: 
WARNING 2025-10-01 23:32:58,983 migration_service Invalid serial format: 
WARNING 2025-10-01 23:32:58,983 migration_service Invalid serial format: 
WARNING 2025-10-01 23:32:58,983 migration_service Invalid serial format: 
WARNING 2025-10-01 23:32:58,983 migration_service Invalid serial format: 
WARNING 2025-10-01 23:32:58,983 migration_service Invalid serial format: 
WARNING 2025-10-01 23:32:58,983 migration_service Invalid serial format: 
WARNING 2025-10-01 23:32:58,983 migration_service Invalid serial format: 
WARNING 2025-10-01 23:32:58,983 migration_service Invalid serial format: 
WARNING 2025-10-01 23:32:58,983 migration_service Invalid serial format: 
WARNING 2025-10-01 23:32:58,983 migration_service Invalid serial format: 
WARNING 2025-10-01 23:32:58,984 migration_service Invalid serial format: 
WARNING 2025-10-01 23:32:58,984 migration_service Invalid serial format: 
WARNING 2025-10-01 23:32:58,984 migration_service Invalid serial format: 
WARNING 2025-10-01 23:32:58,984 migration_service Invalid serial format: 
WARNING 2025-10-01 23:32:58,984 migration_service Invalid serial format: 
WARNING 2025-10-01 23:32:58,984 migration_service Invalid serial format: 
WARNING 2025-10-01 23:32:58,984 migration_service Invalid serial format: 
WARNING 2025-10-01 23:32:58,984 migration_service Invalid serial format: 
WARNING 2025-10-01 23:32:58,984 migration_service Invalid serial format: 
WARNING 2025-10-01 23:32:58,984 migration_service Invalid serial format: 
WARNING 2025-10-01 23:32:58,984 migration_service Invalid serial format: 
WARNING 2025-10-01 23:32:58,984 migration_service Invalid serial format: 
WARNING 2025-10-01 23:32:58,984 migration_service Invalid serial format: 
WARNING 2025-10-01 23:32:58,984 migration_service Invalid serial format: 
WARNING 2025-10-01 23:32:58,984 migration_service Invalid serial format: 
WARNING 2025-10-01 23:32:58,984 migration_service Invalid serial format: 
WARNING 2025-10-01 23:32:58,984 migration_service Invalid serial format: 
WARNING 2025-10-01 23:32:58,985 migration_service Invalid serial format: 
WARNING 2025-10-01 23:32:58,985 migration_service Invalid serial format: 
WARNING 2025-10-01 23:32:58,985 migration_service Invalid serial format: 
WARNING 2025-10-01 23:32:58,985 migration_service Invalid serial format: 
WARNING 2025-10-01 23:32:58,985 migration_service Invalid serial format: 
WARNING 2025-10-01 23:32:58,985 migration_service Invalid serial format: 
WARNING 2025-10-01 23:32:58,985 migration_service Invalid serial format: 
WARNING 2025-10-01 23:32:58,985 migration_service Invalid serial format: 
WARNING 2025-10-01 23:32:58,985 migration_service Invalid serial format: 
WARNING 2025-10-01 23:32:58,985 migration_service Invalid serial format: 
WARNING 2025-10-01 23:32:58,985 migration_service Invalid serial format: 
WARNING 2025-10-01 23:32:58,985 migration_service Invalid serial format: 
WARNING 2025-10-01 23:32:58,985 migration_service Invalid serial format: 
WARNING 2025-10-01 23:32:58,985 migration_service Invalid serial format: 
WARNING 2025-10-01 23:32:58,985 migration_service Invalid serial format: 
WARNING 2025-10-01 23:32:58,985 migration_service Invalid serial format: 
WARNING 2025-10-01 23:32:58,985 migration_service Invalid serial format: 
WARNING 2025-10-01 23:32:58,986 migration_service Invalid serial format: 
WARNING 2025-10-01 23:32:58,986 migration_service Invalid serial format: 
WARNING 2025-10-01 23:32:58,986 migration_service Invalid serial format: 
WARNING 2025-10-01 23:32:58,986 migration_service Invalid serial format: 
WARNING 2025-10-01 23:32:58,986 migration_service Invalid serial format: 
WARNING 2025-10-01 23:32:58,986 migration_service Invalid serial format: 
WARNING 2025-10-01 23:32:58,986 migration_service Invalid serial format: 
WARNING 2025-10-01 23:32:58,986 migration_service Invalid serial format: 
WARNING 2025-10-01 23:32:58,986 migration_service Invalid serial format: 
WARNING 2025-10-01 23:32:58,986 migration_service Invalid serial format: 
WARNING 2025-10-01 23:32:58,986 migration_service Invalid serial format: 
WARNING 2025-10-01 23:32:58,986 migration_service Invalid serial format: 
WARNING 2025-10-01 23:32:58,986 migration_service Invalid serial format: 
WARNING 2025-10-01 23:32:58,986 migration_service Invalid serial format: 
WARNING 2025-10-01 23:32:58,986 migration_service Invalid serial format: 
WARNING 2025-10-01 23:32:58,986 migration_service Invalid serial format: 
WARNING 2025-10-01 23:32:58,986 migration_service Invalid serial format: 
WARNING 2025-10-01 23:32:58,986 migration_service Invalid serial format: 
WARNING 2025-10-01 23:32:58,986 migration_service Invalid serial format: 
WARNING 2025-10-01 23:32:58,986 migration_service Invalid serial format: 
WARNING 2025-10-01 23:32:58,987 migration_service Invalid serial format: 
WARNING 2025-10-01 23:32:58,987 migration_service Invalid serial format: 
WARNING 2025-10-01 23:32:58,987 migration_service Invalid serial format: 
WARNING 2025-10-01 23:32:58,987 migration_service Invalid serial format: 
WARNING 2025-10-01 23:32:58,987 migration_service Invalid serial format: 
WARNING 2025-10-01 23:32:58,987 migration_service Invalid serial format: 
WARNING 2025-10-01 23:32:58,987 migration_service Invalid serial format: 
WARNING 2025-10-01 23:32:58,987 migration_service Invalid serial format: 
WARNING 2025-10-01 23:32:58,987 migration_service Invalid serial format: 
WARNING 2025-10-01 23:32:58,987 migration_service Invalid serial format: 
WARNING 2025-10-01 23:32:58,987 migration_service Invalid serial format: 
WARNING 2025-10-01 23:32:58,987 migration_service Invalid serial format: 
WARNING 2025-10-01 23:32:58,987 migration_service Invalid serial format: 
WARNING 2025-10-01 23:32:58,987 migration_service Invalid serial format: 
WARNING 2025-10-01 23:32:58,987 migration_service Invalid serial format: 
WARNING 2025-10-01 23:32:58,987 migration_service Invalid serial format: 
WARNING 2025-10-01 23:32:58,987 migration_service Invalid serial format: 
WARNING 2025-10-01 23:32:58,987 migration_service Invalid serial format: 
WARNING 2025-10-01 23:32:58,987 migration_service Invalid serial format: 
WARNING 2025-10-01 23:32:58,987 migration_service Invalid serial format: 
WARNING 2025-10-01 23:32:58,988 migration_service Invalid serial format: 
WARNING 2025-10-01 23:32:58,988 migration_service Invalid serial format: 
WARNING 2025-10-01 23:32:58,988 migration_service Invalid serial format: 
WARNING 2025-10-01 23:32:58,988 migration_service Invalid serial format: 
WARNING 2025-10-01 23:32:58,988 migration_service Invalid serial format: 
WARNING 2025-10-01 23:32:58,988 migration_service Invalid serial format: 
WARNING 2025-10-01 23:32:58,988 migration_service Invalid serial format: 
WARNING 2025-10-01 23:32:58,988 migration_service Invalid serial format: 
WARNING 2025-10-01 23:32:58,988 migration_service Invalid serial format: 
WARNING 2025-10-01 23:32:58,988 migration_service Invalid serial format: 
WARNING 2025-10-01 23:32:58,988 migration_service Invalid serial format: 
WARNING 2025-10-01 23:32:58,988 migration_service Invalid serial format: 
WARNING 2025-10-01 23:32:58,988 migration_service Invalid serial format: 
WARNING 2025-10-01 23:32:58,988 migration_service Invalid serial format: 
WARNING 2025-10-01 23:32:58,988 migration_service Invalid serial format: 
WARNING 2025-10-01 23:32:58,988 migration_service Invalid serial format: 
WARNING 2025-10-01 23:32:58,988 migration_service Invalid serial format: 
WARNING 2025-10-01 23:32:58,988 migration_service Invalid serial format: 
WARNING 2025-10-01 23:32:58,989 migration_service Invalid serial format: 
WARNING 2025-10-01 23:32:58,989 migration_service Invalid serial format: 
WARNING 2025-10-01 23:32:58,989 migration_service Invalid serial format: 
WARNING 2025-10-01 23:32:58,989 migration_service Invalid serial format: 
WARNING 2025-10-01 23:32:58,989 migration_service Invalid serial format: 
WARNING 2025-10-01 23:32:58,989 migration_service Invalid serial format: 
WARNING 2025-10-01 23:32:58,989 migration_service Invalid serial format: 
WARNING 2025-10-01 23:32:58,989 migration_service Invalid serial format: 
WARNING 2025-10-01 23:32:58,989 migration_service Invalid serial format: 
WARNING 2025-10-01 23:32:58,989 migration_service Invalid serial format: 
WARNING 2025-10-01 23:32:58,989 migration_service Invalid serial format: 
WARNING 2025-10-01 23:32:58,989 migration_service Invalid serial format: 
WARNING 2025-10-01 23:32:58,989 migration_service Invalid serial format: 
WARNING 2025-10-01 23:32:58,989 migration_service Invalid serial format: 
WARNING 2025-10-01 23:32:58,989 migration_service Invalid serial format: 
WARNING 2025-10-01 23:32:58,989 migration_service Invalid serial format: 
WARNING 2025-10-01 23:32:58,989 migration_service Invalid serial format: 
WARNING 2025-10-01 23:32:58,989 migration_service Invalid serial format: 
WARNING 2025-10-01 23:32:58,989 migration_service Invalid serial format: 
WARNING 2025-10-01 23:32:58,989 migration_service Invalid serial format: 
WARNING 2025-10-01 23:32:58,990 migration_service Invalid serial format: 
WARNING 2025-10-01 23:32:58,990 migration_service Invalid serial format: 
WARNING 2025-10-01 23:32:58,990 migration_service Invalid serial format: 
WARNING 2025-10-01 23:32:58,990 migration_service Invalid serial format: 
WARNING 2025-10-01 23:32:58,990 migration_service Invalid serial format: 
WARNING 2025-10-01 23:32:58,990 migration_service Invalid serial format: 
WARNING 2025-10-01 23:32:58,990 migration_service Invalid serial format: 
WARNING 2025-10-01 23:32:58,990 migration_service Invalid serial format: 
WARNING 2025-10-01 23:32:58,990 migration_service Invalid serial format: 
WARNING 2025-10-01 23:32:58,990 migration_service Invalid serial format: 
WARNING 2025-10-01 23:32:58,990 migration_service Invalid serial format: 
WARNING 2025-10-01 23:32:58,990 migration_service Invalid serial format: 
WARNING 2025-10-01 23:32:58,990 migration_service Invalid serial format: 
WARNING 2025-10-01 23:32:58,990 migration_service Invalid serial format: 
WARNING 2025-10-01 23:32:58,990 migration_service Invalid serial format: 
WARNING 2025-10-01 23:32:58,990 migration_service Invalid serial format: 
WARNING 2025-10-01 23:32:58,990 migration_service Invalid serial format: 
WARNING 2025-10-01 23:32:58,990 migration_service Invalid serial format: 
WARNING 2025-10-01 23:32:58,991 migration_service Invalid serial format: 
WARNING 2025-10-01 23:32:58,991 migration_service Invalid serial format: 
WARNING 2025-10-01 23:32:58,991 migration_service Invalid serial format: 
WARNING 2025-10-01 23:32:58,991 migration_service Invalid serial format: 
WARNING 2025-10-01 23:32:58,991 migration_service Invalid serial format: 
WARNING 2025-10-01 23:32:58,991 migration_service Invalid serial format: 
WARNING 2025-10-01 23:32:58,991 migration_service Invalid serial format: 
WARNING 2025-10-01 23:32:58,991 migration_service Invalid serial format: 
WARNING 2025-10-01 23:32:58,991 migration_service Invalid serial format: 
WARNING 2025-10-01 23:32:58,991 migration_service Invalid serial format: 
WARNING 2025-10-01 23:32:58,991 migration_service Invalid serial format: 
WARNING 2025-10-01 23:32:58,991 migration_service Invalid serial format: 
WARNING 2025-10-01 23:32:58,991 migration_service Invalid serial format: 
WARNING 2025-10-01 23:32:58,991 migration_service Invalid serial format: 
WARNING 2025-10-01 23:32:58,992 migration_service Invalid serial format: 
WARNING 2025-10-01 23:32:58,992 migration_service Invalid serial format: 
WARNING 2025-10-01 23:32:58,992 migration_service Invalid serial format: 
WARNING 2025-10-01 23:32:58,992 migration_service Invalid serial format: 
WARNING 2025-10-01 23:32:58,992 migration_service Invalid serial format: 
WARNING 2025-10-01 23:32:58,992 migration_service Invalid serial format: 
WARNING 2025-10-01 23:32:58,992 migration_service Invalid serial format: 
WARNING 2025-10-01 23:32:58,992 migration_service Invalid serial format: 
WARNING 2025-10-01 23:32:58,992 migration_service Invalid serial format: 
WARNING 2025-10-01 23:32:58,992 migration_service Invalid serial format: 
WARNING 2025-10-01 23:32:58,992 migration_service Invalid serial format: 
WARNING 2025-10-01 23:32:58,993 migration_service Invalid serial format: 
WARNING 2025-10-01 23:32:58,993 migration_service Invalid serial format: 
WARNING 2025-10-01 23:32:58,993 migration_service Invalid serial format: 
WARNING 2025-10-01 23:32:58,993 migration_service Invalid serial format: 
WARNING 2025-10-01 23:32:58,993 migration_service Invalid serial format: 
WARNING 2025-10-01 23:32:58,993 migration_service Invalid serial format: 
WARNING 2025-10-01 23:32:58,993 migration_service Invalid serial format: 
WARNING 2025-10-01 23:32:58,993 migration_service Invalid serial format: 
WARNING 2025-10-01 23:32:58,993 migration_service Invalid serial format: 
WARNING 2025-10-01 23:32:58,993 migration_service Invalid serial format: 
WARNING 2025-10-01 23:32:58,993 migration_service Invalid serial format: 
WARNING 2025-10-01 23:32:58,993 migration_service Invalid serial format: 
WARNING 2025-10-01 23:32:58,994 migration_service Invalid serial format: 
WARNING 2025-10-01 23:32:58,994 migration_service Invalid serial format: 
WARNING 2025-10-01 23:32:58,994 migration_service Invalid serial format: 
WARNING 2025-10-01 23:32:58,994 migration_service Invalid serial format: 
WARNING 2025-10-01 23:32:58,994 migration_service Invalid serial format: 
WARNING 2025-10-01 23:32:58,994 migration_service Invalid serial format: 
WARNING 2025-10-01 23:32:58,994 migration_service Invalid serial format: 
WARNING 2025-10-01 23:32:58,994 migration_service Invalid serial format: 
WARNING 2025-10-01 23:32:58,994 migration_service Invalid serial format: 
WARNING 2025-10-01 23:32:58,994 migration_service Invalid serial format: 
WARNING 2025-10-01 23:32:58,994 migration_service Invalid serial format: 
WARNING 2025-10-01 23:32:58,994 migration_service Invalid serial format: 
WARNING 2025-10-01 23:32:58,994 migration_service Invalid serial format: 
WARNING 2025-10-01 23:32:58,994 migration_service Invalid serial format: 
WARNING 2025-10-01 23:32:58,994 migration_service Invalid serial format: 
WARNING 2025-10-01 23:32:58,994 migration_service Invalid serial format: 
WARNING 2025-10-01 23:32:58,994 migration_service Invalid serial format: 
WARNING 2025-10-01 23:32:58,995 migration_service Invalid serial format: 
WARNING 2025-10-01 23:32:58,995 migration_service Invalid serial format: 
WARNING 2025-10-01 23:32:58,995 migration_service Invalid serial format: 
WARNING 2025-10-01 23:32:58,995 migration_service Invalid serial format: 
WARNING 2025-10-01 23:32:58,995 migration_service Invalid serial format: 
WARNING 2025-10-01 23:32:58,995 migration_service Invalid serial format: 
WARNING 2025-10-01 23:32:58,995 migration_service Invalid serial format: 
WARNING 2025-10-01 23:32:58,995 migration_service Invalid serial format: 
WARNING 2025-10-01 23:32:58,995 migration_service Invalid serial format: 
WARNING 2025-10-01 23:32:58,995 migration_service Invalid serial format: 
WARNING 2025-10-01 23:32:58,995 migration_service Invalid serial format: 
WARNING 2025-10-01 23:32:58,995 migration_service Invalid serial format: 
WARNING 2025-10-01 23:32:58,995 migration_service Invalid serial format: 
WARNING 2025-10-01 23:32:58,995 migration_service Invalid serial format: 
WARNING 2025-10-01 23:32:58,995 migration_service Invalid serial format: 
WARNING 2025-10-01 23:32:58,995 migration_service Invalid serial format: 
WARNING 2025-10-01 23:32:58,995 migration_service Invalid serial format: 
WARNING 2025-10-01 23:32:58,996 migration_service Invalid serial format: 
WARNING 2025-10-01 23:32:58,996 migration_service Invalid serial format: 
WARNING 2025-10-01 23:32:58,996 migration_service Invalid serial format: 
WARNING 2025-10-01 23:32:58,996 migration_service Invalid serial format: 
WARNING 2025-10-01 23:32:58,996 migration_service Invalid serial format: 
WARNING 2025-10-01 23:32:58,996 migration_service Invalid serial format: 
WARNING 2025-10-01 23:32:58,996 migration_service Invalid serial format: 
WARNING 2025-10-01 23:32:58,996 migration_service Invalid serial format: 
WARNING 2025-10-01 23:32:58,996 migration_service Invalid serial format: 
WARNING 2025-10-01 23:32:58,996 migration_service Invalid serial format: 
WARNING 2025-10-01 23:32:58,996 migration_service Invalid serial format: 
WARNING 2025-10-01 23:32:58,996 migration_service Invalid serial format: 
WARNING 2025-10-01 23:32:58,996 migration_service Invalid serial format: 
WARNING 2025-10-01 23:32:58,996 migration_service Invalid serial format: 
WARNING 2025-10-01 23:32:58,996 migration_service Invalid serial format: 
WARNING 2025-10-01 23:32:58,997 migration_service Invalid serial format: 
WARNING 2025-10-01 23:32:58,997 migration_service Invalid serial format: 
WARNING 2025-10-01 23:32:58,997 migration_service Invalid serial format: 
WARNING 2025-10-01 23:32:58,997 migration_service Invalid serial format: 
WARNING 2025-10-01 23:32:58,997 migration_service Invalid serial format: 
WARNING 2025-10-01 23:32:58,997 migration_service Invalid serial format: 
WARNING 2025-10-01 23:32:58,997 migration_service Invalid serial format: 
WARNING 2025-10-01 23:32:58,997 migration_service Invalid serial format: 
WARNING 2025-10-01 23:32:58,997 migration_service Invalid serial format: 
WARNING 2025-10-01 23:32:58,997 migration_service Invalid serial format: 
WARNING 2025-10-01 23:32:58,997 migration_service Invalid serial format: 
WARNING 2025-10-01 23:32:58,997 migration_service Invalid serial format: 
WARNING 2025-10-01 23:32:58,997 migration_service Invalid serial format: 
WARNING 2025-10-01 23:32:58,998 migration_service Invalid serial format: 
WARNING 2025-10-01 23:32:58,998 migration_service Invalid serial format: 
WARNING 2025-10-01 23:32:58,998 migration_service Invalid serial format: 
WARNING 2025-10-01 23:32:58,998 migration_service Invalid serial format: 
WARNING 2025-10-01 23:32:58,998 migration_service Invalid serial format: 
WARNING 2025-10-01 23:32:58,998 migration_service Invalid serial format: 
WARNING 2025-10-01 23:32:58,998 migration_service Invalid serial format: 
WARNING 2025-10-01 23:32:58,998 migration_service Invalid serial format: 
WARNING 2025-10-01 23:32:58,998 migration_service Invalid serial format: 
WARNING 2025-10-01 23:32:58,998 migration_service Invalid serial format: 
WARNING 2025-10-01 23:32:58,998 migration_service Invalid serial format: 
WARNING 2025-10-01 23:32:58,998 migration_service Invalid serial format: 
WARNING 2025-10-01 23:32:58,998 migration_service Invalid serial format: 
WARNING 2025-10-01 23:32:58,999 migration_service Invalid serial format: 
WARNING 2025-10-01 23:32:58,999 migration_service Invalid serial format: 
WARNING 2025-10-01 23:32:58,999 migration_service Invalid serial format: 
WARNING 2025-10-01 23:32:58,999 migration_service Invalid serial format: 
WARNING 2025-10-01 23:32:58,999 migration_service Invalid serial format: 
WARNING 2025-10-01 23:32:58,999 migration_service Invalid serial format: 
WARNING 2025-10-01 23:32:58,999 migration_service Invalid serial format: 
WARNING 2025-10-01 23:32:58,999 migration_service Invalid serial format: 
WARNING 2025-10-01 23:32:58,999 migration_service Invalid serial format: 
WARNING 2025-10-01 23:32:58,999 migration_service Invalid serial format: 
WARNING 2025-10-01 23:32:58,999 migration_service Invalid serial format: 
WARNING 2025-10-01 23:32:58,999 migration_service Invalid serial format: 
WARNING 2025-10-01 23:32:58,999 migration_service Invalid serial format: 
WARNING 2025-10-01 23:32:59,000 migration_service Invalid serial format: 
WARNING 2025-10-01 23:32:59,000 migration_service Invalid serial format: 
WARNING 2025-10-01 23:32:59,000 migration_service Invalid serial format: 
WARNING 2025-10-01 23:32:59,000 migration_service Invalid serial format: 
WARNING 2025-10-01 23:32:59,000 migration_service Invalid serial format: 
WARNING 2025-10-01 23:32:59,000 migration_service Invalid serial format: 
WARNING 2025-10-01 23:32:59,000 migration_service Invalid serial format: 
WARNING 2025-10-01 23:32:59,000 migration_service Invalid serial format: 
WARNING 2025-10-01 23:32:59,000 migration_service Invalid serial format: 
WARNING 2025-10-01 23:32:59,000 migration_service Invalid serial format: 
WARNING 2025-10-01 23:32:59,000 migration_service Invalid serial format: 
WARNING 2025-10-01 23:32:59,000 migration_service Invalid serial format: 
WARNING 2025-10-01 23:32:59,000 migration_service Invalid serial format: 
WARNING 2025-10-01 23:32:59,000 migration_service Invalid serial format: 
WARNING 2025-10-01 23:32:59,001 migration_service Invalid serial format: 
WARNING 2025-10-01 23:32:59,001 migration_service Invalid serial format: 
WARNING 2025-10-01 23:32:59,001 migration_service Invalid serial format: 
WARNING 2025-10-01 23:32:59,001 migration_service Invalid serial format: 
WARNING 2025-10-01 23:32:59,001 migration_service Invalid serial format: 
WARNING 2025-10-01 23:32:59,001 migration_service Invalid serial format: 
WARNING 2025-10-01 23:32:59,001 migration_service Invalid serial format: 
WARNING 2025-10-01 23:32:59,001 migration_service Invalid serial format: 
WARNING 2025-10-01 23:32:59,001 migration_service Invalid serial format: 
WARNING 2025-10-01 23:32:59,001 migration_service Invalid serial format: 
WARNING 2025-10-01 23:32:59,001 migration_service Invalid serial format: 
WARNING 2025-10-01 23:32:59,001 migration_service Invalid serial format: 
WARNING 2025-10-01 23:32:59,001 migration_service Invalid serial format: 
WARNING 2025-10-01 23:32:59,002 migration_service Invalid serial format: 
WARNING 2025-10-01 23:32:59,002 migration_service Invalid serial format: 
WARNING 2025-10-01 23:32:59,002 migration_service Invalid serial format: 
WARNING 2025-10-01 23:32:59,002 migration_service Invalid serial format: 
WARNING 2025-10-01 23:32:59,002 migration_service Invalid serial format: 
WARNING 2025-10-01 23:32:59,002 migration_service Invalid serial format: 
WARNING 2025-10-01 23:32:59,002 migration_service Invalid serial format: 
WARNING 2025-10-01 23:32:59,002 migration_service Invalid serial format: 
WARNING 2025-10-01 23:32:59,002 migration_service Invalid serial format: 
WARNING 2025-10-01 23:32:59,002 migration_service Invalid serial format: 
WARNING 2025-10-01 23:32:59,002 migration_service Invalid serial format: 
WARNING 2025-10-01 23:32:59,002 migration_service Invalid serial format: 
WARNING 2025-10-01 23:32:59,002 migration_service Invalid serial format: 
WARNING 2025-10-01 23:32:59,002 migration_service Invalid serial format: 
WARNING 2025-10-01 23:32:59,002 migration_service Invalid serial format: 
WARNING 2025-10-01 23:32:59,002 migration_service Invalid serial format: 
WARNING 2025-10-01 23:32:59,002 migration_service Invalid serial format: 
WARNING 2025-10-01 23:32:59,003 migration_service Invalid serial format: 
WARNING 2025-10-01 23:32:59,003 migration_service Invalid serial format: 
WARNING 2025-10-01 23:32:59,003 migration_service Invalid serial format: 
WARNING 2025-10-01 23:32:59,003 migration_service Invalid serial format: 
WARNING 2025-10-01 23:32:59,003 migration_service Invalid serial format: 
WARNING 2025-10-01 23:32:59,003 migration_service Invalid serial format: 
WARNING 2025-10-01 23:32:59,003 migration_service Invalid serial format: 
WARNING 2025-10-01 23:32:59,003 migration_service Invalid serial format: 
WARNING 2025-10-01 23:32:59,003 migration_service Invalid serial format: 
WARNING 2025-10-01 23:32:59,003 migration_service Invalid serial format: 
WARNING 2025-10-01 23:32:59,003 migration_service Invalid serial format: 
WARNING 2025-10-01 23:32:59,003 migration_service Invalid serial format: 
WARNING 2025-10-01 23:32:59,003 migration_service Invalid serial format: 
WARNING 2025-10-01 23:32:59,003 migration_service Invalid serial format: 
WARNING 2025-10-01 23:32:59,004 migration_service Invalid serial format: 
WARNING 2025-10-01 23:32:59,004 migration_service Invalid serial format: 
WARNING 2025-10-01 23:32:59,004 migration_service Invalid serial format: 
WARNING 2025-10-01 23:32:59,004 migration_service Invalid serial format: 
WARNING 2025-10-01 23:32:59,004 migration_service Invalid serial format: 
WARNING 2025-10-01 23:32:59,004 migration_service Invalid serial format: 
WARNING 2025-10-01 23:32:59,004 migration_service Invalid serial format: 
WARNING 2025-10-01 23:32:59,004 migration_service Invalid serial format: 
WARNING 2025-10-01 23:32:59,004 migration_service Invalid serial format: 
WARNING 2025-10-01 23:32:59,004 migration_service Invalid serial format: 
WARNING 2025-10-01 23:32:59,004 migration_service Invalid serial format: 
WARNING 2025-10-01 23:32:59,004 migration_service Invalid serial format: 
WARNING 2025-10-01 23:32:59,004 migration_service Invalid serial format: 
WARNING 2025-10-01 23:32:59,004 migration_service Invalid serial format: 
WARNING 2025-10-01 23:32:59,005 migration_service Invalid serial format: 
WARNING 2025-10-01 23:32:59,005 migration_service Invalid serial format: 
WARNING 2025-10-01 23:32:59,005 migration_service Invalid serial format: 
WARNING 2025-10-01 23:32:59,005 migration_service Invalid serial format: 
WARNING 2025-10-01 23:32:59,005 migration_service Invalid serial format: 
WARNING 2025-10-01 23:32:59,005 migration_service Invalid serial format: 
WARNING 2025-10-01 23:32:59,005 migration_service Invalid serial format: 
WARNING 2025-10-01 23:32:59,005 migration_service Invalid serial format: 
WARNING 2025-10-01 23:32:59,005 migration_service Invalid serial format: 
WARNING 2025-10-01 23:32:59,005 migration_service Invalid serial format: 
WARNING 2025-10-01 23:32:59,005 migration_service Invalid serial format: 
WARNING 2025-10-01 23:32:59,005 migration_service Invalid serial format: 
WARNING 2025-10-01 23:32:59,005 migration_service Invalid serial format: 
WARNING 2025-10-01 23:32:59,005 migration_service Invalid serial format: 
WARNING 2025-10-01 23:32:59,006 migration_service Invalid serial format: 
WARNING 2025-10-01 23:32:59,006 migration_service Invalid serial format: 
WARNING 2025-10-01 23:32:59,006 migration_service Invalid serial format: 
WARNING 2025-10-01 23:32:59,006 migration_service Invalid serial format: 
WARNING 2025-10-01 23:32:59,006 migration_service Invalid serial format: 
WARNING 2025-10-01 23:32:59,006 migration_service Invalid serial format: 
WARNING 2025-10-01 23:32:59,006 migration_service Invalid serial format: 
WARNING 2025-10-01 23:32:59,006 migration_service Invalid serial format: 
WARNING 2025-10-01 23:32:59,006 migration_service Invalid serial format: 
WARNING 2025-10-01 23:32:59,006 migration_service Invalid serial format: 
WARNING 2025-10-01 23:32:59,006 migration_service Invalid serial format: 
WARNING 2025-10-01 23:32:59,006 migration_service Invalid serial format: 
WARNING 2025-10-01 23:32:59,006 migration_service Invalid serial format: 
WARNING 2025-10-01 23:32:59,007 migration_service Invalid serial format: 
WARNING 2025-10-01 23:32:59,007 migration_service Invalid serial format: 
WARNING 2025-10-01 23:32:59,007 migration_service Invalid serial format: 
WARNING 2025-10-01 23:32:59,007 migration_service Invalid serial format: 
WARNING 2025-10-01 23:32:59,007 migration_service Invalid serial format: 
WARNING 2025-10-01 23:32:59,007 migration_service Invalid serial format: 
WARNING 2025-10-01 23:32:59,007 migration_service Invalid serial format: 
WARNING 2025-10-01 23:32:59,007 migration_service Invalid serial format: 
WARNING 2025-10-01 23:32:59,007 migration_service Invalid serial format: 
WARNING 2025-10-01 23:32:59,007 migration_service Invalid serial format: 
WARNING 2025-10-01 23:32:59,007 migration_service Invalid serial format: 
WARNING 2025-10-01 23:32:59,007 migration_service Invalid serial format: 
WARNING 2025-10-01 23:32:59,007 migration_service Invalid serial format: 
WARNING 2025-10-01 23:32:59,008 migration_service Invalid serial format: 
WARNING 2025-10-01 23:32:59,008 migration_service Invalid serial format: 
WARNING 2025-10-01 23:32:59,008 migration_service Invalid serial format: 
WARNING 2025-10-01 23:32:59,008 migration_service Invalid serial format: 
WARNING 2025-10-01 23:32:59,008 migration_service Invalid serial format: 
WARNING 2025-10-01 23:32:59,008 migration_service Invalid serial format: 
WARNING 2025-10-01 23:32:59,008 migration_service Invalid serial format: 
WARNING 2025-10-01 23:32:59,008 migration_service Invalid serial format: 
WARNING 2025-10-01 23:32:59,008 migration_service Invalid serial format: 
WARNING 2025-10-01 23:32:59,008 migration_service Invalid serial format: 
WARNING 2025-10-01 23:32:59,008 migration_service Invalid serial format: 
WARNING 2025-10-01 23:32:59,008 migration_service Invalid serial format: 
WARNING 2025-10-01 23:32:59,008 migration_service Invalid serial format: 
WARNING 2025-10-01 23:32:59,008 migration_service Invalid serial format: 
WARNING 2025-10-01 23:32:59,009 migration_service Invalid serial format: 
WARNING 2025-10-01 23:32:59,009 migration_service Invalid serial format: 
WARNING 2025-10-01 23:32:59,009 migration_service Invalid serial format: 
WARNING 2025-10-01 23:32:59,009 migration_service Invalid serial format: 
WARNING 2025-10-01 23:32:59,009 migration_service Invalid serial format: 
WARNING 2025-10-01 23:32:59,009 migration_service Invalid serial format: 
WARNING 2025-10-01 23:32:59,009 migration_service Invalid serial format: 
WARNING 2025-10-01 23:32:59,009 migration_service Invalid serial format: 
WARNING 2025-10-01 23:32:59,009 migration_service Invalid serial format: 
WARNING 2025-10-01 23:32:59,009 migration_service Invalid serial format: 
WARNING 2025-10-01 23:32:59,009 migration_service Invalid serial format: 
WARNING 2025-10-01 23:32:59,009 migration_service Invalid serial format: 
WARNING 2025-10-01 23:32:59,009 migration_service Invalid serial format: 
WARNING 2025-10-01 23:32:59,009 migration_service Invalid serial format: 
WARNING 2025-10-01 23:32:59,010 migration_service Invalid serial format: 
WARNING 2025-10-01 23:32:59,010 migration_service Invalid serial format: 
WARNING 2025-10-01 23:32:59,010 migration_service Invalid serial format: 
WARNING 2025-10-01 23:32:59,010 migration_service Invalid serial format: 
WARNING 2025-10-01 23:32:59,010 migration_service Invalid serial format: 
WARNING 2025-10-01 23:32:59,010 migration_service Invalid serial format: 
WARNING 2025-10-01 23:32:59,010 migration_service Invalid serial format: 
WARNING 2025-10-01 23:32:59,010 migration_service Invalid serial format: 
WARNING 2025-10-01 23:32:59,010 migration_service Invalid serial format: 
WARNING 2025-10-01 23:32:59,010 migration_service Invalid serial format: 
WARNING 2025-10-01 23:32:59,010 migration_service Invalid serial format: 
WARNING 2025-10-01 23:32:59,010 migration_service Invalid serial format: 
WARNING 2025-10-01 23:32:59,010 migration_service Invalid serial format: 
WARNING 2025-10-01 23:32:59,010 migration_service Invalid serial format: 
WARNING 2025-10-01 23:32:59,010 migration_service Invalid serial format: 
WARNING 2025-10-01 23:32:59,010 migration_service Invalid serial format: 
WARNING 2025-10-01 23:32:59,011 migration_service Invalid serial format: 
WARNING 2025-10-01 23:32:59,011 migration_service Invalid serial format: 
WARNING 2025-10-01 23:32:59,011 migration_service Invalid serial format: 
WARNING 2025-10-01 23:32:59,011 migration_service Invalid serial format: 
WARNING 2025-10-01 23:32:59,011 migration_service Invalid serial format: 
WARNING 2025-10-01 23:32:59,011 migration_service Invalid serial format: 
WARNING 2025-10-01 23:32:59,011 migration_service Invalid serial format: 
WARNING 2025-10-01 23:32:59,011 migration_service Invalid serial format: 
WARNING 2025-10-01 23:32:59,011 migration_service Invalid serial format: 
WARNING 2025-10-01 23:32:59,011 migration_service Invalid serial format: 
WARNING 2025-10-01 23:32:59,012 migration_service Invalid serial format: 
WARNING 2025-10-01 23:32:59,012 migration_service Invalid serial format: 
WARNING 2025-10-01 23:32:59,012 migration_service Invalid serial format: 
WARNING 2025-10-01 23:32:59,012 migration_service Invalid serial format: 
WARNING 2025-10-01 23:32:59,012 migration_service Invalid serial format: 
WARNING 2025-10-01 23:32:59,012 migration_service Invalid serial format: 
WARNING 2025-10-01 23:32:59,012 migration_service Invalid serial format: 
WARNING 2025-10-01 23:32:59,012 migration_service Invalid serial format: 
WARNING 2025-10-01 23:32:59,012 migration_service Invalid serial format: 
WARNING 2025-10-01 23:32:59,012 migration_service Invalid serial format: 
WARNING 2025-10-01 23:32:59,012 migration_service Invalid serial format: 
WARNING 2025-10-01 23:32:59,013 migration_service Invalid serial format: 
WARNING 2025-10-01 23:32:59,013 migration_service Invalid serial format: 
WARNING 2025-10-01 23:32:59,013 migration_service Invalid serial format: 
WARNING 2025-10-01 23:32:59,013 migration_service Invalid serial format: 
WARNING 2025-10-01 23:32:59,013 migration_service Invalid serial format: 
WARNING 2025-10-01 23:32:59,013 migration_service Invalid serial format: 
WARNING 2025-10-01 23:32:59,013 migration_service Invalid serial format: 
WARNING 2025-10-01 23:32:59,013 migration_service Invalid serial format: 
WARNING 2025-10-01 23:32:59,013 migration_service Invalid serial format: 
WARNING 2025-10-01 23:32:59,013 migration_service Invalid serial format: 
WARNING 2025-10-01 23:32:59,013 migration_service Invalid serial format: 
WARNING 2025-10-01 23:32:59,013 migration_service Invalid serial format: 
WARNING 2025-10-01 23:32:59,013 migration_service Invalid serial format: 
WARNING 2025-10-01 23:32:59,013 migration_service Invalid serial format: 
WARNING 2025-10-01 23:32:59,014 migration_service Invalid serial format: 
WARNING 2025-10-01 23:32:59,014 migration_service Invalid serial format: 
WARNING 2025-10-01 23:32:59,014 migration_service Invalid serial format: 
WARNING 2025-10-01 23:32:59,014 migration_service Invalid serial format: 
WARNING 2025-10-01 23:32:59,014 migration_service Invalid serial format: 
WARNING 2025-10-01 23:32:59,014 migration_service Invalid serial format: 
WARNING 2025-10-01 23:32:59,014 migration_service Invalid serial format: 
WARNING 2025-10-01 23:32:59,014 migration_service Invalid serial format: 
WARNING 2025-10-01 23:32:59,014 migration_service Invalid serial format: 
WARNING 2025-10-01 23:32:59,014 migration_service Invalid serial format: 
WARNING 2025-10-01 23:32:59,014 migration_service Invalid serial format: 
WARNING 2025-10-01 23:32:59,014 migration_service Invalid serial format: 
WARNING 2025-10-01 23:32:59,014 migration_service Invalid serial format: 
WARNING 2025-10-01 23:32:59,014 migration_service Invalid serial format: 
WARNING 2025-10-01 23:32:59,014 migration_service Invalid serial format: 
WARNING 2025-10-01 23:32:59,014 migration_service Invalid serial format: 
WARNING 2025-10-01 23:32:59,014 migration_service Invalid serial format: 
WARNING 2025-10-01 23:32:59,014 migration_service Invalid serial format: 
WARNING 2025-10-01 23:32:59,015 migration_service Invalid serial format: 
WARNING 2025-10-01 23:32:59,015 migration_service Invalid serial format: 
WARNING 2025-10-01 23:32:59,015 migration_service Invalid serial format: 
WARNING 2025-10-01 23:32:59,015 migration_service Invalid serial format: 
WARNING 2025-10-01 23:32:59,015 migration_service Invalid serial format: 
WARNING 2025-10-01 23:32:59,015 migration_service Invalid serial format: 
WARNING 2025-10-01 23:32:59,015 migration_service Invalid serial format: 
WARNING 2025-10-01 23:32:59,015 migration_service Invalid serial format: 
WARNING 2025-10-01 23:32:59,015 migration_service Invalid serial format: 
WARNING 2025-10-01 23:32:59,015 migration_service Invalid serial format: 
WARNING 2025-10-01 23:32:59,015 migration_service Invalid serial format: 
WARNING 2025-10-01 23:32:59,015 migration_service Invalid serial format: 
WARNING 2025-10-01 23:32:59,015 migration_service Invalid serial format: 
WARNING 2025-10-01 23:32:59,015 migration_service Invalid serial format: 
WARNING 2025-10-01 23:32:59,015 migration_service Invalid serial format: 
WARNING 2025-10-01 23:32:59,015 migration_service Invalid serial format: 
WARNING 2025-10-01 23:32:59,015 migration_service Invalid serial format: 
WARNING 2025-10-01 23:32:59,015 migration_service Invalid serial format: 
WARNING 2025-10-01 23:32:59,015 migration_service Invalid serial format: 
WARNING 2025-10-01 23:32:59,016 migration_service Invalid serial format: 
WARNING 2025-10-01 23:32:59,016 migration_service Invalid serial format: 
WARNING 2025-10-01 23:32:59,016 migration_service Invalid serial format: 
WARNING 2025-10-01 23:32:59,016 migration_service Invalid serial format: 
WARNING 2025-10-01 23:32:59,016 migration_service Invalid serial format: 
WARNING 2025-10-01 23:32:59,016 migration_service Invalid serial format: 
WARNING 2025-10-01 23:32:59,016 migration_service Invalid serial format: 
WARNING 2025-10-01 23:32:59,016 migration_service Invalid serial format: 
WARNING 2025-10-01 23:32:59,016 migration_service Invalid serial format: 
WARNING 2025-10-01 23:32:59,016 migration_service Invalid serial format: 
WARNING 2025-10-01 23:32:59,016 migration_service Invalid serial format: 
WARNING 2025-10-01 23:32:59,016 migration_service Invalid serial format: 
WARNING 2025-10-01 23:32:59,016 migration_service Invalid serial format: 
WARNING 2025-10-01 23:32:59,016 migration_service Invalid serial format: 
WARNING 2025-10-01 23:32:59,016 migration_service Invalid serial format: 
WARNING 2025-10-01 23:32:59,016 migration_service Invalid serial format: 
WARNING 2025-10-01 23:32:59,016 migration_service Invalid serial format: 
WARNING 2025-10-01 23:32:59,016 migration_service Invalid serial format: 
WARNING 2025-10-01 23:32:59,016 migration_service Invalid serial format: 
WARNING 2025-10-01 23:32:59,016 migration_service Invalid serial format: 
WARNING 2025-10-01 23:32:59,017 migration_service Invalid serial format: 
WARNING 2025-10-01 23:32:59,017 migration_service Invalid serial format: 
WARNING 2025-10-01 23:32:59,017 migration_service Invalid serial format: 
WARNING 2025-10-01 23:32:59,017 migration_service Invalid serial format: 
WARNING 2025-10-01 23:32:59,017 migration_service Invalid serial format: 
WARNING 2025-10-01 23:32:59,017 migration_service Invalid serial format: 
WARNING 2025-10-01 23:32:59,017 migration_service Invalid serial format: 
WARNING 2025-10-01 23:32:59,017 migration_service Invalid serial format: 
WARNING 2025-10-01 23:32:59,017 migration_service Invalid serial format: 
WARNING 2025-10-01 23:32:59,017 migration_service Invalid serial format: 
WARNING 2025-10-01 23:32:59,017 migration_service Invalid serial format: 
WARNING 2025-10-01 23:32:59,017 migration_service Invalid serial format: 
WARNING 2025-10-01 23:32:59,017 migration_service Invalid serial format: 
WARNING 2025-10-01 23:32:59,017 migration_service Invalid serial format: 
WARNING 2025-10-01 23:32:59,017 migration_service Invalid serial format: 
WARNING 2025-10-01 23:32:59,017 migration_service Invalid serial format: 
WARNING 2025-10-01 23:32:59,017 migration_service Invalid serial format: 
WARNING 2025-10-01 23:32:59,017 migration_service Invalid serial format: 
WARNING 2025-10-01 23:32:59,017 migration_service Invalid serial format: 
WARNING 2025-10-01 23:32:59,018 migration_service Invalid serial format: 
WARNING 2025-10-01 23:32:59,018 migration_service Invalid serial format: 
WARNING 2025-10-01 23:32:59,018 migration_service Invalid serial format: 
WARNING 2025-10-01 23:32:59,018 migration_service Invalid serial format: 
WARNING 2025-10-01 23:32:59,018 migration_service Invalid serial format: 
WARNING 2025-10-01 23:32:59,018 migration_service Invalid serial format: 
WARNING 2025-10-01 23:32:59,018 migration_service Invalid serial format: 
WARNING 2025-10-01 23:32:59,018 migration_service Invalid serial format: 
WARNING 2025-10-01 23:32:59,018 migration_service Invalid serial format: 
WARNING 2025-10-01 23:32:59,018 migration_service Invalid serial format: 
WARNING 2025-10-01 23:32:59,018 migration_service Invalid serial format: 
WARNING 2025-10-01 23:32:59,018 migration_service Invalid serial format: 
WARNING 2025-10-01 23:32:59,018 migration_service Invalid serial format: 
WARNING 2025-10-01 23:32:59,018 migration_service Invalid serial format: 
WARNING 2025-10-01 23:32:59,018 migration_service Invalid serial format: 
WARNING 2025-10-01 23:32:59,018 migration_service Invalid serial format: 
WARNING 2025-10-01 23:32:59,018 migration_service Invalid serial format: 
WARNING 2025-10-01 23:32:59,018 migration_service Invalid serial format: 
WARNING 2025-10-01 23:32:59,018 migration_service Invalid serial format: 
WARNING 2025-10-01 23:32:59,019 migration_service Invalid serial format: 
WARNING 2025-10-01 23:32:59,019 migration_service Invalid serial format: 
WARNING 2025-10-01 23:32:59,019 migration_service Invalid serial format: 
WARNING 2025-10-01 23:32:59,019 migration_service Invalid serial format: 
WARNING 2025-10-01 23:32:59,019 migration_service Invalid serial format: 
WARNING 2025-10-01 23:32:59,019 migration_service Invalid serial format: 
WARNING 2025-10-01 23:32:59,019 migration_service Invalid serial format: 
WARNING 2025-10-01 23:32:59,019 migration_service Invalid serial format: 
WARNING 2025-10-01 23:32:59,019 migration_service Invalid serial format: 
WARNING 2025-10-01 23:32:59,019 migration_service Invalid serial format: 
WARNING 2025-10-01 23:32:59,019 migration_service Invalid serial format: 
WARNING 2025-10-01 23:32:59,019 migration_service Invalid serial format: 
WARNING 2025-10-01 23:32:59,019 migration_service Invalid serial format: 
WARNING 2025-10-01 23:32:59,019 migration_service Invalid serial format: 
WARNING 2025-10-01 23:32:59,019 migration_service Invalid serial format: 
WARNING 2025-10-01 23:32:59,019 migration_service Invalid serial format: 
WARNING 2025-10-01 23:32:59,019 migration_service Invalid serial format: 
WARNING 2025-10-01 23:32:59,019 migration_service Invalid serial format: 
WARNING 2025-10-01 23:32:59,019 migration_service Invalid serial format: 
WARNING 2025-10-01 23:32:59,020 migration_service Invalid serial format: 
WARNING 2025-10-01 23:32:59,020 migration_service Invalid serial format: 
WARNING 2025-10-01 23:32:59,020 migration_service Invalid serial format: 
WARNING 2025-10-01 23:32:59,020 migration_service Invalid serial format: 
WARNING 2025-10-01 23:32:59,020 migration_service Invalid serial format: 
WARNING 2025-10-01 23:32:59,020 migration_service Invalid serial format: 
WARNING 2025-10-01 23:32:59,020 migration_service Invalid serial format: 
WARNING 2025-10-01 23:32:59,020 migration_service Invalid serial format: 
WARNING 2025-10-01 23:32:59,020 migration_service Invalid serial format: 
WARNING 2025-10-01 23:32:59,020 migration_service Invalid serial format: 
WARNING 2025-10-01 23:32:59,020 migration_service Invalid serial format: 
WARNING 2025-10-01 23:32:59,020 migration_service Invalid serial format: 
WARNING 2025-10-01 23:32:59,020 migration_service Invalid serial format: 
WARNING 2025-10-01 23:32:59,020 migration_service Invalid serial format: 
WARNING 2025-10-01 23:32:59,020 migration_service Invalid serial format: 
WARNING 2025-10-01 23:32:59,020 migration_service Invalid serial format: 
WARNING 2025-10-01 23:32:59,020 migration_service Invalid serial format: 
WARNING 2025-10-01 23:32:59,020 migration_service Invalid serial format: 
WARNING 2025-10-01 23:32:59,020 migration_service Invalid serial format: 
WARNING 2025-10-01 23:32:59,021 migration_service Invalid serial format: 
WARNING 2025-10-01 23:32:59,021 migration_service Invalid serial format: 
WARNING 2025-10-01 23:32:59,021 migration_service Invalid serial format: 
WARNING 2025-10-01 23:32:59,021 migration_service Invalid serial format: 
WARNING 2025-10-01 23:32:59,021 migration_service Invalid serial format: 
WARNING 2025-10-01 23:32:59,021 migration_service Invalid serial format: 
WARNING 2025-10-01 23:32:59,021 migration_service Invalid serial format: 
WARNING 2025-10-01 23:32:59,021 migration_service Invalid serial format: 
WARNING 2025-10-01 23:32:59,021 migration_service Invalid serial format: 
WARNING 2025-10-01 23:32:59,021 migration_service Invalid serial format: 
WARNING 2025-10-01 23:32:59,021 migration_service Invalid serial format: 
WARNING 2025-10-01 23:32:59,021 migration_service Invalid serial format: 
WARNING 2025-10-01 23:32:59,021 migration_service Invalid serial format: 
WARNING 2025-10-01 23:32:59,021 migration_service Invalid serial format: 
WARNING 2025-10-01 23:32:59,021 migration_service Invalid serial format: 
WARNING 2025-10-01 23:32:59,021 migration_service Invalid serial format: 
WARNING 2025-10-01 23:32:59,021 migration_service Invalid serial format: 
WARNING 2025-10-01 23:32:59,021 migration_service Invalid serial format: 
WARNING 2025-10-01 23:32:59,021 migration_service Invalid serial format: 
WARNING 2025-10-01 23:32:59,022 migration_service Invalid serial format: 
WARNING 2025-10-01 23:32:59,022 migration_service Invalid serial format: 
WARNING 2025-10-01 23:32:59,022 migration_service Invalid serial format: 
WARNING 2025-10-01 23:32:59,022 migration_service Invalid serial format: 
WARNING 2025-10-01 23:32:59,022 migration_service Invalid serial format: 
WARNING 2025-10-01 23:32:59,022 migration_service Invalid serial format: 
WARNING 2025-10-01 23:32:59,022 migration_service Invalid serial format: 
WARNING 2025-10-01 23:32:59,022 migration_service Invalid serial format: 
WARNING 2025-10-01 23:32:59,022 migration_service Invalid serial format: 
WARNING 2025-10-01 23:32:59,022 migration_service Invalid serial format: 
WARNING 2025-10-01 23:32:59,022 migration_service Invalid serial format: 
WARNING 2025-10-01 23:32:59,022 migration_service Invalid serial format: 
WARNING 2025-10-01 23:32:59,022 migration_service Invalid serial format: 
WARNING 2025-10-01 23:32:59,022 migration_service Invalid serial format: 
WARNING 2025-10-01 23:32:59,022 migration_service Invalid serial format: 
WARNING 2025-10-01 23:32:59,022 migration_service Invalid serial format: 
WARNING 2025-10-01 23:32:59,022 migration_service Invalid serial format: 
WARNING 2025-10-01 23:32:59,022 migration_service Invalid serial format: 
WARNING 2025-10-01 23:32:59,022 migration_service Invalid serial format: 
WARNING 2025-10-01 23:32:59,023 migration_service Invalid serial format: 
WARNING 2025-10-01 23:32:59,023 migration_service Invalid serial format: 
WARNING 2025-10-01 23:32:59,023 migration_service Invalid serial format: 
WARNING 2025-10-01 23:32:59,023 migration_service Invalid serial format: 
WARNING 2025-10-01 23:32:59,023 migration_service Invalid serial format: 
WARNING 2025-10-01 23:32:59,023 migration_service Invalid serial format: 
WARNING 2025-10-01 23:32:59,023 migration_service Invalid serial format: 
WARNING 2025-10-01 23:32:59,023 migration_service Invalid serial format: 
WARNING 2025-10-01 23:32:59,023 migration_service Invalid serial format: 
WARNING 2025-10-01 23:32:59,023 migration_service Invalid serial format: 
WARNING 2025-10-01 23:32:59,023 migration_service Invalid serial format: 
WARNING 2025-10-01 23:32:59,023 migration_service Invalid serial format: 
WARNING 2025-10-01 23:32:59,023 migration_service Invalid serial format: 
WARNING 2025-10-01 23:32:59,023 migration_service Invalid serial format: 
WARNING 2025-10-01 23:32:59,023 migration_service Invalid serial format: 
WARNING 2025-10-01 23:32:59,023 migration_service Invalid serial format: 
WARNING 2025-10-01 23:32:59,023 migration_service Invalid serial format: 
WARNING 2025-10-01 23:32:59,023 migration_service Invalid serial format: 
WARNING 2025-10-01 23:32:59,023 migration_service Invalid serial format: 
WARNING 2025-10-01 23:32:59,023 migration_service Invalid serial format: 
WARNING 2025-10-01 23:32:59,024 migration_service Invalid serial format: 
WARNING 2025-10-01 23:32:59,024 migration_service Invalid serial format: 
WARNING 2025-10-01 23:32:59,024 migration_service Invalid serial format: 
WARNING 2025-10-01 23:32:59,024 migration_service Invalid serial format: 
WARNING 2025-10-01 23:32:59,024 migration_service Invalid serial format: 
WARNING 2025-10-01 23:32:59,024 migration_service Invalid serial format: 
WARNING 2025-10-01 23:32:59,024 migration_service Invalid serial format: 
WARNING 2025-10-01 23:32:59,024 migration_service Invalid serial format: 
WARNING 2025-10-01 23:32:59,024 migration_service Invalid serial format: 
WARNING 2025-10-01 23:32:59,024 migration_service Invalid serial format: 
WARNING 2025-10-01 23:32:59,024 migration_service Invalid serial format: 
WARNING 2025-10-01 23:32:59,024 migration_service Invalid serial format: 
WARNING 2025-10-01 23:32:59,024 migration_service Invalid serial format: 
WARNING 2025-10-01 23:32:59,024 migration_service Invalid serial format: 
WARNING 2025-10-01 23:32:59,024 migration_service Invalid serial format: 
WARNING 2025-10-01 23:32:59,024 migration_service Invalid serial format: 
WARNING 2025-10-01 23:32:59,025 migration_service Invalid serial format: 
WARNING 2025-10-01 23:32:59,025 migration_service Invalid serial format: 
WARNING 2025-10-01 23:32:59,025 migration_service Invalid serial format: 
WARNING 2025-10-01 23:32:59,025 migration_service Invalid serial format: 
WARNING 2025-10-01 23:32:59,025 migration_service Invalid serial format: 
WARNING 2025-10-01 23:32:59,025 migration_service Invalid serial format: 
WARNING 2025-10-01 23:32:59,025 migration_service Invalid serial format: 
WARNING 2025-10-01 23:32:59,025 migration_service Invalid serial format: 
WARNING 2025-10-01 23:32:59,025 migration_service Invalid serial format: 
WARNING 2025-10-01 23:32:59,025 migration_service Invalid serial format: 
WARNING 2025-10-01 23:32:59,025 migration_service Invalid serial format: 
WARNING 2025-10-01 23:32:59,025 migration_service Invalid serial format: 
WARNING 2025-10-01 23:32:59,025 migration_service Invalid serial format: 
WARNING 2025-10-01 23:32:59,025 migration_service Invalid serial format: 
WARNING 2025-10-01 23:32:59,025 migration_service Invalid serial format: 
WARNING 2025-10-01 23:32:59,026 migration_service Invalid serial format: 
WARNING 2025-10-01 23:32:59,026 migration_service Invalid serial format: 
WARNING 2025-10-01 23:32:59,026 migration_service Invalid serial format: 
WARNING 2025-10-01 23:32:59,026 migration_service Invalid serial format: 
WARNING 2025-10-01 23:32:59,026 migration_service Invalid serial format: 
WARNING 2025-10-01 23:32:59,026 migration_service Invalid serial format: 
WARNING 2025-10-01 23:32:59,026 migration_service Invalid serial format: 
WARNING 2025-10-01 23:32:59,026 migration_service Invalid serial format: 
WARNING 2025-10-01 23:32:59,026 migration_service Invalid serial format: 
WARNING 2025-10-01 23:32:59,026 migration_service Invalid serial format: 
WARNING 2025-10-01 23:32:59,027 migration_service Invalid serial format: 
WARNING 2025-10-01 23:32:59,027 migration_service Invalid serial format: 
WARNING 2025-10-01 23:32:59,027 migration_service Invalid serial format: 
WARNING 2025-10-01 23:32:59,027 migration_service Invalid serial format: 
WARNING 2025-10-01 23:32:59,027 migration_service Invalid serial format: 
WARNING 2025-10-01 23:32:59,027 migration_service Invalid serial format: 
WARNING 2025-10-01 23:32:59,027 migration_service Invalid serial format: 
WARNING 2025-10-01 23:32:59,027 migration_service Invalid serial format: 
WARNING 2025-10-01 23:32:59,027 migration_service Invalid serial format: 
WARNING 2025-10-01 23:32:59,027 migration_service Invalid serial format: 
WARNING 2025-10-01 23:32:59,027 migration_service Invalid serial format: 
WARNING 2025-10-01 23:32:59,027 migration_service Invalid serial format: 
WARNING 2025-10-01 23:32:59,027 migration_service Invalid serial format: 
WARNING 2025-10-01 23:32:59,028 migration_service Invalid serial format: 
WARNING 2025-10-01 23:32:59,028 migration_service Invalid serial format: 
WARNING 2025-10-01 23:32:59,028 migration_service Invalid serial format: 
WARNING 2025-10-01 23:32:59,028 migration_service Invalid serial format: 
WARNING 2025-10-01 23:32:59,028 migration_service Invalid serial format: 
WARNING 2025-10-01 23:32:59,028 migration_service Invalid serial format: 
WARNING 2025-10-01 23:32:59,028 migration_service Invalid serial format: 
WARNING 2025-10-01 23:32:59,028 migration_service Invalid serial format: 
WARNING 2025-10-01 23:32:59,028 migration_service Invalid serial format: 
WARNING 2025-10-01 23:32:59,028 migration_service Invalid serial format: 
WARNING 2025-10-01 23:32:59,028 migration_service Invalid serial format: 
WARNING 2025-10-01 23:32:59,028 migration_service Invalid serial format: 
WARNING 2025-10-01 23:32:59,028 migration_service Invalid serial format: 
WARNING 2025-10-01 23:32:59,028 migration_service Invalid serial format: 
WARNING 2025-10-01 23:32:59,028 migration_service Invalid serial format: 
WARNING 2025-10-01 23:32:59,028 migration_service Invalid serial format: 
WARNING 2025-10-01 23:32:59,028 migration_service Invalid serial format: 
WARNING 2025-10-01 23:32:59,029 migration_service Invalid serial format: 
WARNING 2025-10-01 23:32:59,029 migration_service Invalid serial format: 
WARNING 2025-10-01 23:32:59,029 migration_service Invalid serial format: 
WARNING 2025-10-01 23:32:59,029 migration_service Invalid serial format: 
WARNING 2025-10-01 23:32:59,029 migration_service Invalid serial format: 
WARNING 2025-10-01 23:32:59,029 migration_service Invalid serial format: 
WARNING 2025-10-01 23:32:59,029 migration_service Invalid serial format: 
WARNING 2025-10-01 23:32:59,029 migration_service Invalid serial format: 
WARNING 2025-10-01 23:32:59,029 migration_service Invalid serial format: 
WARNING 2025-10-01 23:32:59,029 migration_service Invalid serial format: 
WARNING 2025-10-01 23:32:59,029 migration_service Invalid serial format: 
WARNING 2025-10-01 23:32:59,029 migration_service Invalid serial format: 
WARNING 2025-10-01 23:32:59,029 migration_service Invalid serial format: 
WARNING 2025-10-01 23:32:59,029 migration_service Invalid serial format: 
WARNING 2025-10-01 23:32:59,029 migration_service Invalid serial format: 
WARNING 2025-10-01 23:32:59,029 migration_service Invalid serial format: 
WARNING 2025-10-01 23:32:59,029 migration_service Invalid serial format: 
WARNING 2025-10-01 23:32:59,029 migration_service Invalid serial format: 
WARNING 2025-10-01 23:32:59,030 migration_service Invalid serial format: 
WARNING 2025-10-01 23:32:59,030 migration_service Invalid serial format: 
WARNING 2025-10-01 23:32:59,030 migration_service Invalid serial format: 
WARNING 2025-10-01 23:32:59,030 migration_service Invalid serial format: 
WARNING 2025-10-01 23:32:59,030 migration_service Invalid serial format: 
WARNING 2025-10-01 23:32:59,030 migration_service Invalid serial format: 
WARNING 2025-10-01 23:32:59,030 migration_service Invalid serial format: 
WARNING 2025-10-01 23:32:59,030 migration_service Invalid serial format: 
WARNING 2025-10-01 23:32:59,030 migration_service Invalid serial format: 
WARNING 2025-10-01 23:32:59,030 migration_service Invalid serial format: 
WARNING 2025-10-01 23:32:59,030 migration_service Invalid serial format: 
WARNING 2025-10-01 23:32:59,030 migration_service Invalid serial format: 
WARNING 2025-10-01 23:32:59,030 migration_service Invalid serial format: 
WARNING 2025-10-01 23:32:59,030 migration_service Invalid serial format: 
WARNING 2025-10-01 23:32:59,030 migration_service Invalid serial format: 
WARNING 2025-10-01 23:32:59,030 migration_service Invalid serial format: 
WARNING 2025-10-01 23:32:59,030 migration_service Invalid serial format: 
WARNING 2025-10-01 23:32:59,030 migration_service Invalid serial format: 
WARNING 2025-10-01 23:32:59,030 migration_service Invalid serial format: 
WARNING 2025-10-01 23:32:59,031 migration_service Invalid serial format: 
WARNING 2025-10-01 23:32:59,031 migration_service Invalid serial format: 
WARNING 2025-10-01 23:32:59,031 migration_service Invalid serial format: 
WARNING 2025-10-01 23:32:59,031 migration_service Invalid serial format: 
WARNING 2025-10-01 23:32:59,031 migration_service Invalid serial format: 
WARNING 2025-10-01 23:32:59,031 migration_service Invalid serial format: 
WARNING 2025-10-01 23:32:59,031 migration_service Invalid serial format: 
WARNING 2025-10-01 23:32:59,031 migration_service Invalid serial format: 
WARNING 2025-10-01 23:32:59,031 migration_service Invalid serial format: 
WARNING 2025-10-01 23:32:59,031 migration_service Invalid serial format: 
WARNING 2025-10-01 23:32:59,031 migration_service Invalid serial format: 
WARNING 2025-10-01 23:32:59,031 migration_service Invalid serial format: 
WARNING 2025-10-01 23:32:59,031 migration_service Invalid serial format: 
WARNING 2025-10-01 23:32:59,031 migration_service Invalid serial format: 
WARNING 2025-10-01 23:32:59,031 migration_service Invalid serial format: 
WARNING 2025-10-01 23:32:59,031 migration_service Invalid serial format: 
WARNING 2025-10-01 23:32:59,031 migration_service Invalid serial format: 
WARNING 2025-10-01 23:32:59,031 migration_service Invalid serial format: 
WARNING 2025-10-01 23:32:59,031 migration_service Invalid serial format: 
WARNING 2025-10-01 23:32:59,032 migration_service Invalid serial format: 
WARNING 2025-10-01 23:32:59,032 migration_service Invalid serial format: 
WARNING 2025-10-01 23:32:59,032 migration_service Invalid serial format: 
WARNING 2025-10-01 23:32:59,032 migration_service Invalid serial format: 
WARNING 2025-10-01 23:32:59,032 migration_service Invalid serial format: 
WARNING 2025-10-01 23:32:59,032 migration_service Invalid serial format: 
WARNING 2025-10-01 23:32:59,032 migration_service Invalid serial format: 
WARNING 2025-10-01 23:32:59,032 migration_service Invalid serial format: 
WARNING 2025-10-01 23:32:59,032 migration_service Invalid serial format: 
WARNING 2025-10-01 23:32:59,032 migration_service Invalid serial format: 
WARNING 2025-10-01 23:32:59,032 migration_service Invalid serial format: 
WARNING 2025-10-01 23:32:59,032 migration_service Invalid serial format: 
WARNING 2025-10-01 23:32:59,032 migration_service Invalid serial format: 
WARNING 2025-10-01 23:32:59,032 migration_service Invalid serial format: 
WARNING 2025-10-01 23:32:59,032 migration_service Invalid serial format: 
WARNING 2025-10-01 23:32:59,032 migration_service Invalid serial format: 
WARNING 2025-10-01 23:32:59,032 migration_service Invalid serial format: 
WARNING 2025-10-01 23:32:59,032 migration_service Invalid serial format: 
WARNING 2025-10-01 23:32:59,032 migration_service Invalid serial format: 
WARNING 2025-10-01 23:32:59,033 migration_service Invalid serial format: 
WARNING 2025-10-01 23:32:59,033 migration_service Invalid serial format: 
WARNING 2025-10-01 23:32:59,033 migration_service Invalid serial format: 
WARNING 2025-10-01 23:32:59,033 migration_service Invalid serial format: 
WARNING 2025-10-01 23:32:59,033 migration_service Invalid serial format: 
WARNING 2025-10-01 23:32:59,033 migration_service Invalid serial format: 
WARNING 2025-10-01 23:32:59,033 migration_service Invalid serial format: 
WARNING 2025-10-01 23:32:59,033 migration_service Invalid serial format: 
WARNING 2025-10-01 23:32:59,033 migration_service Invalid serial format: 
WARNING 2025-10-01 23:32:59,033 migration_service Invalid serial format: 
WARNING 2025-10-01 23:32:59,033 migration_service Invalid serial format: 
WARNING 2025-10-01 23:32:59,033 migration_service Invalid serial format: 
WARNING 2025-10-01 23:32:59,033 migration_service Invalid serial format: 
WARNING 2025-10-01 23:32:59,033 migration_service Invalid serial format: 
WARNING 2025-10-01 23:32:59,033 migration_service Invalid serial format: 
WARNING 2025-10-01 23:32:59,033 migration_service Invalid serial format: 
WARNING 2025-10-01 23:32:59,033 migration_service Invalid serial format: 
WARNING 2025-10-01 23:32:59,033 migration_service Invalid serial format: 
WARNING 2025-10-01 23:32:59,033 migration_service Invalid serial format: 
WARNING 2025-10-01 23:32:59,034 migration_service Invalid serial format: 
WARNING 2025-10-01 23:32:59,034 migration_service Invalid serial format: 
WARNING 2025-10-01 23:32:59,034 migration_service Invalid serial format: 
WARNING 2025-10-01 23:32:59,034 migration_service Invalid serial format: 
WARNING 2025-10-01 23:32:59,034 migration_service Invalid serial format: 
WARNING 2025-10-01 23:32:59,034 migration_service Invalid serial format: 
WARNING 2025-10-01 23:32:59,034 migration_service Invalid serial format: 
WARNING 2025-10-01 23:32:59,034 migration_service Invalid serial format: 
WARNING 2025-10-01 23:32:59,034 migration_service Invalid serial format: 
WARNING 2025-10-01 23:32:59,034 migration_service Invalid serial format: 
WARNING 2025-10-01 23:32:59,034 migration_service Invalid serial format: 
WARNING 2025-10-01 23:32:59,034 migration_service Invalid serial format: 
WARNING 2025-10-01 23:32:59,034 migration_service Invalid serial format: 
WARNING 2025-10-01 23:32:59,034 migration_service Invalid serial format: 
WARNING 2025-10-01 23:32:59,034 migration_service Invalid serial format: 
WARNING 2025-10-01 23:32:59,034 migration_service Invalid serial format: 
WARNING 2025-10-01 23:32:59,034 migration_service Invalid serial format: 
WARNING 2025-10-01 23:32:59,034 migration_service Invalid serial format: 
WARNING 2025-10-01 23:32:59,034 migration_service Invalid serial format: 
WARNING 2025-10-01 23:32:59,035 migration_service Invalid serial format: 
WARNING 2025-10-01 23:32:59,035 migration_service Invalid serial format: 
WARNING 2025-10-01 23:32:59,035 migration_service Invalid serial format: 
WARNING 2025-10-01 23:32:59,035 migration_service Invalid serial format: 
WARNING 2025-10-01 23:32:59,035 migration_service Invalid serial format: 
WARNING 2025-10-01 23:32:59,035 migration_service Invalid serial format: 
WARNING 2025-10-01 23:32:59,035 migration_service Invalid serial format: 
WARNING 2025-10-01 23:32:59,035 migration_service Invalid serial format: 
WARNING 2025-10-01 23:32:59,035 migration_service Invalid serial format: 
WARNING 2025-10-01 23:32:59,035 migration_service Invalid serial format: 
WARNING 2025-10-01 23:32:59,035 migration_service Invalid serial format: 
WARNING 2025-10-01 23:32:59,035 migration_service Invalid serial format: 
WARNING 2025-10-01 23:32:59,035 migration_service Invalid serial format: 
WARNING 2025-10-01 23:32:59,035 migration_service Invalid serial format: 
WARNING 2025-10-01 23:32:59,035 migration_service Invalid serial format: 
WARNING 2025-10-01 23:32:59,035 migration_service Invalid serial format: 
WARNING 2025-10-01 23:32:59,035 migration_service Invalid serial format: 
WARNING 2025-10-01 23:32:59,035 migration_service Invalid serial format: 
WARNING 2025-10-01 23:32:59,035 migration_service Invalid serial format: 
WARNING 2025-10-01 23:32:59,036 migration_service Invalid serial format: 
WARNING 2025-10-01 23:32:59,036 migration_service Invalid serial format: 
WARNING 2025-10-01 23:32:59,036 migration_service Invalid serial format: 
WARNING 2025-10-01 23:32:59,036 migration_service Invalid serial format: 
WARNING 2025-10-01 23:32:59,036 migration_service Invalid serial format: 
WARNING 2025-10-01 23:32:59,036 migration_service Invalid serial format: 
WARNING 2025-10-01 23:32:59,036 migration_service Invalid serial format: 
WARNING 2025-10-01 23:32:59,036 migration_service Invalid serial format: 
WARNING 2025-10-01 23:32:59,036 migration_service Invalid serial format: 
WARNING 2025-10-01 23:32:59,036 migration_service Invalid serial format: 
WARNING 2025-10-01 23:32:59,036 migration_service Invalid serial format: 
WARNING 2025-10-01 23:32:59,036 migration_service Invalid serial format: 
WARNING 2025-10-01 23:32:59,036 migration_service Invalid serial format: 
WARNING 2025-10-01 23:32:59,036 migration_service Invalid serial format: 
WARNING 2025-10-01 23:32:59,036 migration_service Invalid serial format: 
WARNING 2025-10-01 23:32:59,036 migration_service Invalid serial format: 
WARNING 2025-10-01 23:32:59,040 migration_service Invalid serial format: 
WARNING 2025-10-01 23:32:59,040 migration_service Invalid serial format: 
WARNING 2025-10-01 23:32:59,041 migration_service Invalid serial format: 
WARNING 2025-10-01 23:32:59,041 migration_service Invalid serial format: 
WARNING 2025-10-01 23:32:59,041 migration_service Invalid serial format: 
WARNING 2025-10-01 23:32:59,041 migration_service Invalid serial format: 
WARNING 2025-10-01 23:32:59,041 migration_service Invalid serial format: 
WARNING 2025-10-01 23:32:59,041 migration_service Invalid serial format: 
WARNING 2025-10-01 23:32:59,041 migration_service Invalid serial format: 
WARNING 2025-10-01 23:32:59,041 migration_service Invalid serial format: 
WARNING 2025-10-01 23:32:59,041 migration_service Invalid serial format: 
WARNING 2025-10-01 23:32:59,041 migration_service Invalid serial format: 
WARNING 2025-10-01 23:32:59,041 migration_service Invalid serial format: 
WARNING 2025-10-01 23:32:59,042 migration_service Invalid serial format: 
WARNING 2025-10-01 23:32:59,042 migration_service Invalid serial format: 
WARNING 2025-10-01 23:32:59,042 migration_service Invalid serial format: 
WARNING 2025-10-01 23:32:59,042 migration_service Invalid serial format: 
WARNING 2025-10-01 23:32:59,042 migration_service Invalid serial format: 
WARNING 2025-10-01 23:32:59,042 migration_service Invalid serial format: 
WARNING 2025-10-01 23:32:59,042 migration_service Invalid serial format: 
WARNING 2025-10-01 23:32:59,042 migration_service Invalid serial format: 
WARNING 2025-10-01 23:32:59,042 migration_service Invalid serial format: 
WARNING 2025-10-01 23:32:59,042 migration_service Invalid serial format: 
WARNING 2025-10-01 23:32:59,042 migration_service Invalid serial format: 
WARNING 2025-10-01 23:32:59,043 migration_service Invalid serial format: 
WARNING 2025-10-01 23:32:59,043 migration_service Invalid serial format: 
WARNING 2025-10-01 23:32:59,043 migration_service Invalid serial format: 
WARNING 2025-10-01 23:32:59,043 migration_service Invalid serial format: 
WARNING 2025-10-01 23:32:59,043 migration_service Invalid serial format: 
WARNING 2025-10-01 23:32:59,043 migration_service Invalid serial format: 
WARNING 2025-10-01 23:32:59,043 migration_service Invalid serial format: 
WARNING 2025-10-01 23:32:59,043 migration_service Invalid serial format: 
WARNING 2025-10-01 23:32:59,043 migration_service Invalid serial format: 
WARNING 2025-10-01 23:32:59,043 migration_service Invalid serial format: 
WARNING 2025-10-01 23:32:59,043 migration_service Invalid serial format: 
WARNING 2025-10-01 23:32:59,043 migration_service Invalid serial format: 
WARNING 2025-10-01 23:32:59,043 migration_service Invalid serial format: 
WARNING 2025-10-01 23:32:59,044 migration_service Invalid serial format: 
WARNING 2025-10-01 23:32:59,044 migration_service Invalid serial format: 
WARNING 2025-10-01 23:32:59,044 migration_service Invalid serial format: 
WARNING 2025-10-01 23:32:59,044 migration_service Invalid serial format: 
WARNING 2025-10-01 23:32:59,044 migration_service Invalid serial format: 
WARNING 2025-10-01 23:32:59,044 migration_service Invalid serial format: 
WARNING 2025-10-01 23:32:59,044 migration_service Invalid serial format: 
WARNING 2025-10-01 23:32:59,044 migration_service Invalid serial format: 
WARNING 2025-10-01 23:32:59,044 migration_service Invalid serial format: 
WARNING 2025-10-01 23:32:59,044 migration_service Invalid serial format: 
WARNING 2025-10-01 23:32:59,044 migration_service Invalid serial format: 
WARNING 2025-10-01 23:32:59,044 migration_service Invalid serial format: 
WARNING 2025-10-01 23:32:59,044 migration_service Invalid serial format: 
WARNING 2025-10-01 23:32:59,044 migration_service Invalid serial format: 
WARNING 2025-10-01 23:32:59,044 migration_service Invalid serial format: 
WARNING 2025-10-01 23:32:59,044 migration_service Invalid serial format: 
WARNING 2025-10-01 23:32:59,044 migration_service Invalid serial format: 
WARNING 2025-10-01 23:32:59,044 migration_service Invalid serial format: 
WARNING 2025-10-01 23:32:59,044 migration_service Invalid serial format: 
WARNING 2025-10-01 23:32:59,045 migration_service Invalid serial format: 
WARNING 2025-10-01 23:32:59,045 migration_service Invalid serial format: 
WARNING 2025-10-01 23:32:59,045 migration_service Invalid serial format: 
WARNING 2025-10-01 23:32:59,045 migration_service Invalid serial format: 
WARNING 2025-10-01 23:32:59,045 migration_service Invalid serial format: 
WARNING 2025-10-01 23:32:59,045 migration_service Invalid serial format: 
WARNING 2025-10-01 23:32:59,045 migration_service Invalid serial format: 
WARNING 2025-10-01 23:32:59,045 migration_service Invalid serial format: 
WARNING 2025-10-01 23:32:59,045 migration_service Invalid serial format: 
WARNING 2025-10-01 23:32:59,045 migration_service Invalid serial format: 
WARNING 2025-10-01 23:32:59,045 migration_service Invalid serial format: 
WARNING 2025-10-01 23:32:59,045 migration_service Invalid serial format: 
WARNING 2025-10-01 23:32:59,045 migration_service Invalid serial format: 
WARNING 2025-10-01 23:32:59,045 migration_service Invalid serial format: 
WARNING 2025-10-01 23:32:59,045 migration_service Invalid serial format: 
WARNING 2025-10-01 23:32:59,045 migration_service Invalid serial format: 
WARNING 2025-10-01 23:32:59,045 migration_service Invalid serial format: 
WARNING 2025-10-01 23:32:59,045 migration_service Invalid serial format: 
WARNING 2025-10-01 23:32:59,045 migration_service Invalid serial format: 
WARNING 2025-10-01 23:32:59,046 migration_service Invalid serial format: 
WARNING 2025-10-01 23:32:59,046 migration_service Invalid serial format: 
WARNING 2025-10-01 23:32:59,046 migration_service Invalid serial format: 
WARNING 2025-10-01 23:32:59,046 migration_service Invalid serial format: 
WARNING 2025-10-01 23:32:59,046 migration_service Invalid serial format: 
WARNING 2025-10-01 23:32:59,046 migration_service Invalid serial format: 
WARNING 2025-10-01 23:32:59,046 migration_service Invalid serial format: 
WARNING 2025-10-01 23:32:59,046 migration_service Invalid serial format: 
WARNING 2025-10-01 23:32:59,046 migration_service Invalid serial format: 
WARNING 2025-10-01 23:32:59,046 migration_service Invalid serial format: 
WARNING 2025-10-01 23:32:59,046 migration_service Invalid serial format: 
WARNING 2025-10-01 23:32:59,046 migration_service Invalid serial format: 
WARNING 2025-10-01 23:32:59,046 migration_service Invalid serial format: 
WARNING 2025-10-01 23:32:59,046 migration_service Invalid serial format: 
WARNING 2025-10-01 23:32:59,046 migration_service Invalid serial format: 
WARNING 2025-10-01 23:32:59,046 migration_service Invalid serial format: 
WARNING 2025-10-01 23:32:59,046 migration_service Invalid serial format: 
WARNING 2025-10-01 23:32:59,046 migration_service Invalid serial format: 
WARNING 2025-10-01 23:32:59,046 migration_service Invalid serial format: 
WARNING 2025-10-01 23:32:59,046 migration_service Invalid serial format: 
WARNING 2025-10-01 23:32:59,047 migration_service Invalid serial format: 
WARNING 2025-10-01 23:32:59,047 migration_service Invalid serial format: 
WARNING 2025-10-01 23:32:59,047 migration_service Invalid serial format: 
WARNING 2025-10-01 23:32:59,047 migration_service Invalid serial format: 
WARNING 2025-10-01 23:32:59,047 migration_service Invalid serial format: 
WARNING 2025-10-01 23:32:59,047 migration_service Invalid serial format: 
WARNING 2025-10-01 23:32:59,047 migration_service Invalid serial format: 
WARNING 2025-10-01 23:32:59,047 migration_service Invalid serial format: 
WARNING 2025-10-01 23:32:59,047 migration_service Invalid serial format: 
WARNING 2025-10-01 23:32:59,047 migration_service Invalid serial format: 
WARNING 2025-10-01 23:32:59,047 migration_service Invalid serial format: 
WARNING 2025-10-01 23:32:59,047 migration_service Invalid serial format: 
WARNING 2025-10-01 23:32:59,047 migration_service Invalid serial format: 
WARNING 2025-10-01 23:32:59,047 migration_service Invalid serial format: 
WARNING 2025-10-01 23:32:59,047 migration_service Invalid serial format: 
WARNING 2025-10-01 23:32:59,047 migration_service Invalid serial format: 
WARNING 2025-10-01 23:32:59,047 migration_service Invalid serial format: 
WARNING 2025-10-01 23:32:59,047 migration_service Invalid serial format: 
WARNING 2025-10-01 23:32:59,047 migration_service Invalid serial format: 
WARNING 2025-10-01 23:32:59,048 migration_service Invalid serial format: 
WARNING 2025-10-01 23:32:59,048 migration_service Invalid serial format: 
WARNING 2025-10-01 23:32:59,048 migration_service Invalid serial format: 
WARNING 2025-10-01 23:32:59,048 migration_service Invalid serial format: 
WARNING 2025-10-01 23:32:59,048 migration_service Invalid serial format: 
WARNING 2025-10-01 23:32:59,048 migration_service Invalid serial format: 
WARNING 2025-10-01 23:32:59,048 migration_service Invalid serial format: 
WARNING 2025-10-01 23:32:59,048 migration_service Invalid serial format: 
WARNING 2025-10-01 23:32:59,048 migration_service Invalid serial format: 
WARNING 2025-10-01 23:32:59,048 migration_service Invalid serial format: 
WARNING 2025-10-01 23:32:59,048 migration_service Invalid serial format: 
WARNING 2025-10-01 23:32:59,048 migration_service Invalid serial format: 
WARNING 2025-10-01 23:32:59,048 migration_service Invalid serial format: 
WARNING 2025-10-01 23:32:59,048 migration_service Invalid serial format: 
WARNING 2025-10-01 23:32:59,048 migration_service Invalid serial format: 
WARNING 2025-10-01 23:32:59,048 migration_service Invalid serial format: 
WARNING 2025-10-01 23:32:59,048 migration_service Invalid serial format: 
WARNING 2025-10-01 23:32:59,048 migration_service Invalid serial format: 
WARNING 2025-10-01 23:32:59,048 migration_service Invalid serial format: 
WARNING 2025-10-01 23:32:59,049 migration_service Invalid serial format: 
WARNING 2025-10-01 23:32:59,049 migration_service Invalid serial format: 
WARNING 2025-10-01 23:32:59,049 migration_service Invalid serial format: 
WARNING 2025-10-01 23:32:59,049 migration_service Invalid serial format: 
WARNING 2025-10-01 23:32:59,049 migration_service Invalid serial format: 
WARNING 2025-10-01 23:32:59,049 migration_service Invalid serial format: 
WARNING 2025-10-01 23:32:59,049 migration_service Invalid serial format: 
WARNING 2025-10-01 23:32:59,049 migration_service Invalid serial format: 
WARNING 2025-10-01 23:32:59,049 migration_service Invalid serial format: 
WARNING 2025-10-01 23:32:59,049 migration_service Invalid serial format: 
WARNING 2025-10-01 23:32:59,049 migration_service Invalid serial format: 
WARNING 2025-10-01 23:32:59,049 migration_service Invalid serial format: 
WARNING 2025-10-01 23:32:59,049 migration_service Invalid serial format: 
WARNING 2025-10-01 23:32:59,049 migration_service Invalid serial format: 
WARNING 2025-10-01 23:32:59,049 migration_service Invalid serial format: 
WARNING 2025-10-01 23:32:59,049 migration_service Invalid serial format: 
WARNING 2025-10-01 23:32:59,049 migration_service Invalid serial format: 
WARNING 2025-10-01 23:32:59,049 migration_service Invalid serial format: 
WARNING 2025-10-01 23:32:59,049 migration_service Invalid serial format: 
WARNING 2025-10-01 23:32:59,050 migration_service Invalid serial format: 
WARNING 2025-10-01 23:32:59,050 migration_service Invalid serial format: 
WARNING 2025-10-01 23:32:59,050 migration_service Invalid serial format: 
WARNING 2025-10-01 23:32:59,050 migration_service Invalid serial format: 
WARNING 2025-10-01 23:32:59,050 migration_service Invalid serial format: 
WARNING 2025-10-01 23:32:59,050 migration_service Invalid serial format: 
WARNING 2025-10-01 23:32:59,050 migration_service Invalid serial format: 
WARNING 2025-10-01 23:32:59,050 migration_service Invalid serial format: 
WARNING 2025-10-01 23:32:59,050 migration_service Invalid serial format: 
WARNING 2025-10-01 23:32:59,050 migration_service Invalid serial format: 
WARNING 2025-10-01 23:32:59,050 migration_service Invalid serial format: 
WARNING 2025-10-01 23:32:59,050 migration_service Invalid serial format: 
WARNING 2025-10-01 23:32:59,050 migration_service Invalid serial format: 
WARNING 2025-10-01 23:32:59,050 migration_service Invalid serial format: 
WARNING 2025-10-01 23:32:59,050 migration_service Invalid serial format: 
WARNING 2025-10-01 23:32:59,050 migration_service Invalid serial format: 
WARNING 2025-10-01 23:32:59,050 migration_service Invalid serial format: 
WARNING 2025-10-01 23:32:59,050 migration_service Invalid serial format: 
WARNING 2025-10-01 23:32:59,050 migration_service Invalid serial format: 
WARNING 2025-10-01 23:32:59,050 migration_service Invalid serial format: 
WARNING 2025-10-01 23:32:59,051 migration_service Invalid serial format: 
WARNING 2025-10-01 23:32:59,051 migration_service Invalid serial format: 
WARNING 2025-10-01 23:32:59,051 migration_service Invalid serial format: 
WARNING 2025-10-01 23:32:59,051 migration_service Invalid serial format: 
WARNING 2025-10-01 23:32:59,051 migration_service Invalid serial format: 
WARNING 2025-10-01 23:32:59,051 migration_service Invalid serial format: 
WARNING 2025-10-01 23:32:59,051 migration_service Invalid serial format: 
WARNING 2025-10-01 23:32:59,051 migration_service Invalid serial format: 
WARNING 2025-10-01 23:32:59,051 migration_service Invalid serial format: 
WARNING 2025-10-01 23:32:59,051 migration_service Invalid serial format: 
WARNING 2025-10-01 23:32:59,051 migration_service Invalid serial format: 
WARNING 2025-10-01 23:32:59,051 migration_service Invalid serial format: 
WARNING 2025-10-01 23:32:59,051 migration_service Invalid serial format: 
WARNING 2025-10-01 23:32:59,051 migration_service Invalid serial format: 
WARNING 2025-10-01 23:32:59,051 migration_service Invalid serial format: 
WARNING 2025-10-01 23:32:59,051 migration_service Invalid serial format: 
WARNING 2025-10-01 23:32:59,051 migration_service Invalid serial format: 
WARNING 2025-10-01 23:32:59,051 migration_service Invalid serial format: 
WARNING 2025-10-01 23:32:59,051 migration_service Invalid serial format: 
WARNING 2025-10-01 23:32:59,051 migration_service Invalid serial format: 
WARNING 2025-10-01 23:32:59,051 migration_service Invalid serial format: 
WARNING 2025-10-01 23:32:59,052 migration_service Invalid serial format: 
WARNING 2025-10-01 23:32:59,052 migration_service Invalid serial format: 
WARNING 2025-10-01 23:32:59,052 migration_service Invalid serial format: 
WARNING 2025-10-01 23:32:59,052 migration_service Invalid serial format: 
WARNING 2025-10-01 23:32:59,052 migration_service Invalid serial format: 
WARNING 2025-10-01 23:32:59,052 migration_service Invalid serial format: 
WARNING 2025-10-01 23:32:59,052 migration_service Invalid serial format: 
WARNING 2025-10-01 23:32:59,052 migration_service Invalid serial format: 
WARNING 2025-10-01 23:32:59,052 migration_service Invalid serial format: 
WARNING 2025-10-01 23:32:59,052 migration_service Invalid serial format: 
WARNING 2025-10-01 23:32:59,052 migration_service Invalid serial format: 
WARNING 2025-10-01 23:32:59,052 migration_service Invalid serial format: 
WARNING 2025-10-01 23:32:59,052 migration_service Invalid serial format: 
WARNING 2025-10-01 23:32:59,052 migration_service Invalid serial format: 
WARNING 2025-10-01 23:32:59,052 migration_service Invalid serial format: 
WARNING 2025-10-01 23:32:59,052 migration_service Invalid serial format: 
WARNING 2025-10-01 23:32:59,052 migration_service Invalid serial format: 
WARNING 2025-10-01 23:32:59,052 migration_service Invalid serial format: 
WARNING 2025-10-01 23:32:59,052 migration_service Invalid serial format: 
WARNING 2025-10-01 23:32:59,052 migration_service Invalid serial format: 
WARNING 2025-10-01 23:32:59,053 migration_service Invalid serial format: 
WARNING 2025-10-01 23:32:59,053 migration_service Invalid serial format: 
WARNING 2025-10-01 23:32:59,053 migration_service Invalid serial format: 
WARNING 2025-10-01 23:32:59,053 migration_service Invalid serial format: 
WARNING 2025-10-01 23:32:59,053 migration_service Invalid serial format: 
WARNING 2025-10-01 23:32:59,053 migration_service Invalid serial format: 
WARNING 2025-10-01 23:32:59,053 migration_service Invalid serial format: 
WARNING 2025-10-01 23:32:59,053 migration_service Invalid serial format: 
WARNING 2025-10-01 23:32:59,053 migration_service Invalid serial format: 
WARNING 2025-10-01 23:32:59,053 migration_service Invalid serial format: 
WARNING 2025-10-01 23:32:59,053 migration_service Invalid serial format: 
WARNING 2025-10-01 23:32:59,053 migration_service Invalid serial format: 
WARNING 2025-10-01 23:32:59,053 migration_service Invalid serial format: 
WARNING 2025-10-01 23:32:59,053 migration_service Invalid serial format: 
WARNING 2025-10-01 23:32:59,053 migration_service Invalid serial format: 
WARNING 2025-10-01 23:32:59,053 migration_service Invalid serial format: 
WARNING 2025-10-01 23:32:59,054 migration_service Invalid serial format: 
WARNING 2025-10-01 23:32:59,054 migration_service Invalid serial format: 
WARNING 2025-10-01 23:32:59,054 migration_service Invalid serial format: 
WARNING 2025-10-01 23:32:59,054 migration_service Invalid serial format: 
WARNING 2025-10-01 23:32:59,054 migration_service Invalid serial format: 
WARNING 2025-10-01 23:32:59,054 migration_service Invalid serial format: 
WARNING 2025-10-01 23:32:59,054 migration_service Invalid serial format: 
WARNING 2025-10-01 23:32:59,054 migration_service Invalid serial format: 
WARNING 2025-10-01 23:32:59,054 migration_service Invalid serial format: 
WARNING 2025-10-01 23:32:59,054 migration_service Invalid serial format: 
WARNING 2025-10-01 23:32:59,054 migration_service Invalid serial format: 
WARNING 2025-10-01 23:32:59,055 migration_service Invalid serial format: 
WARNING 2025-10-01 23:32:59,055 migration_service Invalid serial format: 
WARNING 2025-10-01 23:32:59,055 migration_service Invalid serial format: 
WARNING 2025-10-01 23:32:59,055 migration_service Invalid serial format: 
WARNING 2025-10-01 23:32:59,055 migration_service Invalid serial format: 
WARNING 2025-10-01 23:32:59,055 migration_service Invalid serial format: 
WARNING 2025-10-01 23:32:59,055 migration_service Invalid serial format: 
WARNING 2025-10-01 23:32:59,055 migration_service Invalid serial format: 
WARNING 2025-10-01 23:32:59,055 migration_service Invalid serial format: 
WARNING 2025-10-01 23:32:59,055 migration_service Invalid serial format: 
WARNING 2025-10-01 23:32:59,055 migration_service Invalid serial format: 
WARNING 2025-10-01 23:32:59,056 migration_service Invalid serial format: 
WARNING 2025-10-01 23:32:59,056 migration_service Invalid serial format: 
WARNING 2025-10-01 23:32:59,056 migration_service Invalid serial format: 
WARNING 2025-10-01 23:32:59,056 migration_service Invalid serial format: 
WARNING 2025-10-01 23:32:59,056 migration_service Invalid serial format: 
WARNING 2025-10-01 23:32:59,056 migration_service Invalid serial format: 
WARNING 2025-10-01 23:32:59,056 migration_service Invalid serial format: 
WARNING 2025-10-01 23:32:59,056 migration_service Invalid serial format: 
WARNING 2025-10-01 23:32:59,056 migration_service Invalid serial format: 
WARNING 2025-10-01 23:32:59,056 migration_service Invalid serial format: 
WARNING 2025-10-01 23:32:59,056 migration_service Invalid serial format: 
WARNING 2025-10-01 23:32:59,056 migration_service Invalid serial format: 
WARNING 2025-10-01 23:32:59,056 migration_service Invalid serial format: 
WARNING 2025-10-01 23:32:59,056 migration_service Invalid serial format: 
WARNING 2025-10-01 23:32:59,056 migration_service Invalid serial format: 
WARNING 2025-10-01 23:32:59,056 migration_service Invalid serial format: 
WARNING 2025-10-01 23:32:59,056 migration_service Invalid serial format: 
WARNING 2025-10-01 23:32:59,057 migration_service Invalid serial format: 
WARNING 2025-10-01 23:32:59,057 migration_service Invalid serial format: 
WARNING 2025-10-01 23:32:59,057 migration_service Invalid serial format: 
WARNING 2025-10-01 23:32:59,057 migration_service Invalid serial format: 
WARNING 2025-10-01 23:32:59,057 migration_service Invalid serial format: 
WARNING 2025-10-01 23:32:59,057 migration_service Invalid serial format: 
WARNING 2025-10-01 23:32:59,057 migration_service Invalid serial format: 
WARNING 2025-10-01 23:32:59,057 migration_service Invalid serial format: 
WARNING 2025-10-01 23:32:59,057 migration_service Invalid serial format: 
WARNING 2025-10-01 23:32:59,057 migration_service Invalid serial format: 
WARNING 2025-10-01 23:32:59,057 migration_service Invalid serial format: 
WARNING 2025-10-01 23:32:59,057 migration_service Invalid serial format: 
WARNING 2025-10-01 23:32:59,057 migration_service Invalid serial format: 
WARNING 2025-10-01 23:32:59,057 migration_service Invalid serial format: 
WARNING 2025-10-01 23:32:59,057 migration_service Invalid serial format: 
WARNING 2025-10-01 23:32:59,057 migration_service Invalid serial format: 
WARNING 2025-10-01 23:32:59,057 migration_service Invalid serial format: 
WARNING 2025-10-01 23:32:59,057 migration_service Invalid serial format: 
WARNING 2025-10-01 23:32:59,058 migration_service Invalid serial format: 
WARNING 2025-10-01 23:32:59,058 migration_service Invalid serial format: 
WARNING 2025-10-01 23:32:59,058 migration_service Invalid serial format: 
WARNING 2025-10-01 23:32:59,058 migration_service Invalid serial format: 
WARNING 2025-10-01 23:32:59,058 migration_service Invalid serial format: 
WARNING 2025-10-01 23:32:59,058 migration_service Invalid serial format: 
WARNING 2025-10-01 23:32:59,058 migration_service Invalid serial format: 
WARNING 2025-10-01 23:32:59,058 migration_service Invalid serial format: 
WARNING 2025-10-01 23:32:59,058 migration_service Invalid serial format: 
WARNING 2025-10-01 23:32:59,058 migration_service Invalid serial format: 
WARNING 2025-10-01 23:32:59,058 migration_service Invalid serial format: 
WARNING 2025-10-01 23:32:59,058 migration_service Invalid serial format: 
WARNING 2025-10-01 23:32:59,058 migration_service Invalid serial format: 
WARNING 2025-10-01 23:32:59,058 migration_service Invalid serial format: 
WARNING 2025-10-01 23:32:59,058 migration_service Invalid serial format: 
WARNING 2025-10-01 23:32:59,058 migration_service Invalid serial format: 
WARNING 2025-10-01 23:32:59,058 migration_service Invalid serial format: 
WARNING 2025-10-01 23:32:59,058 migration_service Invalid serial format: 
WARNING 2025-10-01 23:32:59,058 migration_service Invalid serial format: 
WARNING 2025-10-01 23:32:59,059 migration_service Invalid serial format: 
WARNING 2025-10-01 23:32:59,059 migration_service Invalid serial format: 
WARNING 2025-10-01 23:32:59,059 migration_service Invalid serial format: 
WARNING 2025-10-01 23:32:59,059 migration_service Invalid serial format: 
WARNING 2025-10-01 23:32:59,059 migration_service Invalid serial format: 
WARNING 2025-10-01 23:32:59,059 migration_service Invalid serial format: 
WARNING 2025-10-01 23:32:59,059 migration_service Invalid serial format: 
WARNING 2025-10-01 23:32:59,059 migration_service Invalid serial format: 
WARNING 2025-10-01 23:32:59,059 migration_service Invalid serial format: 
WARNING 2025-10-01 23:32:59,059 migration_service Invalid serial format: 
WARNING 2025-10-01 23:32:59,059 migration_service Invalid serial format: 
WARNING 2025-10-01 23:32:59,059 migration_service Invalid serial format: 
WARNING 2025-10-01 23:32:59,059 migration_service Invalid serial format: 
WARNING 2025-10-01 23:32:59,059 migration_service Invalid serial format: 
WARNING 2025-10-01 23:32:59,059 migration_service Invalid serial format: 
WARNING 2025-10-01 23:32:59,059 migration_service Invalid serial format: 
WARNING 2025-10-01 23:32:59,060 migration_service Invalid serial format: 
WARNING 2025-10-01 23:32:59,060 migration_service Invalid serial format: 
WARNING 2025-10-01 23:32:59,060 migration_service Invalid serial format: 
WARNING 2025-10-01 23:32:59,060 migration_service Invalid serial format: 
WARNING 2025-10-01 23:32:59,060 migration_service Invalid serial format: 
WARNING 2025-10-01 23:32:59,060 migration_service Invalid serial format: 
WARNING 2025-10-01 23:32:59,060 migration_service Invalid serial format: 
WARNING 2025-10-01 23:32:59,060 migration_service Invalid serial format: 
WARNING 2025-10-01 23:32:59,060 migration_service Invalid serial format: 
WARNING 2025-10-01 23:32:59,060 migration_service Invalid serial format: 
WARNING 2025-10-01 23:32:59,060 migration_service Invalid serial format: 
WARNING 2025-10-01 23:32:59,060 migration_service Invalid serial format: 
WARNING 2025-10-01 23:32:59,060 migration_service Invalid serial format: 
WARNING 2025-10-01 23:32:59,060 migration_service Invalid serial format: 
WARNING 2025-10-01 23:32:59,060 migration_service Invalid serial format: 
WARNING 2025-10-01 23:32:59,060 migration_service Invalid serial format: 
WARNING 2025-10-01 23:32:59,060 migration_service Invalid serial format: 
WARNING 2025-10-01 23:32:59,060 migration_service Invalid serial format: 
WARNING 2025-10-01 23:32:59,061 migration_service Invalid serial format: 
WARNING 2025-10-01 23:32:59,061 migration_service Invalid serial format: 
WARNING 2025-10-01 23:32:59,061 migration_service Invalid serial format: 
WARNING 2025-10-01 23:32:59,061 migration_service Invalid serial format: 
WARNING 2025-10-01 23:32:59,061 migration_service Invalid serial format: 
WARNING 2025-10-01 23:32:59,061 migration_service Invalid serial format: 
WARNING 2025-10-01 23:32:59,061 migration_service Invalid serial format: 
WARNING 2025-10-01 23:32:59,061 migration_service Invalid serial format: 
WARNING 2025-10-01 23:32:59,061 migration_service Invalid serial format: 
WARNING 2025-10-01 23:32:59,061 migration_service Invalid serial format: 
WARNING 2025-10-01 23:32:59,061 migration_service Invalid serial format: 
WARNING 2025-10-01 23:32:59,061 migration_service Invalid serial format: 
WARNING 2025-10-01 23:32:59,061 migration_service Invalid serial format: 
WARNING 2025-10-01 23:32:59,061 migration_service Invalid serial format: 
WARNING 2025-10-01 23:32:59,061 migration_service Invalid serial format: 
WARNING 2025-10-01 23:32:59,061 migration_service Invalid serial format: 
WARNING 2025-10-01 23:32:59,061 migration_service Invalid serial format: 
WARNING 2025-10-01 23:32:59,061 migration_service Invalid serial format: 
WARNING 2025-10-01 23:32:59,061 migration_service Invalid serial format: 
WARNING 2025-10-01 23:32:59,062 migration_service Invalid serial format: 
WARNING 2025-10-01 23:32:59,062 migration_service Invalid serial format: 
WARNING 2025-10-01 23:32:59,062 migration_service Invalid serial format: 
WARNING 2025-10-01 23:32:59,062 migration_service Invalid serial format: 
WARNING 2025-10-01 23:32:59,062 migration_service Invalid serial format: 
WARNING 2025-10-01 23:32:59,062 migration_service Invalid serial format: 
WARNING 2025-10-01 23:32:59,062 migration_service Invalid serial format: 
WARNING 2025-10-01 23:32:59,062 migration_service Invalid serial format: 
WARNING 2025-10-01 23:32:59,062 migration_service Invalid serial format: 
WARNING 2025-10-01 23:32:59,062 migration_service Invalid serial format: 
WARNING 2025-10-01 23:32:59,062 migration_service Invalid serial format: 
WARNING 2025-10-01 23:32:59,062 migration_service Invalid serial format: 
WARNING 2025-10-01 23:32:59,062 migration_service Invalid serial format: 
WARNING 2025-10-01 23:32:59,062 migration_service Invalid serial format: 
WARNING 2025-10-01 23:32:59,062 migration_service Invalid serial format: 
WARNING 2025-10-01 23:32:59,062 migration_service Invalid serial format: 
WARNING 2025-10-01 23:32:59,062 migration_service Invalid serial format: 
WARNING 2025-10-01 23:32:59,062 migration_service Invalid serial format: 
WARNING 2025-10-01 23:32:59,063 migration_service Invalid serial format: 
WARNING 2025-10-01 23:32:59,063 migration_service Invalid serial format: 
WARNING 2025-10-01 23:32:59,063 migration_service Invalid serial format: 
WARNING 2025-10-01 23:32:59,063 migration_service Invalid serial format: 
WARNING 2025-10-01 23:32:59,063 migration_service Invalid serial format: 
WARNING 2025-10-01 23:32:59,063 migration_service Invalid serial format: 
WARNING 2025-10-01 23:32:59,063 migration_service Invalid serial format: 
WARNING 2025-10-01 23:32:59,063 migration_service Invalid serial format: 
WARNING 2025-10-01 23:32:59,063 migration_service Invalid serial format: 
WARNING 2025-10-01 23:32:59,063 migration_service Invalid serial format: 
WARNING 2025-10-01 23:32:59,063 migration_service Invalid serial format: 
WARNING 2025-10-01 23:32:59,063 migration_service Invalid serial format: 
WARNING 2025-10-01 23:32:59,063 migration_service Invalid serial format: 
WARNING 2025-10-01 23:32:59,063 migration_service Invalid serial format: 
WARNING 2025-10-01 23:32:59,063 migration_service Invalid serial format: 
WARNING 2025-10-01 23:32:59,063 migration_service Invalid serial format: 
WARNING 2025-10-01 23:32:59,063 migration_service Invalid serial format: 
WARNING 2025-10-01 23:32:59,063 migration_service Invalid serial format: 
WARNING 2025-10-01 23:32:59,064 migration_service Invalid serial format: 
WARNING 2025-10-01 23:32:59,064 migration_service Invalid serial format: 
WARNING 2025-10-01 23:32:59,064 migration_service Invalid serial format: 
WARNING 2025-10-01 23:32:59,064 migration_service Invalid serial format: 
WARNING 2025-10-01 23:32:59,064 migration_service Invalid serial format: 
WARNING 2025-10-01 23:32:59,064 migration_service Invalid serial format: 
WARNING 2025-10-01 23:32:59,064 migration_service Invalid serial format: 
WARNING 2025-10-01 23:32:59,064 migration_service Invalid serial format: 
WARNING 2025-10-01 23:32:59,064 migration_service Invalid serial format: 
WARNING 2025-10-01 23:32:59,064 migration_service Invalid serial format: 
WARNING 2025-10-01 23:32:59,064 migration_service Invalid serial format: 
WARNING 2025-10-01 23:32:59,064 migration_service Invalid serial format: 
WARNING 2025-10-01 23:32:59,064 migration_service Invalid serial format: 
WARNING 2025-10-01 23:32:59,064 migration_service Invalid serial format: 
WARNING 2025-10-01 23:32:59,064 migration_service Invalid serial format: 
WARNING 2025-10-01 23:32:59,064 migration_service Invalid serial format: 
WARNING 2025-10-01 23:32:59,064 migration_service Invalid serial format: 
WARNING 2025-10-01 23:32:59,064 migration_service Invalid serial format: 
WARNING 2025-10-01 23:32:59,064 migration_service Invalid serial format: 
WARNING 2025-10-01 23:32:59,065 migration_service Invalid serial format: 
WARNING 2025-10-01 23:32:59,065 migration_service Invalid serial format: 
WARNING 2025-10-01 23:32:59,065 migration_service Invalid serial format: 
WARNING 2025-10-01 23:32:59,065 migration_service Invalid serial format: 
WARNING 2025-10-01 23:32:59,065 migration_service Invalid serial format: 
WARNING 2025-10-01 23:32:59,065 migration_service Invalid serial format: 
WARNING 2025-10-01 23:32:59,065 migration_service Invalid serial format: 
WARNING 2025-10-01 23:32:59,065 migration_service Invalid serial format: 
WARNING 2025-10-01 23:32:59,065 migration_service Invalid serial format: 
WARNING 2025-10-01 23:32:59,065 migration_service Invalid serial format: 
WARNING 2025-10-01 23:32:59,065 migration_service Invalid serial format: 
WARNING 2025-10-01 23:32:59,065 migration_service Invalid serial format: 
WARNING 2025-10-01 23:32:59,065 migration_service Invalid serial format: 
WARNING 2025-10-01 23:32:59,065 migration_service Invalid serial format: 
WARNING 2025-10-01 23:32:59,066 migration_service Invalid serial format: 
WARNING 2025-10-01 23:32:59,066 migration_service Invalid serial format: 
WARNING 2025-10-01 23:32:59,066 migration_service Invalid serial format: 
WARNING 2025-10-01 23:32:59,066 migration_service Invalid serial format: 
WARNING 2025-10-01 23:32:59,066 migration_service Invalid serial format: 
WARNING 2025-10-01 23:32:59,066 migration_service Invalid serial format: 
WARNING 2025-10-01 23:32:59,066 migration_service Invalid serial format: 
WARNING 2025-10-01 23:32:59,066 migration_service Invalid serial format: 
WARNING 2025-10-01 23:32:59,066 migration_service Invalid serial format: 
WARNING 2025-10-01 23:32:59,066 migration_service Invalid serial format: 
WARNING 2025-10-01 23:32:59,066 migration_service Invalid serial format: 
WARNING 2025-10-01 23:32:59,067 migration_service Invalid serial format: 
WARNING 2025-10-01 23:32:59,067 migration_service Invalid serial format: 
WARNING 2025-10-01 23:32:59,067 migration_service Invalid serial format: 
WARNING 2025-10-01 23:32:59,067 migration_service Invalid serial format: 
WARNING 2025-10-01 23:32:59,067 migration_service Invalid serial format: 
WARNING 2025-10-01 23:32:59,067 migration_service Invalid serial format: 
WARNING 2025-10-01 23:32:59,067 migration_service Invalid serial format: 
WARNING 2025-10-01 23:32:59,067 migration_service Invalid serial format: 
WARNING 2025-10-01 23:32:59,067 migration_service Invalid serial format: 
WARNING 2025-10-01 23:32:59,067 migration_service Invalid serial format: 
WARNING 2025-10-01 23:32:59,068 migration_service Invalid serial format: 
WARNING 2025-10-01 23:32:59,068 migration_service Invalid serial format: 
WARNING 2025-10-01 23:32:59,068 migration_service Invalid serial format: 
WARNING 2025-10-01 23:32:59,068 migration_service Invalid serial format: 
WARNING 2025-10-01 23:32:59,068 migration_service Invalid serial format: 
WARNING 2025-10-01 23:32:59,068 migration_service Invalid serial format: 
WARNING 2025-10-01 23:32:59,068 migration_service Invalid serial format: 
WARNING 2025-10-01 23:32:59,068 migration_service Invalid serial format: 
WARNING 2025-10-01 23:32:59,068 migration_service Invalid serial format: 
WARNING 2025-10-01 23:32:59,068 migration_service Invalid serial format: 
WARNING 2025-10-01 23:32:59,068 migration_service Invalid serial format: 
WARNING 2025-10-01 23:32:59,068 migration_service Invalid serial format: 
WARNING 2025-10-01 23:32:59,069 migration_service Invalid serial format: 
WARNING 2025-10-01 23:32:59,069 migration_service Invalid serial format: 
WARNING 2025-10-01 23:32:59,069 migration_service Invalid serial format: 
WARNING 2025-10-01 23:32:59,069 migration_service Invalid serial format: 
WARNING 2025-10-01 23:32:59,069 migration_service Invalid serial format: 
WARNING 2025-10-01 23:32:59,069 migration_service Invalid serial format: 
WARNING 2025-10-01 23:32:59,069 migration_service Invalid serial format: 
WARNING 2025-10-01 23:32:59,069 migration_service Invalid serial format: 
WARNING 2025-10-01 23:32:59,069 migration_service Invalid serial format: 
WARNING 2025-10-01 23:32:59,069 migration_service Invalid serial format: 
WARNING 2025-10-01 23:32:59,070 migration_service Invalid serial format: 
WARNING 2025-10-01 23:32:59,070 migration_service Invalid serial format: 
WARNING 2025-10-01 23:32:59,070 migration_service Invalid serial format: 
WARNING 2025-10-01 23:32:59,070 migration_service Invalid serial format: 
WARNING 2025-10-01 23:32:59,070 migration_service Invalid serial format: 
WARNING 2025-10-01 23:32:59,070 migration_service Invalid serial format: 
WARNING 2025-10-01 23:32:59,070 migration_service Invalid serial format: 
WARNING 2025-10-01 23:32:59,070 migration_service Invalid serial format: 
WARNING 2025-10-01 23:32:59,070 migration_service Invalid serial format: 
WARNING 2025-10-01 23:32:59,070 migration_service Invalid serial format: 
WARNING 2025-10-01 23:32:59,070 migration_service Invalid serial format: 
WARNING 2025-10-01 23:32:59,070 migration_service Invalid serial format: 
WARNING 2025-10-01 23:32:59,070 migration_service Invalid serial format: 
WARNING 2025-10-01 23:32:59,071 migration_service Invalid serial format: 
WARNING 2025-10-01 23:32:59,071 migration_service Invalid serial format: 
WARNING 2025-10-01 23:32:59,071 migration_service Invalid serial format: 
WARNING 2025-10-01 23:32:59,071 migration_service Invalid serial format: 
WARNING 2025-10-01 23:32:59,071 migration_service Invalid serial format: 
WARNING 2025-10-01 23:32:59,071 migration_service Invalid serial format: 
WARNING 2025-10-01 23:32:59,071 migration_service Invalid serial format: 
WARNING 2025-10-01 23:32:59,071 migration_service Invalid serial format: 
WARNING 2025-10-01 23:32:59,071 migration_service Invalid serial format: 
WARNING 2025-10-01 23:32:59,071 migration_service Invalid serial format: 
WARNING 2025-10-01 23:32:59,072 migration_service Invalid serial format: 
WARNING 2025-10-01 23:32:59,072 migration_service Invalid serial format: 
WARNING 2025-10-01 23:32:59,072 migration_service Invalid serial format: 
WARNING 2025-10-01 23:32:59,072 migration_service Invalid serial format: 
WARNING 2025-10-01 23:32:59,072 migration_service Invalid serial format: 
WARNING 2025-10-01 23:32:59,072 migration_service Invalid serial format: 
WARNING 2025-10-01 23:32:59,072 migration_service Invalid serial format: 
WARNING 2025-10-01 23:32:59,072 migration_service Invalid serial format: 
WARNING 2025-10-01 23:32:59,072 migration_service Invalid serial format: 
WARNING 2025-10-01 23:32:59,072 migration_service Invalid serial format: 
WARNING 2025-10-01 23:32:59,072 migration_service Invalid serial format: 
WARNING 2025-10-01 23:32:59,073 migration_service Invalid serial format: 
WARNING 2025-10-01 23:32:59,073 migration_service Invalid serial format: 
WARNING 2025-10-01 23:32:59,073 migration_service Invalid serial format: 
WARNING 2025-10-01 23:32:59,073 migration_service Invalid serial format: 
WARNING 2025-10-01 23:32:59,073 migration_service Invalid serial format: 
WARNING 2025-10-01 23:32:59,073 migration_service Invalid serial format: 
WARNING 2025-10-01 23:32:59,073 migration_service Invalid serial format: 
WARNING 2025-10-01 23:32:59,073 migration_service Invalid serial format: 
WARNING 2025-10-01 23:32:59,073 migration_service Invalid serial format: 
WARNING 2025-10-01 23:32:59,073 migration_service Invalid serial format: 
WARNING 2025-10-01 23:32:59,073 migration_service Invalid serial format: 
WARNING 2025-10-01 23:32:59,073 migration_service Invalid serial format: 
WARNING 2025-10-01 23:32:59,073 migration_service Invalid serial format: 
WARNING 2025-10-01 23:32:59,073 migration_service Invalid serial format: 
WARNING 2025-10-01 23:32:59,073 migration_service Invalid serial format: 
WARNING 2025-10-01 23:32:59,073 migration_service Invalid serial format: 
WARNING 2025-10-01 23:32:59,073 migration_service Invalid serial format: 
WARNING 2025-10-01 23:32:59,073 migration_service Invalid serial format: 
WARNING 2025-10-01 23:32:59,074 migration_service Invalid serial format: 
WARNING 2025-10-01 23:32:59,074 migration_service Invalid serial format: 
WARNING 2025-10-01 23:32:59,074 migration_service Invalid serial format: 
WARNING 2025-10-01 23:32:59,074 migration_service Invalid serial format: 
WARNING 2025-10-01 23:32:59,074 migration_service Invalid serial format: 
WARNING 2025-10-01 23:32:59,074 migration_service Invalid serial format: 
WARNING 2025-10-01 23:32:59,074 migration_service Invalid serial format: 
WARNING 2025-10-01 23:32:59,074 migration_service Invalid serial format: 
WARNING 2025-10-01 23:32:59,074 migration_service Invalid serial format: 
WARNING 2025-10-01 23:32:59,074 migration_service Invalid serial format: 
WARNING 2025-10-01 23:32:59,074 migration_service Invalid serial format: 
WARNING 2025-10-01 23:32:59,074 migration_service Invalid serial format: 
WARNING 2025-10-01 23:32:59,074 migration_service Invalid serial format: 
WARNING 2025-10-01 23:32:59,074 migration_service Invalid serial format: 
WARNING 2025-10-01 23:32:59,074 migration_service Invalid serial format: 
WARNING 2025-10-01 23:32:59,074 migration_service Invalid serial format: 
WARNING 2025-10-01 23:32:59,074 migration_service Invalid serial format: 
WARNING 2025-10-01 23:32:59,075 migration_service Invalid serial format: 
WARNING 2025-10-01 23:32:59,075 migration_service Invalid serial format: 
WARNING 2025-10-01 23:32:59,075 migration_service Invalid serial format: 
WARNING 2025-10-01 23:32:59,075 migration_service Invalid serial format: 
WARNING 2025-10-01 23:32:59,075 migration_service Invalid serial format: 
WARNING 2025-10-01 23:32:59,075 migration_service Invalid serial format: 
WARNING 2025-10-01 23:32:59,075 migration_service Invalid serial format: 
WARNING 2025-10-01 23:32:59,075 migration_service Invalid serial format: 
WARNING 2025-10-01 23:32:59,075 migration_service Invalid serial format: 
WARNING 2025-10-01 23:32:59,075 migration_service Invalid serial format: 
WARNING 2025-10-01 23:32:59,075 migration_service Invalid serial format: 
WARNING 2025-10-01 23:32:59,075 migration_service Invalid serial format: 
WARNING 2025-10-01 23:32:59,075 migration_service Invalid serial format: 
WARNING 2025-10-01 23:32:59,075 migration_service Invalid serial format: 
WARNING 2025-10-01 23:32:59,075 migration_service Invalid serial format: 
WARNING 2025-10-01 23:32:59,075 migration_service Invalid serial format: 
WARNING 2025-10-01 23:32:59,075 migration_service Invalid serial format: 
WARNING 2025-10-01 23:32:59,075 migration_service Invalid serial format: 
WARNING 2025-10-01 23:32:59,076 migration_service Invalid serial format: 
WARNING 2025-10-01 23:32:59,076 migration_service Invalid serial format: 
WARNING 2025-10-01 23:32:59,076 migration_service Invalid serial format: 
WARNING 2025-10-01 23:32:59,076 migration_service Invalid serial format: 
WARNING 2025-10-01 23:32:59,076 migration_service Invalid serial format: 
WARNING 2025-10-01 23:32:59,076 migration_service Invalid serial format: 
WARNING 2025-10-01 23:32:59,076 migration_service Invalid serial format: 
WARNING 2025-10-01 23:32:59,076 migration_service Invalid serial format: 
WARNING 2025-10-01 23:32:59,076 migration_service Invalid serial format: 
WARNING 2025-10-01 23:32:59,076 migration_service Invalid serial format: 
WARNING 2025-10-01 23:32:59,076 migration_service Invalid serial format: 
WARNING 2025-10-01 23:32:59,076 migration_service Invalid serial format: 
WARNING 2025-10-01 23:32:59,076 migration_service Invalid serial format: 
WARNING 2025-10-01 23:32:59,076 migration_service Invalid serial format: 
WARNING 2025-10-01 23:32:59,077 migration_service Invalid serial format: 
WARNING 2025-10-01 23:32:59,077 migration_service Invalid serial format: 
WARNING 2025-10-01 23:32:59,077 migration_service Invalid serial format: 
WARNING 2025-10-01 23:32:59,077 migration_service Invalid serial format: 
WARNING 2025-10-01 23:32:59,077 migration_service Invalid serial format: 
WARNING 2025-10-01 23:32:59,077 migration_service Invalid serial format: 
WARNING 2025-10-01 23:32:59,077 migration_service Invalid serial format: 
WARNING 2025-10-01 23:32:59,077 migration_service Invalid serial format: 
WARNING 2025-10-01 23:32:59,077 migration_service Invalid serial format: 
WARNING 2025-10-01 23:32:59,077 migration_service Invalid serial format: 
WARNING 2025-10-01 23:32:59,077 migration_service Invalid serial format: 
WARNING 2025-10-01 23:32:59,077 migration_service Invalid serial format: 
WARNING 2025-10-01 23:32:59,077 migration_service Invalid serial format: 
WARNING 2025-10-01 23:32:59,077 migration_service Invalid serial format: 
WARNING 2025-10-01 23:32:59,077 migration_service Invalid serial format: 
WARNING 2025-10-01 23:32:59,077 migration_service Invalid serial format: 
WARNING 2025-10-01 23:32:59,078 migration_service Invalid serial format: 
WARNING 2025-10-01 23:32:59,078 migration_service Invalid serial format: 
WARNING 2025-10-01 23:32:59,078 migration_service Invalid serial format: 
WARNING 2025-10-01 23:32:59,078 migration_service Invalid serial format: 
WARNING 2025-10-01 23:32:59,078 migration_service Invalid serial format: 
WARNING 2025-10-01 23:32:59,078 migration_service Invalid serial format: 
WARNING 2025-10-01 23:32:59,078 migration_service Invalid serial format: 
WARNING 2025-10-01 23:32:59,078 migration_service Invalid serial format: 
WARNING 2025-10-01 23:32:59,078 migration_service Invalid serial format: 
WARNING 2025-10-01 23:32:59,078 migration_service Invalid serial format: 
WARNING 2025-10-01 23:32:59,078 migration_service Invalid serial format: 
WARNING 2025-10-01 23:32:59,078 migration_service Invalid serial format: 
WARNING 2025-10-01 23:32:59,078 migration_service Invalid serial format: 
WARNING 2025-10-01 23:32:59,078 migration_service Invalid serial format: 
WARNING 2025-10-01 23:32:59,078 migration_service Invalid serial format: 
WARNING 2025-10-01 23:32:59,079 migration_service Invalid serial format: 
WARNING 2025-10-01 23:32:59,079 migration_service Invalid serial format: 
WARNING 2025-10-01 23:32:59,079 migration_service Invalid serial format: 
WARNING 2025-10-01 23:32:59,079 migration_service Invalid serial format: 
WARNING 2025-10-01 23:32:59,079 migration_service Invalid serial format: 
WARNING 2025-10-01 23:32:59,079 migration_service Invalid serial format: 
WARNING 2025-10-01 23:32:59,079 migration_service Invalid serial format: 
WARNING 2025-10-01 23:32:59,079 migration_service Invalid serial format: 
WARNING 2025-10-01 23:32:59,079 migration_service Invalid serial format: 
WARNING 2025-10-01 23:32:59,079 migration_service Invalid serial format: 
WARNING 2025-10-01 23:32:59,079 migration_service Invalid serial format: 
WARNING 2025-10-01 23:32:59,079 migration_service Invalid serial format: 
WARNING 2025-10-01 23:32:59,079 migration_service Invalid serial format: 
WARNING 2025-10-01 23:32:59,079 migration_service Invalid serial format: 
WARNING 2025-10-01 23:32:59,079 migration_service Invalid serial format: 
WARNING 2025-10-01 23:32:59,080 migration_service Invalid serial format: 
WARNING 2025-10-01 23:32:59,080 migration_service Invalid serial format: 
WARNING 2025-10-01 23:32:59,080 migration_service Invalid serial format: 
WARNING 2025-10-01 23:32:59,080 migration_service Invalid serial format: 
WARNING 2025-10-01 23:32:59,080 migration_service Invalid serial format: 
WARNING 2025-10-01 23:32:59,080 migration_service Invalid serial format: 
WARNING 2025-10-01 23:32:59,080 migration_service Invalid serial format: 
WARNING 2025-10-01 23:32:59,080 migration_service Invalid serial format: 
WARNING 2025-10-01 23:32:59,080 migration_service Invalid serial format: 
WARNING 2025-10-01 23:32:59,080 migration_service Invalid serial format: 
WARNING 2025-10-01 23:32:59,080 migration_service Invalid serial format: 
WARNING 2025-10-01 23:32:59,080 migration_service Invalid serial format: 
WARNING 2025-10-01 23:32:59,080 migration_service Invalid serial format: 
WARNING 2025-10-01 23:32:59,080 migration_service Invalid serial format: 
WARNING 2025-10-01 23:32:59,081 migration_service Invalid serial format: 
WARNING 2025-10-01 23:32:59,081 migration_service Invalid serial format: 
WARNING 2025-10-01 23:32:59,081 migration_service Invalid serial format: 
WARNING 2025-10-01 23:32:59,081 migration_service Invalid serial format: 
WARNING 2025-10-01 23:32:59,081 migration_service Invalid serial format: 
WARNING 2025-10-01 23:32:59,081 migration_service Invalid serial format: 
WARNING 2025-10-01 23:32:59,081 migration_service Invalid serial format: 
WARNING 2025-10-01 23:32:59,081 migration_service Invalid serial format: 
WARNING 2025-10-01 23:32:59,081 migration_service Invalid serial format: 
WARNING 2025-10-01 23:32:59,081 migration_service Invalid serial format: 
WARNING 2025-10-01 23:32:59,081 migration_service Invalid serial format: 
WARNING 2025-10-01 23:32:59,081 migration_service Invalid serial format: 
WARNING 2025-10-01 23:32:59,081 migration_service Invalid serial format: 
WARNING 2025-10-01 23:32:59,081 migration_service Invalid serial format: 
WARNING 2025-10-01 23:32:59,081 migration_service Invalid serial format: 
WARNING 2025-10-01 23:32:59,082 migration_service Invalid serial format: 
WARNING 2025-10-01 23:32:59,082 migration_service Invalid serial format: 
WARNING 2025-10-01 23:32:59,082 migration_service Invalid serial format: 
WARNING 2025-10-01 23:32:59,082 migration_service Invalid serial format: 
WARNING 2025-10-01 23:32:59,082 migration_service Invalid serial format: 
WARNING 2025-10-01 23:32:59,082 migration_service Invalid serial format: 
WARNING 2025-10-01 23:32:59,082 migration_service Invalid serial format: 
WARNING 2025-10-01 23:32:59,082 migration_service Invalid serial format: 
WARNING 2025-10-01 23:32:59,082 migration_service Invalid serial format: 
WARNING 2025-10-01 23:32:59,082 migration_service Invalid serial format: 
WARNING 2025-10-01 23:32:59,082 migration_service Invalid serial format: 
WARNING 2025-10-01 23:32:59,082 migration_service Invalid serial format: 
WARNING 2025-10-01 23:32:59,082 migration_service Invalid serial format: 
WARNING 2025-10-01 23:32:59,082 migration_service Invalid serial format: 
WARNING 2025-10-01 23:32:59,082 migration_service Invalid serial format: 
WARNING 2025-10-01 23:32:59,083 migration_service Invalid serial format: 
WARNING 2025-10-01 23:32:59,083 migration_service Invalid serial format: 
WARNING 2025-10-01 23:32:59,083 migration_service Invalid serial format: 
WARNING 2025-10-01 23:32:59,083 migration_service Invalid serial format: 
WARNING 2025-10-01 23:32:59,083 migration_service Invalid serial format: 
WARNING 2025-10-01 23:32:59,083 migration_service Invalid serial format: 
WARNING 2025-10-01 23:32:59,083 migration_service Invalid serial format: 
WARNING 2025-10-01 23:32:59,083 migration_service Invalid serial format: 
WARNING 2025-10-01 23:32:59,083 migration_service Invalid serial format: 
WARNING 2025-10-01 23:32:59,083 migration_service Invalid serial format: 
WARNING 2025-10-01 23:32:59,083 migration_service Invalid serial format: 
WARNING 2025-10-01 23:32:59,083 migration_service Invalid serial format: 
WARNING 2025-10-01 23:32:59,083 migration_service Invalid serial format: 
WARNING 2025-10-01 23:32:59,083 migration_service Invalid serial format: 
WARNING 2025-10-01 23:32:59,083 migration_service Invalid serial format: 
WARNING 2025-10-01 23:32:59,083 migration_service Invalid serial format: 
WARNING 2025-10-01 23:32:59,084 migration_service Invalid serial format: 
WARNING 2025-10-01 23:32:59,084 migration_service Invalid serial format: 
WARNING 2025-10-01 23:32:59,084 migration_service Invalid serial format: 
WARNING 2025-10-01 23:32:59,084 migration_service Invalid serial format: 
WARNING 2025-10-01 23:32:59,084 migration_service Invalid serial format: 
WARNING 2025-10-01 23:32:59,084 migration_service Invalid serial format: 
WARNING 2025-10-01 23:32:59,084 migration_service Invalid serial format: 
WARNING 2025-10-01 23:32:59,084 migration_service Invalid serial format: 
WARNING 2025-10-01 23:32:59,084 migration_service Invalid serial format: 
WARNING 2025-10-01 23:32:59,084 migration_service Invalid serial format: 
WARNING 2025-10-01 23:32:59,084 migration_service Invalid serial format: 
WARNING 2025-10-01 23:32:59,085 migration_service Invalid serial format: 
WARNING 2025-10-01 23:32:59,085 migration_service Invalid serial format: 
WARNING 2025-10-01 23:32:59,085 migration_service Invalid serial format: 
WARNING 2025-10-01 23:32:59,085 migration_service Invalid serial format: 
WARNING 2025-10-01 23:32:59,085 migration_service Invalid serial format: 
WARNING 2025-10-01 23:32:59,085 migration_service Invalid serial format: 
WARNING 2025-10-01 23:32:59,085 migration_service Invalid serial format: 
WARNING 2025-10-01 23:32:59,085 migration_service Invalid serial format: 
WARNING 2025-10-01 23:32:59,085 migration_service Invalid serial format: 
WARNING 2025-10-01 23:32:59,085 migration_service Invalid serial format: 
WARNING 2025-10-01 23:32:59,085 migration_service Invalid serial format: 
WARNING 2025-10-01 23:32:59,086 migration_service Invalid serial format: 
WARNING 2025-10-01 23:32:59,086 migration_service Invalid serial format: 
WARNING 2025-10-01 23:32:59,086 migration_service Invalid serial format: 
WARNING 2025-10-01 23:32:59,086 migration_service Invalid serial format: 
WARNING 2025-10-01 23:32:59,086 migration_service Invalid serial format: 
WARNING 2025-10-01 23:32:59,086 migration_service Invalid serial format: 
WARNING 2025-10-01 23:32:59,086 migration_service Invalid serial format: 
WARNING 2025-10-01 23:32:59,086 migration_service Invalid serial format: 
WARNING 2025-10-01 23:32:59,086 migration_service Invalid serial format: 
WARNING 2025-10-01 23:32:59,086 migration_service Invalid serial format: 
WARNING 2025-10-01 23:32:59,086 migration_service Invalid serial format: 
WARNING 2025-10-01 23:32:59,086 migration_service Invalid serial format: 
WARNING 2025-10-01 23:32:59,086 migration_service Invalid serial format: 
WARNING 2025-10-01 23:32:59,087 migration_service Invalid serial format: 
WARNING 2025-10-01 23:32:59,087 migration_service Invalid serial format: 
WARNING 2025-10-01 23:32:59,087 migration_service Invalid serial format: 
WARNING 2025-10-01 23:32:59,087 migration_service Invalid serial format: 
WARNING 2025-10-01 23:32:59,087 migration_service Invalid serial format: 
WARNING 2025-10-01 23:32:59,087 migration_service Invalid serial format: 
WARNING 2025-10-01 23:32:59,087 migration_service Invalid serial format: 
WARNING 2025-10-01 23:32:59,087 migration_service Invalid serial format: 
WARNING 2025-10-01 23:32:59,087 migration_service Invalid serial format: 
WARNING 2025-10-01 23:32:59,087 migration_service Invalid serial format: 
WARNING 2025-10-01 23:32:59,087 migration_service Invalid serial format: 
WARNING 2025-10-01 23:32:59,087 migration_service Invalid serial format: 
WARNING 2025-10-01 23:32:59,087 migration_service Invalid serial format: 
WARNING 2025-10-01 23:32:59,087 migration_service Invalid serial format: 
WARNING 2025-10-01 23:32:59,087 migration_service Invalid serial format: 
WARNING 2025-10-01 23:32:59,087 migration_service Invalid serial format: 
WARNING 2025-10-01 23:32:59,087 migration_service Invalid serial format: 
WARNING 2025-10-01 23:32:59,087 migration_service Invalid serial format: 
WARNING 2025-10-01 23:32:59,088 migration_service Invalid serial format: 
WARNING 2025-10-01 23:32:59,088 migration_service Invalid serial format: 
WARNING 2025-10-01 23:32:59,088 migration_service Invalid serial format: 
WARNING 2025-10-01 23:32:59,088 migration_service Invalid serial format: 
WARNING 2025-10-01 23:32:59,088 migration_service Invalid serial format: 
WARNING 2025-10-01 23:32:59,088 migration_service Invalid serial format: 
WARNING 2025-10-01 23:32:59,088 migration_service Invalid serial format: 
WARNING 2025-10-01 23:32:59,088 migration_service Invalid serial format: 
WARNING 2025-10-01 23:32:59,088 migration_service Invalid serial format: 
WARNING 2025-10-01 23:32:59,088 migration_service Invalid serial format: 
WARNING 2025-10-01 23:32:59,088 migration_service Invalid serial format: 
WARNING 2025-10-01 23:32:59,088 migration_service Invalid serial format: 
WARNING 2025-10-01 23:32:59,088 migration_service Invalid serial format: 
WARNING 2025-10-01 23:32:59,088 migration_service Invalid serial format: 
WARNING 2025-10-01 23:32:59,088 migration_service Invalid serial format: 
WARNING 2025-10-01 23:32:59,088 migration_service Invalid serial format: 
WARNING 2025-10-01 23:32:59,088 migration_service Invalid serial format: 
WARNING 2025-10-01 23:32:59,088 migration_service Invalid serial format: 
WARNING 2025-10-01 23:32:59,089 migration_service Invalid serial format: 
WARNING 2025-10-01 23:32:59,089 migration_service Invalid serial format: 
WARNING 2025-10-01 23:32:59,089 migration_service Invalid serial format: 
WARNING 2025-10-01 23:32:59,089 migration_service Invalid serial format: 
WARNING 2025-10-01 23:32:59,089 migration_service Invalid serial format: 
WARNING 2025-10-01 23:32:59,089 migration_service Invalid serial format: 
WARNING 2025-10-01 23:32:59,089 migration_service Invalid serial format: 
WARNING 2025-10-01 23:32:59,089 migration_service Invalid serial format: 
WARNING 2025-10-01 23:32:59,089 migration_service Invalid serial format: 
WARNING 2025-10-01 23:32:59,089 migration_service Invalid serial format: 
WARNING 2025-10-01 23:32:59,089 migration_service Invalid serial format: 
WARNING 2025-10-01 23:32:59,089 migration_service Invalid serial format: 
WARNING 2025-10-01 23:32:59,089 migration_service Invalid serial format: 
WARNING 2025-10-01 23:32:59,089 migration_service Invalid serial format: 
WARNING 2025-10-01 23:32:59,089 migration_service Invalid serial format: 
WARNING 2025-10-01 23:32:59,089 migration_service Invalid serial format: 
WARNING 2025-10-01 23:32:59,089 migration_service Invalid serial format: 
WARNING 2025-10-01 23:32:59,089 migration_service Invalid serial format: 
WARNING 2025-10-01 23:32:59,090 migration_service Invalid serial format: 
WARNING 2025-10-01 23:32:59,090 migration_service Invalid serial format: 
WARNING 2025-10-01 23:32:59,090 migration_service Invalid serial format: 
WARNING 2025-10-01 23:32:59,090 migration_service Invalid serial format: 
WARNING 2025-10-01 23:32:59,090 migration_service Invalid serial format: 
WARNING 2025-10-01 23:32:59,090 migration_service Invalid serial format: 
WARNING 2025-10-01 23:32:59,090 migration_service Invalid serial format: 
WARNING 2025-10-01 23:32:59,090 migration_service Invalid serial format: 
WARNING 2025-10-01 23:32:59,090 migration_service Invalid serial format: 
WARNING 2025-10-01 23:32:59,090 migration_service Invalid serial format: 
WARNING 2025-10-01 23:32:59,090 migration_service Invalid serial format: 
WARNING 2025-10-01 23:32:59,090 migration_service Invalid serial format: 
WARNING 2025-10-01 23:32:59,090 migration_service Invalid serial format: 
WARNING 2025-10-01 23:32:59,090 migration_service Invalid serial format: 
WARNING 2025-10-01 23:32:59,090 migration_service Invalid serial format: 
WARNING 2025-10-01 23:32:59,090 migration_service Invalid serial format: 
WARNING 2025-10-01 23:32:59,090 migration_service Invalid serial format: 
WARNING 2025-10-01 23:32:59,091 migration_service Invalid serial format: 
WARNING 2025-10-01 23:32:59,091 migration_service Invalid serial format: 
WARNING 2025-10-01 23:32:59,091 migration_service Invalid serial format: 
WARNING 2025-10-01 23:32:59,091 migration_service Invalid serial format: 
WARNING 2025-10-01 23:32:59,091 migration_service Invalid serial format: 
WARNING 2025-10-01 23:32:59,091 migration_service Invalid serial format: 
WARNING 2025-10-01 23:32:59,091 migration_service Invalid serial format: 
WARNING 2025-10-01 23:32:59,091 migration_service Invalid serial format: 
WARNING 2025-10-01 23:32:59,091 migration_service Invalid serial format: 
WARNING 2025-10-01 23:32:59,091 migration_service Invalid serial format: 
WARNING 2025-10-01 23:32:59,091 migration_service Invalid serial format: 
WARNING 2025-10-01 23:32:59,091 migration_service Invalid serial format: 
WARNING 2025-10-01 23:32:59,091 migration_service Invalid serial format: 
WARNING 2025-10-01 23:32:59,091 migration_service Invalid serial format: 
WARNING 2025-10-01 23:32:59,091 migration_service Invalid serial format: 
WARNING 2025-10-01 23:32:59,091 migration_service Invalid serial format: 
WARNING 2025-10-01 23:32:59,091 migration_service Invalid serial format: 
WARNING 2025-10-01 23:32:59,091 migration_service Invalid serial format: 
WARNING 2025-10-01 23:32:59,091 migration_service Invalid serial format: 
WARNING 2025-10-01 23:32:59,092 migration_service Invalid serial format: 
WARNING 2025-10-01 23:32:59,092 migration_service Invalid serial format: 
WARNING 2025-10-01 23:32:59,092 migration_service Invalid serial format: 
WARNING 2025-10-01 23:32:59,092 migration_service Invalid serial format: 
WARNING 2025-10-01 23:32:59,092 migration_service Invalid serial format: 
WARNING 2025-10-01 23:32:59,092 migration_service Invalid serial format: 
WARNING 2025-10-01 23:32:59,092 migration_service Invalid serial format: 
WARNING 2025-10-01 23:32:59,092 migration_service Invalid serial format: 
WARNING 2025-10-01 23:32:59,092 migration_service Invalid serial format: 
WARNING 2025-10-01 23:32:59,092 migration_service Invalid serial format: 
WARNING 2025-10-01 23:32:59,092 migration_service Invalid serial format: 
WARNING 2025-10-01 23:32:59,092 migration_service Invalid serial format: 
WARNING 2025-10-01 23:32:59,092 migration_service Invalid serial format: 
WARNING 2025-10-01 23:32:59,092 migration_service Invalid serial format: 
WARNING 2025-10-01 23:32:59,092 migration_service Invalid serial format: 
WARNING 2025-10-01 23:32:59,092 migration_service Invalid serial format: 
WARNING 2025-10-01 23:32:59,092 migration_service Invalid serial format: 
WARNING 2025-10-01 23:32:59,092 migration_service Invalid serial format: 
WARNING 2025-10-01 23:32:59,093 migration_service Invalid serial format: 
WARNING 2025-10-01 23:32:59,093 migration_service Invalid serial format: 
WARNING 2025-10-01 23:32:59,093 migration_service Invalid serial format: 
WARNING 2025-10-01 23:32:59,093 migration_service Invalid serial format: 
WARNING 2025-10-01 23:32:59,093 migration_service Invalid serial format: 
WARNING 2025-10-01 23:32:59,093 migration_service Invalid serial format: 
WARNING 2025-10-01 23:32:59,093 migration_service Invalid serial format: 
WARNING 2025-10-01 23:32:59,093 migration_service Invalid serial format: 
WARNING 2025-10-01 23:32:59,093 migration_service Invalid serial format: 
WARNING 2025-10-01 23:32:59,497 migration_service Invalid serial format: 
WARNING 2025-10-01 23:32:59,497 migration_service Invalid serial format: 
WARNING 2025-10-01 23:32:59,497 migration_service Invalid serial format: 
WARNING 2025-10-01 23:32:59,497 migration_service Invalid serial format: 
WARNING 2025-10-01 23:32:59,497 migration_service Invalid serial format: 
WARNING 2025-10-01 23:32:59,497 migration_service Invalid serial format: 
WARNING 2025-10-01 23:32:59,498 migration_service Invalid serial format: 
WARNING 2025-10-01 23:32:59,498 migration_service Invalid serial format: 
WARNING 2025-10-01 23:32:59,498 migration_service Invalid serial format: 
WARNING 2025-10-01 23:32:59,498 migration_service Invalid serial format: 
WARNING 2025-10-01 23:32:59,498 migration_service Invalid serial format: 
WARNING 2025-10-01 23:32:59,498 migration_service Invalid serial format: 
WARNING 2025-10-01 23:32:59,498 migration_service Invalid serial format: 
WARNING 2025-10-01 23:32:59,498 migration_service Invalid serial format: 
WARNING 2025-10-01 23:32:59,498 migration_service Invalid serial format: 
WARNING 2025-10-01 23:32:59,498 migration_service Invalid serial format: 
WARNING 2025-10-01 23:32:59,498 migration_service Invalid serial format: 
WARNING 2025-10-01 23:32:59,499 migration_service Invalid serial format: 
WARNING 2025-10-01 23:32:59,499 migration_service Invalid serial format: 
WARNING 2025-10-01 23:32:59,499 migration_service Invalid serial format: 
WARNING 2025-10-01 23:32:59,499 migration_service Invalid serial format: 
WARNING 2025-10-01 23:32:59,499 migration_service Invalid serial format: 
WARNING 2025-10-01 23:32:59,499 migration_service Invalid serial format: 
WARNING 2025-10-01 23:32:59,499 migration_service Invalid serial format: 
WARNING 2025-10-01 23:32:59,499 migration_service Invalid serial format: 
WARNING 2025-10-01 23:32:59,499 migration_service Invalid serial format: 
WARNING 2025-10-01 23:32:59,499 migration_service Invalid serial format: 
WARNING 2025-10-01 23:32:59,500 migration_service Invalid serial format: 
WARNING 2025-10-01 23:32:59,500 migration_service Invalid serial format: 
WARNING 2025-10-01 23:32:59,500 migration_service Invalid serial format: 
WARNING 2025-10-01 23:32:59,500 migration_service Invalid serial format: 
WARNING 2025-10-01 23:32:59,500 migration_service Invalid serial format: 
WARNING 2025-10-01 23:32:59,500 migration_service Invalid serial format: 
WARNING 2025-10-01 23:32:59,500 migration_service Invalid serial format: 
WARNING 2025-10-01 23:32:59,500 migration_service Invalid serial format: 
WARNING 2025-10-01 23:32:59,500 migration_service Invalid serial format: 
WARNING 2025-10-01 23:32:59,500 migration_service Invalid serial format: 
WARNING 2025-10-01 23:32:59,500 migration_service Invalid serial format: 
WARNING 2025-10-01 23:32:59,500 migration_service Invalid serial format: 
WARNING 2025-10-01 23:32:59,501 migration_service Invalid serial format: 
WARNING 2025-10-01 23:32:59,501 migration_service Invalid serial format: 
WARNING 2025-10-01 23:32:59,501 migration_service Invalid serial format: 
WARNING 2025-10-01 23:32:59,501 migration_service Invalid serial format: 
WARNING 2025-10-01 23:32:59,501 migration_service Invalid serial format: 
WARNING 2025-10-01 23:32:59,501 migration_service Invalid serial format: 
WARNING 2025-10-01 23:32:59,501 migration_service Invalid serial format: 
WARNING 2025-10-01 23:32:59,501 migration_service Invalid serial format: 
WARNING 2025-10-01 23:32:59,501 migration_service Invalid serial format: 
WARNING 2025-10-01 23:32:59,501 migration_service Invalid serial format: 
WARNING 2025-10-01 23:32:59,501 migration_service Invalid serial format: 
WARNING 2025-10-01 23:32:59,502 migration_service Invalid serial format: 
WARNING 2025-10-01 23:32:59,502 migration_service Invalid serial format: 
WARNING 2025-10-01 23:32:59,502 migration_service Invalid serial format: 
WARNING 2025-10-01 23:32:59,502 migration_service Invalid serial format: 
WARNING 2025-10-01 23:32:59,502 migration_service Invalid serial format: 
WARNING 2025-10-01 23:32:59,502 migration_service Invalid serial format: 
WARNING 2025-10-01 23:32:59,502 migration_service Invalid serial format: 
WARNING 2025-10-01 23:32:59,502 migration_service Invalid serial format: 
WARNING 2025-10-01 23:32:59,502 migration_service Invalid serial format: 
WARNING 2025-10-01 23:32:59,502 migration_service Invalid serial format: 
WARNING 2025-10-01 23:32:59,502 migration_service Invalid serial format: 
WARNING 2025-10-01 23:32:59,502 migration_service Invalid serial format: 
WARNING 2025-10-01 23:32:59,503 migration_service Invalid serial format: 
WARNING 2025-10-01 23:32:59,503 migration_service Invalid serial format: 
WARNING 2025-10-01 23:32:59,503 migration_service Invalid serial format: 
WARNING 2025-10-01 23:32:59,503 migration_service Invalid serial format: 
WARNING 2025-10-01 23:32:59,503 migration_service Invalid serial format: 
WARNING 2025-10-01 23:32:59,503 migration_service Invalid serial format: 
WARNING 2025-10-01 23:32:59,503 migration_service Invalid serial format: 
WARNING 2025-10-01 23:32:59,503 migration_service Invalid serial format: 
WARNING 2025-10-01 23:32:59,503 migration_service Invalid serial format: 
WARNING 2025-10-01 23:32:59,503 migration_service Invalid serial format: 
WARNING 2025-10-01 23:32:59,503 migration_service Invalid serial format: 
WARNING 2025-10-01 23:32:59,503 migration_service Invalid serial format: 
WARNING 2025-10-01 23:32:59,504 migration_service Invalid serial format: 
WARNING 2025-10-01 23:32:59,504 migration_service Invalid serial format: 
WARNING 2025-10-01 23:32:59,504 migration_service Invalid serial format: 
WARNING 2025-10-01 23:32:59,504 migration_service Invalid serial format: 
WARNING 2025-10-01 23:32:59,504 migration_service Invalid serial format: 
WARNING 2025-10-01 23:32:59,504 migration_service Invalid serial format: 
WARNING 2025-10-01 23:32:59,504 migration_service Invalid serial format: 
WARNING 2025-10-01 23:32:59,504 migration_service Invalid serial format: 
WARNING 2025-10-01 23:32:59,504 migration_service Invalid serial format: 
WARNING 2025-10-01 23:32:59,504 migration_service Invalid serial format: 
WARNING 2025-10-01 23:32:59,504 migration_service Invalid serial format: 
WARNING 2025-10-01 23:32:59,504 migration_service Invalid serial format: 
WARNING 2025-10-01 23:32:59,505 migration_service Invalid serial format: 
WARNING 2025-10-01 23:32:59,505 migration_service Invalid serial format: 
WARNING 2025-10-01 23:32:59,505 migration_service Invalid serial format: 
WARNING 2025-10-01 23:32:59,505 migration_service Invalid serial format: 
WARNING 2025-10-01 23:32:59,505 migration_service Invalid serial format: 
WARNING 2025-10-01 23:32:59,505 migration_service Invalid serial format: 
WARNING 2025-10-01 23:32:59,505 migration_service Invalid serial format: 
WARNING 2025-10-01 23:32:59,505 migration_service Invalid serial format: 
WARNING 2025-10-01 23:32:59,505 migration_service Invalid serial format: 
WARNING 2025-10-01 23:32:59,505 migration_service Invalid serial format: 
WARNING 2025-10-01 23:32:59,505 migration_service Invalid serial format: 
WARNING 2025-10-01 23:32:59,505 migration_service Invalid serial format: 
WARNING 2025-10-01 23:32:59,507 migration_service Invalid serial format: 
WARNING 2025-10-01 23:32:59,507 migration_service Invalid serial format: 
WARNING 2025-10-01 23:32:59,507 migration_service Invalid serial format: 
WARNING 2025-10-01 23:32:59,507 migration_service Invalid serial format: 
WARNING 2025-10-01 23:32:59,507 migration_service Invalid serial format: 
WARNING 2025-10-01 23:32:59,507 migration_service Invalid serial format: 
WARNING 2025-10-01 23:32:59,507 migration_service Invalid serial format: 
WARNING 2025-10-01 23:32:59,507 migration_service Invalid serial format: 
WARNING 2025-10-01 23:32:59,508 migration_service Invalid serial format: 
WARNING 2025-10-01 23:32:59,508 migration_service Invalid serial format: 
WARNING 2025-10-01 23:32:59,508 migration_service Invalid serial format: 
WARNING 2025-10-01 23:32:59,508 migration_service Invalid serial format: 
WARNING 2025-10-01 23:32:59,508 migration_service Invalid serial format: 
WARNING 2025-10-01 23:32:59,508 migration_service Invalid serial format: 
WARNING 2025-10-01 23:32:59,508 migration_service Invalid serial format: 
WARNING 2025-10-01 23:32:59,509 migration_service Invalid serial format: 
WARNING 2025-10-01 23:32:59,509 migration_service Invalid serial format: 
WARNING 2025-10-01 23:32:59,509 migration_service Invalid serial format: 
WARNING 2025-10-01 23:32:59,509 migration_service Invalid serial format: 
WARNING 2025-10-01 23:32:59,509 migration_service Invalid serial format: 
WARNING 2025-10-01 23:32:59,509 migration_service Invalid serial format: 
WARNING 2025-10-01 23:32:59,509 migration_service Invalid serial format: 
WARNING 2025-10-01 23:32:59,509 migration_service Invalid serial format: 
WARNING 2025-10-01 23:32:59,509 migration_service Invalid serial format: 
WARNING 2025-10-01 23:32:59,510 migration_service Invalid serial format: 
WARNING 2025-10-01 23:32:59,510 migration_service Invalid serial format: 
WARNING 2025-10-01 23:32:59,510 migration_service Invalid serial format: 
WARNING 2025-10-01 23:32:59,510 migration_service Invalid serial format: 
WARNING 2025-10-01 23:32:59,510 migration_service Invalid serial format: 
WARNING 2025-10-01 23:32:59,510 migration_service Invalid serial format: 
WARNING 2025-10-01 23:32:59,510 migration_service Invalid serial format: 
WARNING 2025-10-01 23:32:59,510 migration_service Invalid serial format: 
WARNING 2025-10-01 23:32:59,511 migration_service Invalid serial format: 
WARNING 2025-10-01 23:32:59,511 migration_service Invalid serial format: 
WARNING 2025-10-01 23:32:59,511 migration_service Invalid serial format: 
WARNING 2025-10-01 23:32:59,511 migration_service Invalid serial format: 
WARNING 2025-10-01 23:32:59,511 migration_service Invalid serial format: 
WARNING 2025-10-01 23:32:59,511 migration_service Invalid serial format: 
WARNING 2025-10-01 23:32:59,511 migration_service Invalid serial format: 
WARNING 2025-10-01 23:32:59,511 migration_service Invalid serial format: 
WARNING 2025-10-01 23:32:59,511 migration_service Invalid serial format: 
WARNING 2025-10-01 23:32:59,511 migration_service Invalid serial format: 
WARNING 2025-10-01 23:32:59,511 migration_service Invalid serial format: 
WARNING 2025-10-01 23:32:59,511 migration_service Invalid serial format: 
WARNING 2025-10-01 23:32:59,511 migration_service Invalid serial format: 
WARNING 2025-10-01 23:32:59,511 migration_service Invalid serial format: 
WARNING 2025-10-01 23:32:59,511 migration_service Invalid serial format: 
WARNING 2025-10-01 23:32:59,511 migration_service Invalid serial format: 
WARNING 2025-10-01 23:32:59,512 migration_service Invalid serial format: 
WARNING 2025-10-01 23:32:59,512 migration_service Invalid serial format: 
WARNING 2025-10-01 23:32:59,512 migration_service Invalid serial format: 
WARNING 2025-10-01 23:32:59,512 migration_service Invalid serial format: 
WARNING 2025-10-01 23:32:59,512 migration_service Invalid serial format: 
WARNING 2025-10-01 23:32:59,512 migration_service Invalid serial format: 
WARNING 2025-10-01 23:32:59,512 migration_service Invalid serial format: 
WARNING 2025-10-01 23:32:59,512 migration_service Invalid serial format: 
WARNING 2025-10-01 23:32:59,512 migration_service Invalid serial format: 
WARNING 2025-10-01 23:32:59,512 migration_service Invalid serial format: 
WARNING 2025-10-01 23:32:59,512 migration_service Invalid serial format: 
WARNING 2025-10-01 23:32:59,512 migration_service Invalid serial format: 
WARNING 2025-10-01 23:32:59,512 migration_service Invalid serial format: 
WARNING 2025-10-01 23:32:59,512 migration_service Invalid serial format: 
WARNING 2025-10-01 23:32:59,512 migration_service Invalid serial format: 
WARNING 2025-10-01 23:32:59,512 migration_service Invalid serial format: 
WARNING 2025-10-01 23:32:59,512 migration_service Invalid serial format: 
INFO 2025-10-01 23:32:59,525 migration_service ✓ Transformed 379165 records
INFO 2025-10-01 23:32:59,526 migration_service 🔍 Checking for duplicates...
WARNING 2025-10-01 23:33:04,346 migration_service ⚠ Found 995 duplicates (skipped)
INFO 2025-10-01 23:33:04,346 migration_service 💾 Bulk inserting 378170 records...
ERROR 2025-10-01 23:33:07,794 migration_service ❌ [FAST] Failed: Working!A:G - null value in column "date" of relation "vendor_data" violates not-null constraint
DETAIL:  Failing row contains (1, null, null, RA-CH2-INF-W1-RT05-181, null, null, null, null, 3DE TECH, 2025-10-01 23:32:55.205172+00, 2025-10-01 23:32:55.205177+00).
CONTEXT:  COPY vendor_data, line 1: ",,RA-CH2-INF-W1-RT05-181,,,,,3DE TECH,2025-10-01 23:32:55.205172+00:00,2025-10-01 23:32:55.205177+00..."

ERROR 2025-10-01 23:33:07,795 migration_service ✗ Migration failed for Working!A:G: null value in column "date" of relation "vendor_data" violates not-null constraint
DETAIL:  Failing row contains (1, null, null, RA-CH2-INF-W1-RT05-181, null, null, null, null, 3DE TECH, 2025-10-01 23:32:55.205172+00, 2025-10-01 23:32:55.205177+00).
CONTEXT:  COPY vendor_data, line 1: ",,RA-CH2-INF-W1-RT05-181,,,,,3DE TECH,2025-10-01 23:32:55.205172+00:00,2025-10-01 23:32:55.205177+00..."

ERROR 2025-10-01 23:33:42,467 google_sheets ✗ Failed to extract data from IHC!A:M: The read operation timed out
ERROR 2025-10-01 23:33:42,475 migration_service ❌ [FAST] Failed: IHC!A:M - No data found in sheet
ERROR 2025-10-01 23:33:42,476 migration_service ✗ Migration failed for IHC!A:M: No data found in sheet
ERROR 2025-10-01 23:33:42,667 google_sheets ✗ Failed to extract data from 3DE TECH!A:M: The read operation timed out
ERROR 2025-10-01 23:33:42,675 migration_service ❌ [FAST] Failed: 3DE TECH!A:M - No data found in sheet
ERROR 2025-10-01 23:33:42,675 migration_service ✗ Migration failed for 3DE TECH!A:M: No data found in sheet
ERROR 2025-10-01 23:33:43,086 google_sheets ✗ Failed to extract data from Working!A:O: The read operation timed out
ERROR 2025-10-01 23:33:43,093 migration_service ❌ [FAST] Failed: Working!A:O - No data found in sheet
ERROR 2025-10-01 23:33:43,093 migration_service ✗ Migration failed for Working!A:O: No data found in sheet
ERROR 2025-10-01 23:33:43,267 google_sheets ✗ Failed to extract data from FINAL STATUS!A:I: The read operation timed out
ERROR 2025-10-01 23:33:43,276 migration_service ❌ [FAST] Failed: FINAL STATUS!A:I - No data found in sheet
ERROR 2025-10-01 23:33:43,276 migration_service ✗ Migration failed for FINAL STATUS!A:I: No data found in sheet
ERROR 2025-10-01 23:33:43,492 google_sheets ✗ Failed to extract data from MAKENICA!A:M: The read operation timed out
ERROR 2025-10-01 23:33:43,500 migration_service ❌ [FAST] Failed: MAKENICA!A:M - No data found in sheet
ERROR 2025-10-01 23:33:43,500 migration_service ✗ Migration failed for MAKENICA!A:M: No data found in sheet
INFO 2025-10-01 23:40:00,724 google_sheets ✓ Google Sheets API connected
INFO 2025-10-01 23:40:18,382 google_sheets ✓ Extracted 392243 rows from Working!A:G
INFO 2025-10-01 23:40:46,499 views Starting migration in FAST mode for user flamefusion
INFO 2025-10-01 23:40:46,560 google_sheets ✓ Google Sheets API connected
INFO 2025-10-01 23:40:46,574 migration_service 🚀 [FAST] Starting migration: 3DE TECH!A:M → vqc_data
INFO 2025-10-01 23:40:46,574 migration_service 📥 Loading data from 3DE TECH!A:M...
INFO 2025-10-01 23:40:46,584 migration_service 🚀 [FAST] Starting migration: IHC!A:M → vqc_data
INFO 2025-10-01 23:40:46,584 migration_service 🚀 [FAST] Starting migration: Working!A:G → vendor_data
INFO 2025-10-01 23:40:46,595 migration_service 🚀 [FAST] Starting migration: MAKENICA!A:M → vqc_data
INFO 2025-10-01 23:40:46,605 migration_service 🚀 [FAST] Starting migration: Working!A:O → ft_data
INFO 2025-10-01 23:40:46,606 migration_service 🚀 [FAST] Starting migration: FINAL STATUS!A:I → charging_station_data
INFO 2025-10-01 23:40:46,617 migration_service 📥 Loading data from IHC!A:M...
INFO 2025-10-01 23:40:46,629 migration_service 📥 Loading data from Working!A:G...
INFO 2025-10-01 23:40:46,642 migration_service 📥 Loading data from MAKENICA!A:M...
INFO 2025-10-01 23:40:46,648 migration_service 📥 Loading data from Working!A:O...
INFO 2025-10-01 23:40:46,659 migration_service 📥 Loading data from FINAL STATUS!A:I...
INFO 2025-10-01 23:41:34,887 google_sheets ✓ Extracted 666170 rows from Working!A:O
INFO 2025-10-01 23:41:34,898 migration_service ✓ Loaded 666169 rows
INFO 2025-10-01 23:41:34,898 migration_service 🔄 Transforming 666169 records...
INFO 2025-10-01 23:41:44,257 migration_service ✓ Transformed 665846 records
INFO 2025-10-01 23:41:44,257 migration_service 🔍 Checking for duplicates...
ERROR 2025-10-01 23:41:48,273 google_sheets ✗ Failed to extract data from MAKENICA!A:M: The read operation timed out
ERROR 2025-10-01 23:41:48,274 google_sheets ✗ Failed to extract data from Working!A:G: The read operation timed out
ERROR 2025-10-01 23:41:48,280 migration_service ❌ [FAST] Failed: MAKENICA!A:M - No data found in sheet
ERROR 2025-10-01 23:41:48,280 migration_service ✗ Migration failed for MAKENICA!A:M: No data found in sheet
ERROR 2025-10-01 23:41:48,284 migration_service ❌ [FAST] Failed: Working!A:G - No data found in sheet
ERROR 2025-10-01 23:41:48,285 migration_service ✗ Migration failed for Working!A:G: No data found in sheet
ERROR 2025-10-01 23:41:48,441 google_sheets ✗ Failed to extract data from IHC!A:M: The read operation timed out
ERROR 2025-10-01 23:41:48,450 migration_service ❌ [FAST] Failed: IHC!A:M - No data found in sheet
ERROR 2025-10-01 23:41:48,450 migration_service ✗ Migration failed for IHC!A:M: No data found in sheet
ERROR 2025-10-01 23:41:48,479 google_sheets ✗ Failed to extract data from 3DE TECH!A:M: The read operation timed out
ERROR 2025-10-01 23:41:48,485 migration_service ❌ [FAST] Failed: 3DE TECH!A:M - No data found in sheet
ERROR 2025-10-01 23:41:48,485 migration_service ✗ Migration failed for 3DE TECH!A:M: No data found in sheet
ERROR 2025-10-01 23:41:50,062 google_sheets ✗ Failed to extract data from FINAL STATUS!A:I: The read operation timed out
ERROR 2025-10-01 23:41:50,070 migration_service ❌ [FAST] Failed: FINAL STATUS!A:I - No data found in sheet
ERROR 2025-10-01 23:41:50,071 migration_service ✗ Migration failed for FINAL STATUS!A:I: No data found in sheet
WARNING 2025-10-01 23:42:40,182 migration_service ⚠ Found 11893 duplicates (skipped)
INFO 2025-10-01 23:42:40,183 migration_service 💾 Bulk inserting 653953 records...
ERROR 2025-10-01 23:42:48,537 migration_service ❌ [FAST] Failed: Working!A:O - null value in column "date" of relation "ft_data" violates not-null constraint
DETAIL:  Failing row contains (1, null, null, null, UHR1-02/23-CG06-003, ACCEPTED, null, null, CG06, null, null, null, null, null, null, 2025-10-01 23:41:34.898648+00, 2025-10-01 23:41:34.898656+00).
CONTEXT:  COPY ft_data, line 1: ",,,UHR1-02/23-CG06-003,ACCEPTED,,,CG06,,,,,,,2025-10-01 23:41:34.898648+00:00,2025-10-01 23:41:34.89..."

ERROR 2025-10-01 23:42:48,537 migration_service ✗ Migration failed for Working!A:O: null value in column "date" of relation "ft_data" violates not-null constraint
DETAIL:  Failing row contains (1, null, null, null, UHR1-02/23-CG06-003, ACCEPTED, null, null, CG06, null, null, null, null, null, null, 2025-10-01 23:41:34.898648+00, 2025-10-01 23:41:34.898656+00).
CONTEXT:  COPY ft_data, line 1: ",,,UHR1-02/23-CG06-003,ACCEPTED,,,CG06,,,,,,,2025-10-01 23:41:34.898648+00:00,2025-10-01 23:41:34.89..."

INFO 2025-10-01 23:50:02,912 views Starting migration in FAST mode for user flamefusion
INFO 2025-10-01 23:50:02,974 google_sheets ✓ Google Sheets API connected
INFO 2025-10-01 23:50:02,989 migration_service 🚀 [FAST] Starting migration: 3DE TECH!A:M → vqc_data
INFO 2025-10-01 23:50:02,989 migration_service 📥 Loading data from 3DE TECH!A:M...
INFO 2025-10-01 23:50:02,998 migration_service 🚀 [FAST] Starting migration: Working!A:G → vendor_data
INFO 2025-10-01 23:50:02,998 migration_service 🚀 [FAST] Starting migration: IHC!A:M → vqc_data
INFO 2025-10-01 23:50:03,004 migration_service 🚀 [FAST] Starting migration: FINAL STATUS!A:I → charging_station_data
INFO 2025-10-01 23:50:03,005 migration_service 🚀 [FAST] Starting migration: Working!A:O → ft_data
INFO 2025-10-01 23:50:03,010 migration_service 🚀 [FAST] Starting migration: MAKENICA!A:M → vqc_data
INFO 2025-10-01 23:50:03,010 migration_service 📥 Loading data from Working!A:G...
INFO 2025-10-01 23:50:03,045 migration_service 📥 Loading data from IHC!A:M...
INFO 2025-10-01 23:50:03,051 migration_service 📥 Loading data from FINAL STATUS!A:I...
INFO 2025-10-01 23:50:03,057 migration_service 📥 Loading data from Working!A:O...
INFO 2025-10-01 23:50:03,070 migration_service 📥 Loading data from MAKENICA!A:M...
INFO 2025-10-01 23:50:08,446 google_sheets ✓ Extracted 42676 rows from FINAL STATUS!A:I
INFO 2025-10-01 23:50:08,446 migration_service ✓ Loaded 42675 rows
INFO 2025-10-01 23:50:08,447 migration_service 🔄 Transforming 42675 records...
INFO 2025-10-01 23:50:08,628 migration_service ✓ Transformed 0 records
INFO 2025-10-01 23:50:08,628 migration_service 🔍 Checking for duplicates...
INFO 2025-10-01 23:50:08,631 migration_service 💾 Bulk inserting 0 records...
INFO 2025-10-01 23:50:08,641 migration_service ✅ [FAST] Completed in 5.65s: FINAL STATUS!A:I (0 records)
INFO 2025-10-01 23:50:20,339 google_sheets ✓ Extracted 1418 rows from MAKENICA!A:M
INFO 2025-10-01 23:50:20,339 migration_service ✓ Loaded 1417 rows
INFO 2025-10-01 23:50:20,340 migration_service 🔄 Transforming 1417 records...
INFO 2025-10-01 23:50:20,351 migration_service ✓ Transformed 1410 records
INFO 2025-10-01 23:50:20,351 migration_service 🔍 Checking for duplicates...
WARNING 2025-10-01 23:50:20,359 migration_service ⚠ Found 1 duplicates (skipped)
INFO 2025-10-01 23:50:20,359 migration_service 💾 Bulk inserting 1409 records...
ERROR 2025-10-01 23:50:20,384 migration_service ❌ [FAST] Failed: MAKENICA!A:M - null value in column "status" of relation "vqc_data" violates not-null constraint
DETAIL:  Failing row contains (462, null, null, RA-CH2-OBE-W1-AA08-0000256, null, null, null, null, null, MAKENICA, null, COVER MISSMATCH, null, null, 2025-10-01 23:50:20.344525+00, 2025-10-01 23:50:20.344526+00).
CONTEXT:  COPY vqc_data, line 462: ",,RA-CH2-OBE-W1-AA08-0000256,,,,,,MAKENICA,,COVER MISSMATCH,,,2025-10-01 23:50:20.344525+00:00,2025-..."

ERROR 2025-10-01 23:50:20,385 migration_service ✗ Migration failed for MAKENICA!A:M: null value in column "status" of relation "vqc_data" violates not-null constraint
DETAIL:  Failing row contains (462, null, null, RA-CH2-OBE-W1-AA08-0000256, null, null, null, null, null, MAKENICA, null, COVER MISSMATCH, null, null, 2025-10-01 23:50:20.344525+00, 2025-10-01 23:50:20.344526+00).
CONTEXT:  COPY vqc_data, line 462: ",,RA-CH2-OBE-W1-AA08-0000256,,,,,,MAKENICA,,COVER MISSMATCH,,,2025-10-01 23:50:20.344525+00:00,2025-..."

INFO 2025-10-01 23:50:22,470 google_sheets ✓ Extracted 24408 rows from IHC!A:M
INFO 2025-10-01 23:50:22,471 migration_service ✓ Loaded 24407 rows
INFO 2025-10-01 23:50:22,471 migration_service 🔄 Transforming 24407 records...
INFO 2025-10-01 23:50:22,726 migration_service ✓ Transformed 24336 records
INFO 2025-10-01 23:50:22,727 migration_service 🔍 Checking for duplicates...
INFO 2025-10-01 23:50:23,471 google_sheets ✓ Extracted 392243 rows from Working!A:G
INFO 2025-10-01 23:50:23,477 migration_service ✓ Loaded 392242 rows
INFO 2025-10-01 23:50:23,477 migration_service 🔄 Transforming 392242 records...
WARNING 2025-10-01 23:50:24,070 migration_service ⚠ Found 93 duplicates (skipped)
INFO 2025-10-01 23:50:24,070 migration_service 💾 Bulk inserting 24243 records...
INFO 2025-10-01 23:50:24,627 migration_service ✓ Transformed 0 records
INFO 2025-10-01 23:50:24,627 migration_service 🔍 Checking for duplicates...
INFO 2025-10-01 23:50:24,629 migration_service 💾 Bulk inserting 0 records...
INFO 2025-10-01 23:50:24,638 migration_service ✅ [FAST] Completed in 21.65s: Working!A:G (0 records)
ERROR 2025-10-01 23:50:24,835 migration_service ❌ [FAST] Failed: IHC!A:M - null value in column "status" of relation "vqc_data" violates not-null constraint
DETAIL:  Failing row contains (8518, null, null, RA-CH2-OZE-W1-BR07-0001686, BR07, 07, null, null, null, IHC, null, null, OZE, null, 2025-10-01 23:50:22.547794+00, 2025-10-01 23:50:22.547795+00).
CONTEXT:  COPY vqc_data, line 8056: ",,RA-CH2-OZE-W1-BR07-0001686,BR07,07,,,,IHC,,,OZE,,2025-10-01 23:50:22.547794+00:00,2025-10-01 23:50..."

ERROR 2025-10-01 23:50:24,835 migration_service ✗ Migration failed for IHC!A:M: null value in column "status" of relation "vqc_data" violates not-null constraint
DETAIL:  Failing row contains (8518, null, null, RA-CH2-OZE-W1-BR07-0001686, BR07, 07, null, null, null, IHC, null, null, OZE, null, 2025-10-01 23:50:22.547794+00, 2025-10-01 23:50:22.547795+00).
CONTEXT:  COPY vqc_data, line 8056: ",,RA-CH2-OZE-W1-BR07-0001686,BR07,07,,,,IHC,,,OZE,,2025-10-01 23:50:22.547794+00:00,2025-10-01 23:50..."

ERROR 2025-10-01 23:51:05,913 google_sheets ✗ Failed to extract data from Working!A:O: The read operation timed out
ERROR 2025-10-01 23:51:05,920 migration_service ❌ [FAST] Failed: Working!A:O - No data found in sheet
ERROR 2025-10-01 23:51:05,920 migration_service ✗ Migration failed for Working!A:O: No data found in sheet
ERROR 2025-10-01 23:51:05,951 google_sheets ✗ Failed to extract data from 3DE TECH!A:M: The read operation timed out
ERROR 2025-10-01 23:51:05,957 migration_service ❌ [FAST] Failed: 3DE TECH!A:M - No data found in sheet
ERROR 2025-10-01 23:51:05,958 migration_service ✗ Migration failed for 3DE TECH!A:M: No data found in sheet
INFO 2025-10-02 05:56:20,988 views Starting migration in FAST mode for user flamefusion
INFO 2025-10-02 05:56:21,052 google_sheets ✓ Google Sheets API connected
INFO 2025-10-02 05:56:21,066 migration_service 🚀 [FAST] Starting migration: Working!A:G → vendor_data
INFO 2025-10-02 05:56:21,066 migration_service 📥 Loading data from Working!A:G...
INFO 2025-10-02 05:56:21,076 migration_service 🚀 [FAST] Starting migration: FINAL STATUS!A:I → charging_station_data
INFO 2025-10-02 05:56:21,081 migration_service 📥 Loading data from FINAL STATUS!A:I...
INFO 2025-10-02 05:56:21,081 migration_service 🚀 [FAST] Starting migration: MAKENICA!A:M → vqc_data
INFO 2025-10-02 05:56:21,082 migration_service 🚀 [FAST] Starting migration: IHC!A:M → vqc_data
INFO 2025-10-02 05:56:21,082 migration_service 🚀 [FAST] Starting migration: Working!A:O → ft_data
INFO 2025-10-02 05:56:21,093 migration_service 🚀 [FAST] Starting migration: 3DE TECH!A:M → vqc_data
INFO 2025-10-02 05:56:21,132 migration_service 📥 Loading data from MAKENICA!A:M...
INFO 2025-10-02 05:56:21,161 migration_service 📥 Loading data from IHC!A:M...
INFO 2025-10-02 05:56:21,190 migration_service 📥 Loading data from Working!A:O...
INFO 2025-10-02 05:56:21,230 migration_service 📥 Loading data from 3DE TECH!A:M...
INFO 2025-10-02 05:56:31,289 google_sheets ✓ Extracted 42676 rows from FINAL STATUS!A:I
INFO 2025-10-02 05:56:31,290 migration_service ✓ Loaded 42675 rows
INFO 2025-10-02 05:56:31,290 migration_service 🔄 Transforming 42675 records...
INFO 2025-10-02 05:56:31,477 migration_service ✓ Transformed 0 records
INFO 2025-10-02 05:56:31,478 migration_service 🔍 Checking for duplicates...
INFO 2025-10-02 05:56:31,479 migration_service 💾 Bulk inserting 0 records...
INFO 2025-10-02 05:56:31,485 migration_service ✅ [FAST] Completed in 10.42s: FINAL STATUS!A:I (0 records)
INFO 2025-10-02 05:56:43,149 google_sheets ✓ Extracted 24408 rows from IHC!A:M
INFO 2025-10-02 05:56:43,150 migration_service ✓ Loaded 24407 rows
INFO 2025-10-02 05:56:43,150 migration_service 🔄 Transforming 24407 records...
INFO 2025-10-02 05:56:43,521 migration_service ✓ Transformed 24336 records
INFO 2025-10-02 05:56:43,521 migration_service 🔍 Checking for duplicates...
WARNING 2025-10-02 05:56:43,971 migration_service ⚠ Found 93 duplicates (skipped)
INFO 2025-10-02 05:56:43,971 migration_service 💾 Bulk inserting 24243 records...
ERROR 2025-10-02 05:56:44,549 migration_service ❌ [FAST] Failed: IHC!A:M - null value in column "status" of relation "vqc_data" violates not-null constraint
DETAIL:  Failing row contains (16574, null, null, RA-CH2-OZE-W1-BR07-0001686, BR07, 07, null, null, null, IHC, null, null, OZE, null, 2025-10-02 05:56:43.25859+00, 2025-10-02 05:56:43.258592+00).
CONTEXT:  COPY vqc_data, line 8056: ",,RA-CH2-OZE-W1-BR07-0001686,BR07,07,,,,IHC,,,OZE,,2025-10-02 05:56:43.258590+00:00,2025-10-02 05:56..."

ERROR 2025-10-02 05:56:44,550 migration_service ✗ Migration failed for IHC!A:M: null value in column "status" of relation "vqc_data" violates not-null constraint
DETAIL:  Failing row contains (16574, null, null, RA-CH2-OZE-W1-BR07-0001686, BR07, 07, null, null, null, IHC, null, null, OZE, null, 2025-10-02 05:56:43.25859+00, 2025-10-02 05:56:43.258592+00).
CONTEXT:  COPY vqc_data, line 8056: ",,RA-CH2-OZE-W1-BR07-0001686,BR07,07,,,,IHC,,,OZE,,2025-10-02 05:56:43.258590+00:00,2025-10-02 05:56..."

ERROR 2025-10-02 05:57:25,285 google_sheets ✗ Failed to extract data from Working!A:O: The read operation timed out
ERROR 2025-10-02 05:57:25,292 migration_service ❌ [FAST] Failed: Working!A:O - No data found in sheet
ERROR 2025-10-02 05:57:25,292 migration_service ✗ Migration failed for Working!A:O: No data found in sheet
ERROR 2025-10-02 05:57:25,321 google_sheets ✗ Failed to extract data from Working!A:G: The read operation timed out
ERROR 2025-10-02 05:57:25,327 migration_service ❌ [FAST] Failed: Working!A:G - No data found in sheet
ERROR 2025-10-02 05:57:25,327 google_sheets ✗ Failed to extract data from MAKENICA!A:M: The read operation timed out
ERROR 2025-10-02 05:57:25,327 migration_service ✗ Migration failed for Working!A:G: No data found in sheet
ERROR 2025-10-02 05:57:25,331 google_sheets ✗ Failed to extract data from 3DE TECH!A:M: The read operation timed out
ERROR 2025-10-02 05:57:25,334 migration_service ❌ [FAST] Failed: MAKENICA!A:M - No data found in sheet
ERROR 2025-10-02 05:57:25,334 migration_service ✗ Migration failed for MAKENICA!A:M: No data found in sheet
ERROR 2025-10-02 05:57:25,338 migration_service ❌ [FAST] Failed: 3DE TECH!A:M - No data found in sheet
ERROR 2025-10-02 05:57:25,338 migration_service ✗ Migration failed for 3DE TECH!A:M: No data found in sheet
INFO 2025-10-02 07:03:18,350 google_sheets ✓ Google Sheets API connected
INFO 2025-10-02 07:03:49,505 google_sheets ✓ Extracted 392243 rows from Working!A:G
INFO 2025-10-02 07:04:10,864 views Starting migration in FAST mode for user flamefusion
INFO 2025-10-02 07:04:10,924 google_sheets ✓ Google Sheets API connected
INFO 2025-10-02 07:04:10,937 migration_service 🚀 [FAST] Starting migration: 3DE TECH!A:M → vqc_data
INFO 2025-10-02 07:04:10,938 migration_service 📥 Loading data from 3DE TECH!A:M...
INFO 2025-10-02 07:04:10,947 migration_service 🚀 [FAST] Starting migration: IHC!A:M → vqc_data
INFO 2025-10-02 07:04:10,948 migration_service 🚀 [FAST] Starting migration: FINAL STATUS!A:I → charging_station_data
INFO 2025-10-02 07:04:10,948 migration_service 🚀 [FAST] Starting migration: Working!A:O → ft_data
INFO 2025-10-02 07:04:10,948 migration_service 🚀 [FAST] Starting migration: MAKENICA!A:M → vqc_data
INFO 2025-10-02 07:04:10,948 migration_service 🚀 [FAST] Starting migration: Working!A:G → vendor_data
INFO 2025-10-02 07:04:10,958 migration_service 📥 Loading data from IHC!A:M...
INFO 2025-10-02 07:04:10,975 migration_service 📥 Loading data from FINAL STATUS!A:I...
INFO 2025-10-02 07:04:10,998 migration_service 📥 Loading data from Working!A:O...
INFO 2025-10-02 07:04:11,005 migration_service 📥 Loading data from MAKENICA!A:M...
INFO 2025-10-02 07:04:11,012 migration_service 📥 Loading data from Working!A:G...
ERROR 2025-10-02 07:05:14,454 google_sheets ✗ Failed to extract data from Working!A:O: The read operation timed out
ERROR 2025-10-02 07:05:14,461 migration_service ❌ [FAST] Failed: Working!A:O - No data found in sheet
ERROR 2025-10-02 07:05:14,461 migration_service ✗ Migration failed for Working!A:O: No data found in sheet
ERROR 2025-10-02 07:05:14,465 google_sheets ✗ Failed to extract data from 3DE TECH!A:M: The read operation timed out
ERROR 2025-10-02 07:05:14,471 migration_service ❌ [FAST] Failed: 3DE TECH!A:M - No data found in sheet
ERROR 2025-10-02 07:05:14,471 migration_service ✗ Migration failed for 3DE TECH!A:M: No data found in sheet
ERROR 2025-10-02 07:05:14,669 google_sheets ✗ Failed to extract data from IHC!A:M: The read operation timed out
ERROR 2025-10-02 07:05:14,671 google_sheets ✗ Failed to extract data from MAKENICA!A:M: The read operation timed out
ERROR 2025-10-02 07:05:14,676 migration_service ❌ [FAST] Failed: IHC!A:M - No data found in sheet
ERROR 2025-10-02 07:05:14,677 migration_service ✗ Migration failed for IHC!A:M: No data found in sheet
ERROR 2025-10-02 07:05:14,681 migration_service ❌ [FAST] Failed: MAKENICA!A:M - No data found in sheet
ERROR 2025-10-02 07:05:14,681 migration_service ✗ Migration failed for MAKENICA!A:M: No data found in sheet
ERROR 2025-10-02 07:05:14,701 google_sheets ✗ Failed to extract data from Working!A:G: The read operation timed out
ERROR 2025-10-02 07:05:14,708 migration_service ❌ [FAST] Failed: Working!A:G - No data found in sheet
ERROR 2025-10-02 07:05:14,708 migration_service ✗ Migration failed for Working!A:G: No data found in sheet
ERROR 2025-10-02 07:05:14,771 google_sheets ✗ Failed to extract data from FINAL STATUS!A:I: The read operation timed out
ERROR 2025-10-02 07:05:14,778 migration_service ❌ [FAST] Failed: FINAL STATUS!A:I - No data found in sheet
ERROR 2025-10-02 07:05:14,778 migration_service ✗ Migration failed for FINAL STATUS!A:I: No data found in sheet
INFO 2025-10-02 07:23:04,168 google_sheets ✓ Google Sheets API connected
INFO 2025-10-02 07:23:18,022 google_sheets ✓ Extracted 392243 rows from Working!A:G
INFO 2025-10-02 07:23:37,085 views Starting migration in FAST mode for user flamefusion
INFO 2025-10-02 07:23:37,157 google_sheets ✓ Google Sheets API connected
INFO 2025-10-02 07:23:37,170 migration_service 🚀 [FAST] Starting migration: Working!A:G → vendor_data
INFO 2025-10-02 07:23:37,170 migration_service 📥 Loading data from Working!A:G...
INFO 2025-10-02 07:23:37,180 migration_service 🚀 [FAST] Starting migration: Working!A:O → ft_data
INFO 2025-10-02 07:23:37,185 migration_service 🚀 [FAST] Starting migration: 3DE TECH!A:M → vqc_data
INFO 2025-10-02 07:23:37,192 migration_service 🚀 [FAST] Starting migration: MAKENICA!A:M → vqc_data
INFO 2025-10-02 07:23:37,192 migration_service 📥 Loading data from Working!A:O...
INFO 2025-10-02 07:23:37,202 migration_service 🚀 [FAST] Starting migration: FINAL STATUS!A:I → charging_station_data
INFO 2025-10-02 07:23:37,202 migration_service 🚀 [FAST] Starting migration: IHC!A:M → vqc_data
INFO 2025-10-02 07:23:37,213 migration_service 📥 Loading data from 3DE TECH!A:M...
INFO 2025-10-02 07:23:37,229 migration_service 📥 Loading data from MAKENICA!A:M...
INFO 2025-10-02 07:23:37,286 migration_service 📥 Loading data from FINAL STATUS!A:I...
INFO 2025-10-02 07:23:37,298 migration_service 📥 Loading data from IHC!A:M...
INFO 2025-10-02 07:23:46,602 google_sheets ✓ Extracted 392243 rows from Working!A:G
INFO 2025-10-02 07:23:46,609 migration_service ✓ Loaded 392242 rows
INFO 2025-10-02 07:23:46,609 migration_service 🔄 Transforming 392242 records...
INFO 2025-10-02 07:23:47,458 migration_service ✓ Transformed 0 records
INFO 2025-10-02 07:23:47,459 migration_service 🔍 Checking for duplicates...
INFO 2025-10-02 07:23:47,461 migration_service 💾 Bulk inserting 0 records...
INFO 2025-10-02 07:23:47,467 migration_service ✅ [FAST] Completed in 10.30s: Working!A:G (0 records)
INFO 2025-10-02 07:23:55,159 google_sheets ✓ Extracted 1418 rows from MAKENICA!A:M
INFO 2025-10-02 07:23:55,160 migration_service ✓ Loaded 1417 rows
INFO 2025-10-02 07:23:55,160 migration_service 🔄 Transforming 1417 records...
INFO 2025-10-02 07:23:55,176 migration_service ✓ Transformed 1410 records
INFO 2025-10-02 07:23:55,176 migration_service 🔍 Checking for duplicates...
WARNING 2025-10-02 07:23:55,184 migration_service ⚠ Found 1 duplicates (skipped)
INFO 2025-10-02 07:23:55,184 migration_service 💾 Bulk inserting 1409 records...
ERROR 2025-10-02 07:23:55,206 migration_service ❌ [FAST] Failed: MAKENICA!A:M - null value in column "status" of relation "vqc_data" violates not-null constraint
DETAIL:  Failing row contains (462, null, null, RA-CH2-OBE-W1-AA08-0000256, null, null, null, null, null, MAKENICA, null, COVER MISSMATCH, null, null, 2025-10-02 07:23:55.166916+00, 2025-10-02 07:23:55.166918+00).
CONTEXT:  COPY vqc_data, line 462: ",,RA-CH2-OBE-W1-AA08-0000256,,,,,,MAKENICA,,COVER MISSMATCH,,,2025-10-02 07:23:55.166916+00:00,2025-..."

ERROR 2025-10-02 07:23:55,207 migration_service ✗ Migration failed for MAKENICA!A:M: null value in column "status" of relation "vqc_data" violates not-null constraint
DETAIL:  Failing row contains (462, null, null, RA-CH2-OBE-W1-AA08-0000256, null, null, null, null, null, MAKENICA, null, COVER MISSMATCH, null, null, 2025-10-02 07:23:55.166916+00, 2025-10-02 07:23:55.166918+00).
CONTEXT:  COPY vqc_data, line 462: ",,RA-CH2-OBE-W1-AA08-0000256,,,,,,MAKENICA,,COVER MISSMATCH,,,2025-10-02 07:23:55.166916+00:00,2025-..."

INFO 2025-10-02 07:23:56,436 google_sheets ✓ Extracted 66832 rows from 3DE TECH!A:M
INFO 2025-10-02 07:23:56,437 migration_service ✓ Loaded 66831 rows
INFO 2025-10-02 07:23:56,437 migration_service 🔄 Transforming 66831 records...
INFO 2025-10-02 07:23:57,078 migration_service ✓ Transformed 66807 records
INFO 2025-10-02 07:23:57,078 migration_service 🔍 Checking for duplicates...
WARNING 2025-10-02 07:23:57,344 migration_service ⚠ Found 50 duplicates (skipped)
INFO 2025-10-02 07:23:57,345 migration_service 💾 Bulk inserting 66757 records...
INFO 2025-10-02 07:23:58,289 google_sheets ✓ Extracted 24408 rows from IHC!A:M
INFO 2025-10-02 07:23:58,289 migration_service ✓ Loaded 24407 rows
INFO 2025-10-02 07:23:58,289 migration_service 🔄 Transforming 24407 records...
INFO 2025-10-02 07:23:58,604 migration_service ✓ Transformed 24336 records
INFO 2025-10-02 07:23:58,604 migration_service 🔍 Checking for duplicates...
ERROR 2025-10-02 07:23:58,643 migration_service ❌ [FAST] Failed: 3DE TECH!A:M - null value in column "uid" of relation "vqc_data" violates not-null constraint
DETAIL:  Failing row contains (2818, null, null, null, null, null, null, null, null, 3DE TECH, null, null, null, null, 2025-10-02 07:23:56.463098+00, 2025-10-02 07:23:56.463099+00).
CONTEXT:  COPY vqc_data, line 2356: ",,,,,,,,3DE TECH,,,,,2025-10-02 07:23:56.463098+00:00,2025-10-02 07:23:56.463099+00:00"

ERROR 2025-10-02 07:23:58,644 migration_service ✗ Migration failed for 3DE TECH!A:M: null value in column "uid" of relation "vqc_data" violates not-null constraint
DETAIL:  Failing row contains (2818, null, null, null, null, null, null, null, null, 3DE TECH, null, null, null, null, 2025-10-02 07:23:56.463098+00, 2025-10-02 07:23:56.463099+00).
CONTEXT:  COPY vqc_data, line 2356: ",,,,,,,,3DE TECH,,,,,2025-10-02 07:23:56.463098+00:00,2025-10-02 07:23:56.463099+00:00"

WARNING 2025-10-02 07:23:59,060 migration_service ⚠ Found 93 duplicates (skipped)
INFO 2025-10-02 07:23:59,060 migration_service 💾 Bulk inserting 24243 records...
ERROR 2025-10-02 07:23:59,631 migration_service ❌ [FAST] Failed: IHC!A:M - null value in column "status" of relation "vqc_data" violates not-null constraint
DETAIL:  Failing row contains (10874, null, null, RA-CH2-OZE-W1-BR07-0001686, BR07, 07, null, null, null, IHC, null, null, OZE, null, 2025-10-02 07:23:58.376783+00, 2025-10-02 07:23:58.376784+00).
CONTEXT:  COPY vqc_data, line 8056: ",,RA-CH2-OZE-W1-BR07-0001686,BR07,07,,,,IHC,,,OZE,,2025-10-02 07:23:58.376783+00:00,2025-10-02 07:23..."

ERROR 2025-10-02 07:23:59,632 migration_service ✗ Migration failed for IHC!A:M: null value in column "status" of relation "vqc_data" violates not-null constraint
DETAIL:  Failing row contains (10874, null, null, RA-CH2-OZE-W1-BR07-0001686, BR07, 07, null, null, null, IHC, null, null, OZE, null, 2025-10-02 07:23:58.376783+00, 2025-10-02 07:23:58.376784+00).
CONTEXT:  COPY vqc_data, line 8056: ",,RA-CH2-OZE-W1-BR07-0001686,BR07,07,,,,IHC,,,OZE,,2025-10-02 07:23:58.376783+00:00,2025-10-02 07:23..."

INFO 2025-10-02 07:51:32,768 google_sheets ✓ Google Sheets API connected
INFO 2025-10-02 07:51:52,411 google_sheets ✓ Extracted 392243 rows from Working!A:G
INFO 2025-10-02 07:53:09,097 views Starting migration in FAST mode for user flamefusion
INFO 2025-10-02 07:53:09,157 google_sheets ✓ Google Sheets API connected
INFO 2025-10-02 07:53:09,174 migration_service 🚀 [FAST] Starting migration: IHC!A:M → vqc_data
INFO 2025-10-02 07:53:09,174 migration_service 🚀 [FAST] Starting migration: FINAL STATUS!A:I → charging_station_data
INFO 2025-10-02 07:53:09,174 migration_service 🚀 [FAST] Starting migration: MAKENICA!A:M → vqc_data
INFO 2025-10-02 07:53:09,174 migration_service 🚀 [FAST] Starting migration: 3DE TECH!A:M → vqc_data
INFO 2025-10-02 07:53:09,174 migration_service 🚀 [FAST] Starting migration: Working!A:G → vendor_data
INFO 2025-10-02 07:53:09,174 migration_service 📥 Loading data from IHC!A:M...
INFO 2025-10-02 07:53:09,175 migration_service 🚀 [FAST] Starting migration: Working!A:O → ft_data
INFO 2025-10-02 07:53:09,175 migration_service 📥 Loading data from 3DE TECH!A:M...
INFO 2025-10-02 07:53:09,175 migration_service 📥 Loading data from Working!A:G...
INFO 2025-10-02 07:53:09,175 migration_service 📥 Loading data from FINAL STATUS!A:I...
INFO 2025-10-02 07:53:09,175 migration_service 📥 Loading data from MAKENICA!A:M...
INFO 2025-10-02 07:53:09,192 migration_service 📥 Loading data from Working!A:O...
INFO 2025-10-02 07:53:18,735 google_sheets ✓ Extracted 42676 rows from FINAL STATUS!A:I
INFO 2025-10-02 07:53:18,736 migration_service ✓ Loaded 42675 rows
INFO 2025-10-02 07:53:18,736 migration_service 🔄 Transforming 42675 records...
INFO 2025-10-02 07:53:19,051 migration_service ✓ Transformed 42675 records
INFO 2025-10-02 07:53:19,051 migration_service 🔍 Checking for duplicates...
WARNING 2025-10-02 07:53:19,075 migration_service ⚠ Found 2 duplicates (skipped)
INFO 2025-10-02 07:53:19,076 migration_service 💾 Bulk inserting 42673 records...
ERROR 2025-10-02 07:53:19,475 migration_service ❌ [FAST] Failed: FINAL STATUS!A:I - null value in column "status" of relation "charging_station_data" violates not-null constraint
DETAIL:  Failing row contains (1, null, RA-CH2-IN3-W1-AG05-0000531, null, null, null, null, null, null, null, 2025-10-02 07:53:18.736514+00, 2025-10-02 07:53:18.736521+00).
CONTEXT:  COPY charging_station_data, line 1: ",RA-CH2-IN3-W1-AG05-0000531,,,,,,,,2025-10-02 07:53:18.736514+00:00,2025-10-02 07:53:18.736521+00:00"

ERROR 2025-10-02 07:53:19,475 migration_service ✗ Migration failed for FINAL STATUS!A:I: null value in column "status" of relation "charging_station_data" violates not-null constraint
DETAIL:  Failing row contains (1, null, RA-CH2-IN3-W1-AG05-0000531, null, null, null, null, null, null, null, 2025-10-02 07:53:18.736514+00, 2025-10-02 07:53:18.736521+00).
CONTEXT:  COPY charging_station_data, line 1: ",RA-CH2-IN3-W1-AG05-0000531,,,,,,,,2025-10-02 07:53:18.736514+00:00,2025-10-02 07:53:18.736521+00:00"

INFO 2025-10-02 07:53:24,249 google_sheets ✓ Extracted 392243 rows from Working!A:G
INFO 2025-10-02 07:53:24,254 migration_service ✓ Loaded 392242 rows
INFO 2025-10-02 07:53:24,254 migration_service 🔄 Transforming 392242 records...
INFO 2025-10-02 07:53:27,152 migration_service ✓ Transformed 390685 records
INFO 2025-10-02 07:53:27,152 migration_service 🔍 Checking for duplicates...
INFO 2025-10-02 08:02:10,898 google_sheets ✓ Google Sheets API connected
INFO 2025-10-02 08:02:28,811 google_sheets ✓ Extracted 392243 rows from Working!A:G
INFO 2025-10-02 08:03:19,398 views Starting migration in FAST mode for user flamefusion
INFO 2025-10-02 08:03:19,459 google_sheets ✓ Google Sheets API connected
INFO 2025-10-02 08:03:19,473 migration_service 🚀 [FAST] Starting migration: 3DE TECH!A:M → vqc_data
INFO 2025-10-02 08:03:19,473 migration_service 📥 Loading data from 3DE TECH!A:M...
INFO 2025-10-02 08:03:19,483 migration_service 🚀 [FAST] Starting migration: FINAL STATUS!A:I → charging_station_data
INFO 2025-10-02 08:03:19,483 migration_service 🚀 [FAST] Starting migration: Working!A:G → vendor_data
INFO 2025-10-02 08:03:19,483 migration_service 🚀 [FAST] Starting migration: Working!A:O → ft_data
INFO 2025-10-02 08:03:19,483 migration_service 🚀 [FAST] Starting migration: IHC!A:M → vqc_data
INFO 2025-10-02 08:03:19,483 migration_service 🚀 [FAST] Starting migration: MAKENICA!A:M → vqc_data
INFO 2025-10-02 08:03:19,489 migration_service 📥 Loading data from FINAL STATUS!A:I...
INFO 2025-10-02 08:03:19,501 migration_service 📥 Loading data from Working!A:G...
INFO 2025-10-02 08:03:19,518 migration_service 📥 Loading data from Working!A:O...
INFO 2025-10-02 08:03:19,534 migration_service 📥 Loading data from IHC!A:M...
INFO 2025-10-02 08:03:19,552 migration_service 📥 Loading data from MAKENICA!A:M...
INFO 2025-10-02 08:03:38,404 google_sheets ✓ Extracted 1418 rows from MAKENICA!A:M
INFO 2025-10-02 08:03:38,404 migration_service ✓ Loaded 1417 rows
INFO 2025-10-02 08:03:38,404 migration_service 🔄 Transforming 1417 records...
INFO 2025-10-02 08:03:38,415 migration_service ✓ Transformed 1410 records
INFO 2025-10-02 08:03:38,415 migration_service 🔍 Checking for duplicates...
WARNING 2025-10-02 08:03:38,424 migration_service ⚠ Found 1 duplicates (skipped)
INFO 2025-10-02 08:03:38,424 migration_service 💾 Bulk inserting 1409 records...
ERROR 2025-10-02 08:03:38,445 migration_service ❌ [FAST] Failed: MAKENICA!A:M - null value in column "status" of relation "vqc_data" violates not-null constraint
DETAIL:  Failing row contains (11336, null, null, RA-CH2-OBE-W1-AA08-0000256, null, null, null, null, null, MAKENICA, null, COVER MISSMATCH, null, null, 2025-10-02 08:03:38.409122+00, 2025-10-02 08:03:38.409123+00).
CONTEXT:  COPY vqc_data, line 462: ",,RA-CH2-OBE-W1-AA08-0000256,,,,,,MAKENICA,,COVER MISSMATCH,,,2025-10-02 08:03:38.409122+00:00,2025-..."

ERROR 2025-10-02 08:03:38,446 migration_service ✗ Migration failed for MAKENICA!A:M: null value in column "status" of relation "vqc_data" violates not-null constraint
DETAIL:  Failing row contains (11336, null, null, RA-CH2-OBE-W1-AA08-0000256, null, null, null, null, null, MAKENICA, null, COVER MISSMATCH, null, null, 2025-10-02 08:03:38.409122+00, 2025-10-02 08:03:38.409123+00).
CONTEXT:  COPY vqc_data, line 462: ",,RA-CH2-OBE-W1-AA08-0000256,,,,,,MAKENICA,,COVER MISSMATCH,,,2025-10-02 08:03:38.409122+00:00,2025-..."

INFO 2025-10-02 08:09:09,461 google_sheets ✓ Google Sheets API connected
INFO 2025-10-02 08:09:24,981 google_sheets ✓ Extracted 392243 rows from Working!A:G
INFO 2025-10-02 08:09:56,085 views Starting migration in FAST mode for user flamefusion
INFO 2025-10-02 08:09:56,149 google_sheets ✓ Google Sheets API connected
INFO 2025-10-02 08:09:56,161 migration_service 🚀 [FAST] Starting migration: Working!A:G → vendor_data
INFO 2025-10-02 08:09:56,161 migration_service 📥 Loading data from Working!A:G...
INFO 2025-10-02 08:09:56,171 migration_service 🚀 [FAST] Starting migration: FINAL STATUS!A:I → charging_station_data
INFO 2025-10-02 08:09:56,178 migration_service 🚀 [FAST] Starting migration: MAKENICA!A:M → vqc_data
INFO 2025-10-02 08:09:56,184 migration_service 🚀 [FAST] Starting migration: Working!A:O → ft_data
INFO 2025-10-02 08:09:56,184 migration_service 📥 Loading data from FINAL STATUS!A:I...
INFO 2025-10-02 08:09:56,184 migration_service 🚀 [FAST] Starting migration: IHC!A:M → vqc_data
INFO 2025-10-02 08:09:56,184 migration_service 🚀 [FAST] Starting migration: 3DE TECH!A:M → vqc_data
INFO 2025-10-02 08:09:56,200 migration_service 📥 Loading data from MAKENICA!A:M...
INFO 2025-10-02 08:09:56,217 migration_service 📥 Loading data from Working!A:O...
INFO 2025-10-02 08:09:56,257 migration_service 📥 Loading data from IHC!A:M...
INFO 2025-10-02 08:09:56,305 migration_service 📥 Loading data from 3DE TECH!A:M...
INFO 2025-10-02 08:10:05,429 google_sheets ✓ Extracted 42676 rows from FINAL STATUS!A:I
INFO 2025-10-02 08:10:05,430 migration_service ✓ Loaded 42675 rows
INFO 2025-10-02 08:10:05,431 migration_service 🔄 Transforming 42675 records...
INFO 2025-10-02 08:10:05,735 migration_service ✓ Transformed 42675 records
INFO 2025-10-02 08:10:05,735 migration_service 🔍 Checking for duplicates...
WARNING 2025-10-02 08:10:05,761 migration_service ⚠ Found 2 duplicates (skipped)
INFO 2025-10-02 08:10:05,761 migration_service 💾 Bulk inserting 42673 records...
ERROR 2025-10-02 08:10:06,129 migration_service ❌ [FAST] Failed: FINAL STATUS!A:I - null value in column "status" of relation "charging_station_data" violates not-null constraint
DETAIL:  Failing row contains (1, null, RA-CH2-IN3-W1-AG05-0000531, null, null, null, null, null, null, null, 2025-10-02 08:10:05.431496+00, 2025-10-02 08:10:05.431504+00).
CONTEXT:  COPY charging_station_data, line 1: ",RA-CH2-IN3-W1-AG05-0000531,,,,,,,,2025-10-02 08:10:05.431496+00:00,2025-10-02 08:10:05.431504+00:00"

ERROR 2025-10-02 08:10:06,129 migration_service ✗ Migration failed for FINAL STATUS!A:I: null value in column "status" of relation "charging_station_data" violates not-null constraint
DETAIL:  Failing row contains (1, null, RA-CH2-IN3-W1-AG05-0000531, null, null, null, null, null, null, null, 2025-10-02 08:10:05.431496+00, 2025-10-02 08:10:05.431504+00).
CONTEXT:  COPY charging_station_data, line 1: ",RA-CH2-IN3-W1-AG05-0000531,,,,,,,,2025-10-02 08:10:05.431496+00:00,2025-10-02 08:10:05.431504+00:00"

INFO 2025-10-02 08:10:12,934 google_sheets ✓ Extracted 392243 rows from Working!A:G
INFO 2025-10-02 08:10:12,939 migration_service ✓ Loaded 392242 rows
INFO 2025-10-02 08:10:12,939 migration_service 🔄 Transforming 392242 records...
INFO 2025-10-02 08:10:14,469 google_sheets ✓ Extracted 1418 rows from MAKENICA!A:M
INFO 2025-10-02 08:10:14,485 migration_service ✓ Loaded 1417 rows
INFO 2025-10-02 08:10:14,501 migration_service 🔄 Transforming 1417 records...
INFO 2025-10-02 08:10:14,521 migration_service ✓ Transformed 1410 records
INFO 2025-10-02 08:10:14,527 migration_service 🔍 Checking for duplicates...
WARNING 2025-10-02 08:10:14,559 migration_service ⚠ Found 1 duplicates (skipped)
INFO 2025-10-02 08:10:14,565 migration_service 💾 Bulk inserting 1409 records...
ERROR 2025-10-02 08:10:14,708 migration_service ❌ [FAST] Failed: MAKENICA!A:M - null value in column "status" of relation "vqc_data" violates not-null constraint
DETAIL:  Failing row contains (462, null, null, RA-CH2-OBE-W1-AA08-0000256, null, null, null, null, null, MAKENICA, null, COVER MISSMATCH, null, null, 2025-10-02 08:10:14.509826+00, 2025-10-02 08:10:14.509827+00).
CONTEXT:  COPY vqc_data, line 462: ",,RA-CH2-OBE-W1-AA08-0000256,,,,,,MAKENICA,,COVER MISSMATCH,,,2025-10-02 08:10:14.509826+00:00,2025-..."

ERROR 2025-10-02 08:10:14,713 migration_service ✗ Migration failed for MAKENICA!A:M: null value in column "status" of relation "vqc_data" violates not-null constraint
DETAIL:  Failing row contains (462, null, null, RA-CH2-OBE-W1-AA08-0000256, null, null, null, null, null, MAKENICA, null, COVER MISSMATCH, null, null, 2025-10-02 08:10:14.509826+00, 2025-10-02 08:10:14.509827+00).
CONTEXT:  COPY vqc_data, line 462: ",,RA-CH2-OBE-W1-AA08-0000256,,,,,,MAKENICA,,COVER MISSMATCH,,,2025-10-02 08:10:14.509826+00:00,2025-..."

INFO 2025-10-02 08:10:15,613 migration_service ✓ Transformed 390685 records
INFO 2025-10-02 08:10:15,614 migration_service 🔍 Checking for duplicates...
INFO 2025-10-02 08:10:18,173 google_sheets ✓ Extracted 66832 rows from 3DE TECH!A:M
INFO 2025-10-02 08:10:18,174 migration_service ✓ Loaded 66831 rows
INFO 2025-10-02 08:10:18,177 migration_service 🔄 Transforming 66831 records...
INFO 2025-10-02 08:10:18,893 migration_service ✓ Transformed 66807 records
INFO 2025-10-02 08:10:18,893 migration_service 🔍 Checking for duplicates...
WARNING 2025-10-02 08:10:19,307 migration_service ⚠ Found 50 duplicates (skipped)
INFO 2025-10-02 08:10:19,308 migration_service 💾 Bulk inserting 66757 records...
INFO 2025-10-02 08:10:19,576 google_sheets ✓ Extracted 24408 rows from IHC!A:M
INFO 2025-10-02 08:10:19,616 migration_service ✓ Loaded 24407 rows
INFO 2025-10-02 08:10:19,622 migration_service 🔄 Transforming 24407 records...
INFO 2025-10-02 08:10:20,270 migration_service ✓ Transformed 24336 records
INFO 2025-10-02 08:10:20,270 migration_service 🔍 Checking for duplicates...
ERROR 2025-10-02 08:10:20,357 migration_service ❌ [FAST] Failed: 3DE TECH!A:M - null value in column "uid" of relation "vqc_data" violates not-null constraint
DETAIL:  Failing row contains (2818, null, null, null, null, null, null, null, null, 3DE TECH, null, null, null, null, 2025-10-02 08:10:18.205036+00, 2025-10-02 08:10:18.205037+00).
CONTEXT:  COPY vqc_data, line 2356: ",,,,,,,,3DE TECH,,,,,2025-10-02 08:10:18.205036+00:00,2025-10-02 08:10:18.205037+00:00"

ERROR 2025-10-02 08:10:20,358 migration_service ✗ Migration failed for 3DE TECH!A:M: null value in column "uid" of relation "vqc_data" violates not-null constraint
DETAIL:  Failing row contains (2818, null, null, null, null, null, null, null, null, 3DE TECH, null, null, null, null, 2025-10-02 08:10:18.205036+00, 2025-10-02 08:10:18.205037+00).
CONTEXT:  COPY vqc_data, line 2356: ",,,,,,,,3DE TECH,,,,,2025-10-02 08:10:18.205036+00:00,2025-10-02 08:10:18.205037+00:00"

WARNING 2025-10-02 08:10:21,049 migration_service ⚠ Found 93 duplicates (skipped)
INFO 2025-10-02 08:10:21,050 migration_service 💾 Bulk inserting 24243 records...
ERROR 2025-10-02 08:10:21,477 migration_service ❌ [FAST] Failed: IHC!A:M - null value in column "status" of relation "vqc_data" violates not-null constraint
DETAIL:  Failing row contains (10874, null, null, RA-CH2-OZE-W1-BR07-0001686, BR07, 07, null, null, null, IHC, null, null, OZE, null, 2025-10-02 08:10:19.799861+00, 2025-10-02 08:10:19.799862+00).
CONTEXT:  COPY vqc_data, line 8056: ",,RA-CH2-OZE-W1-BR07-0001686,BR07,07,,,,IHC,,,OZE,,2025-10-02 08:10:19.799861+00:00,2025-10-02 08:10..."

ERROR 2025-10-02 08:10:21,477 migration_service ✗ Migration failed for IHC!A:M: null value in column "status" of relation "vqc_data" violates not-null constraint
DETAIL:  Failing row contains (10874, null, null, RA-CH2-OZE-W1-BR07-0001686, BR07, 07, null, null, null, IHC, null, null, OZE, null, 2025-10-02 08:10:19.799861+00, 2025-10-02 08:10:19.799862+00).
CONTEXT:  COPY vqc_data, line 8056: ",,RA-CH2-OZE-W1-BR07-0001686,BR07,07,,,,IHC,,,OZE,,2025-10-02 08:10:19.799861+00:00,2025-10-02 08:10..."

INFO 2025-10-02 08:10:27,946 google_sheets ✓ Extracted 666170 rows from Working!A:O
INFO 2025-10-02 08:10:27,955 migration_service ✓ Loaded 666169 rows
INFO 2025-10-02 08:10:27,956 migration_service 🔄 Transforming 666169 records...
INFO 2025-10-02 08:10:35,553 migration_service ✓ Transformed 665846 records
INFO 2025-10-02 08:10:35,554 migration_service 🔍 Checking for duplicates...
WARNING 2025-10-02 08:11:56,304 migration_service ⚠ Found 12451 duplicates (skipped)
INFO 2025-10-02 08:11:56,305 migration_service 💾 Bulk inserting 378234 records...
ERROR 2025-10-02 08:11:59,449 migration_service ❌ [FAST] Failed: Working!A:G - null value in column "mo_number" of relation "vendor_data" violates not-null constraint
DETAIL:  Failing row contains (1, null, null, RA-CH2-INF-W1-RT05-181, null, null, null, null, 3DE TECH, 2025-10-02 08:10:12.939733+00, 2025-10-02 08:10:12.939738+00).
CONTEXT:  COPY vendor_data, line 1: ",,RA-CH2-INF-W1-RT05-181,,,,,3DE TECH,2025-10-02 08:10:12.939733+00:00,2025-10-02 08:10:12.939738+00..."

ERROR 2025-10-02 08:11:59,450 migration_service ✗ Migration failed for Working!A:G: null value in column "mo_number" of relation "vendor_data" violates not-null constraint
DETAIL:  Failing row contains (1, null, null, RA-CH2-INF-W1-RT05-181, null, null, null, null, 3DE TECH, 2025-10-02 08:10:12.939733+00, 2025-10-02 08:10:12.939738+00).
CONTEXT:  COPY vendor_data, line 1: ",,RA-CH2-INF-W1-RT05-181,,,,,3DE TECH,2025-10-02 08:10:12.939733+00:00,2025-10-02 08:10:12.939738+00..."

WARNING 2025-10-02 08:12:08,008 migration_service ⚠ Found 11893 duplicates (skipped)
INFO 2025-10-02 08:12:08,008 migration_service 💾 Bulk inserting 653953 records...
ERROR 2025-10-02 08:12:15,258 migration_service ❌ [FAST] Failed: Working!A:O - null value in column "mo_number" of relation "ft_data" violates not-null constraint
DETAIL:  Failing row contains (1, null, null, null, UHR1-02/23-CG06-003, ACCEPTED, null, null, CG06, null, null, null, null, null, null, 2025-10-02 08:10:27.956491+00, 2025-10-02 08:10:27.956496+00).
CONTEXT:  COPY ft_data, line 1: ",,,UHR1-02/23-CG06-003,ACCEPTED,,,CG06,,,,,,,2025-10-02 08:10:27.956491+00:00,2025-10-02 08:10:27.95..."

ERROR 2025-10-02 08:12:15,258 migration_service ✗ Migration failed for Working!A:O: null value in column "mo_number" of relation "ft_data" violates not-null constraint
DETAIL:  Failing row contains (1, null, null, null, UHR1-02/23-CG06-003, ACCEPTED, null, null, CG06, null, null, null, null, null, null, 2025-10-02 08:10:27.956491+00, 2025-10-02 08:10:27.956496+00).
CONTEXT:  COPY ft_data, line 1: ",,,UHR1-02/23-CG06-003,ACCEPTED,,,CG06,,,,,,,2025-10-02 08:10:27.956491+00:00,2025-10-02 08:10:27.95..."

INFO 2025-10-02 08:21:33,611 google_sheets ✓ Google Sheets API connected
INFO 2025-10-02 08:22:42,095 google_sheets ✓ Extracted 392243 rows from Working!A:G
INFO 2025-10-02 08:23:02,365 views Starting migration in FAST mode for user flamefusion
INFO 2025-10-02 08:23:02,434 google_sheets ✓ Google Sheets API connected
INFO 2025-10-02 08:23:02,448 migration_service 🚀 [FAST] Starting migration: IHC!A:M → vqc_data
INFO 2025-10-02 08:23:02,448 migration_service 📥 Loading data from IHC!A:M...
INFO 2025-10-02 08:23:02,458 migration_service 🚀 [FAST] Starting migration: FINAL STATUS!A:I → charging_station_data
INFO 2025-10-02 08:23:02,458 migration_service 🚀 [FAST] Starting migration: 3DE TECH!A:M → vqc_data
INFO 2025-10-02 08:23:02,458 migration_service 🚀 [FAST] Starting migration: MAKENICA!A:M → vqc_data
INFO 2025-10-02 08:23:02,464 migration_service 🚀 [FAST] Starting migration: Working!A:O → ft_data
INFO 2025-10-02 08:23:02,470 migration_service 🚀 [FAST] Starting migration: Working!A:G → vendor_data
INFO 2025-10-02 08:23:02,470 migration_service 📥 Loading data from FINAL STATUS!A:I...
INFO 2025-10-02 08:23:02,492 migration_service 📥 Loading data from 3DE TECH!A:M...
INFO 2025-10-02 08:23:02,508 migration_service 📥 Loading data from MAKENICA!A:M...
INFO 2025-10-02 08:23:02,527 migration_service 📥 Loading data from Working!A:O...
INFO 2025-10-02 08:23:02,543 migration_service 📥 Loading data from Working!A:G...
INFO 2025-10-02 08:23:11,926 google_sheets ✓ Extracted 42676 rows from FINAL STATUS!A:I
INFO 2025-10-02 08:23:11,926 migration_service ✓ Loaded 42675 rows
INFO 2025-10-02 08:23:11,927 migration_service 🔄 Transforming 42675 records...
INFO 2025-10-02 08:23:12,231 migration_service ✓ Transformed 42675 records
INFO 2025-10-02 08:23:12,231 migration_service 🔍 Checking for duplicates...
WARNING 2025-10-02 08:23:12,257 migration_service ⚠ Found 2 duplicates (skipped)
INFO 2025-10-02 08:23:12,257 migration_service 💾 Bulk inserting 42673 records...
INFO 2025-10-02 08:23:13,638 migration_service ✅ [FAST] Completed in 11.19s: FINAL STATUS!A:I (42673 records)
INFO 2025-10-02 08:23:19,574 google_sheets ✓ Extracted 392243 rows from Working!A:G
INFO 2025-10-02 08:23:19,579 migration_service ✓ Loaded 392242 rows
INFO 2025-10-02 08:23:19,579 migration_service 🔄 Transforming 392242 records...
INFO 2025-10-02 08:23:21,931 migration_service ✓ Transformed 390685 records
INFO 2025-10-02 08:23:21,931 migration_service 🔍 Checking for duplicates...
INFO 2025-10-02 08:23:24,754 google_sheets ✓ Extracted 1418 rows from MAKENICA!A:M
INFO 2025-10-02 08:23:24,754 migration_service ✓ Loaded 1417 rows
INFO 2025-10-02 08:23:24,754 migration_service 🔄 Transforming 1417 records...
INFO 2025-10-02 08:23:24,768 migration_service ✓ Transformed 1410 records
INFO 2025-10-02 08:23:24,768 migration_service 🔍 Checking for duplicates...
INFO 2025-10-02 08:23:24,811 google_sheets ✓ Extracted 24408 rows from IHC!A:M
WARNING 2025-10-02 08:23:24,811 migration_service ⚠ Found 1 duplicates (skipped)
INFO 2025-10-02 08:23:24,811 migration_service ✓ Loaded 24407 rows
INFO 2025-10-02 08:23:24,812 migration_service 💾 Bulk inserting 1409 records...
INFO 2025-10-02 08:23:24,812 migration_service 🔄 Transforming 24407 records...
INFO 2025-10-02 08:23:25,083 migration_service ✓ Transformed 24336 records
INFO 2025-10-02 08:23:25,083 migration_service 🔍 Checking for duplicates...
ERROR 2025-10-02 08:23:25,092 migration_service ❌ [FAST] Failed: MAKENICA!A:M - null value in column "uid" of relation "vqc_data" violates not-null constraint
DETAIL:  Failing row contains (12077, null, null, null, null, null, null, null, null, MAKENICA, null, null, null, null, 2025-10-02 08:23:24.765956+00, 2025-10-02 08:23:24.765957+00).
CONTEXT:  COPY vqc_data, line 1203: ",,,,,,,,MAKENICA,,,,,2025-10-02 08:23:24.765956+00:00,2025-10-02 08:23:24.765957+00:00"

ERROR 2025-10-02 08:23:25,093 migration_service ✗ Migration failed for MAKENICA!A:M: null value in column "uid" of relation "vqc_data" violates not-null constraint
DETAIL:  Failing row contains (12077, null, null, null, null, null, null, null, null, MAKENICA, null, null, null, null, 2025-10-02 08:23:24.765956+00, 2025-10-02 08:23:24.765957+00).
CONTEXT:  COPY vqc_data, line 1203: ",,,,,,,,MAKENICA,,,,,2025-10-02 08:23:24.765956+00:00,2025-10-02 08:23:24.765957+00:00"

WARNING 2025-10-02 08:23:25,836 migration_service ⚠ Found 93 duplicates (skipped)
INFO 2025-10-02 08:23:25,837 migration_service 💾 Bulk inserting 24243 records...
ERROR 2025-10-02 08:23:26,256 migration_service ❌ [FAST] Failed: IHC!A:M - null value in column "uid" of relation "vqc_data" violates not-null constraint
DETAIL:  Failing row contains (20263, null, null, null, null, null, null, null, null, IHC, null, null, null, null, 2025-10-02 08:23:24.90784+00, 2025-10-02 08:23:24.907841+00).
CONTEXT:  COPY vqc_data, line 8186: ",,,,,,,,IHC,,,,,2025-10-02 08:23:24.907840+00:00,2025-10-02 08:23:24.907841+00:00"

ERROR 2025-10-02 08:23:26,257 migration_service ✗ Migration failed for IHC!A:M: null value in column "uid" of relation "vqc_data" violates not-null constraint
DETAIL:  Failing row contains (20263, null, null, null, null, null, null, null, null, IHC, null, null, null, null, 2025-10-02 08:23:24.90784+00, 2025-10-02 08:23:24.907841+00).
CONTEXT:  COPY vqc_data, line 8186: ",,,,,,,,IHC,,,,,2025-10-02 08:23:24.907840+00:00,2025-10-02 08:23:24.907841+00:00"

INFO 2025-10-02 08:23:28,163 google_sheets ✓ Extracted 66832 rows from 3DE TECH!A:M
INFO 2025-10-02 08:23:28,164 migration_service ✓ Loaded 66831 rows
INFO 2025-10-02 08:23:28,164 migration_service 🔄 Transforming 66831 records...
INFO 2025-10-02 08:23:28,851 migration_service ✓ Transformed 66807 records
INFO 2025-10-02 08:23:28,851 migration_service 🔍 Checking for duplicates...
WARNING 2025-10-02 08:23:29,268 migration_service ⚠ Found 50 duplicates (skipped)
INFO 2025-10-02 08:23:29,269 migration_service 💾 Bulk inserting 66757 records...
ERROR 2025-10-02 08:23:29,990 migration_service ❌ [FAST] Failed: 3DE TECH!A:M - null value in column "uid" of relation "vqc_data" violates not-null constraint
DETAIL:  Failing row contains (22619, null, null, null, null, null, null, null, null, 3DE TECH, null, null, null, null, 2025-10-02 08:23:28.191115+00, 2025-10-02 08:23:28.191116+00).
CONTEXT:  COPY vqc_data, line 2356: ",,,,,,,,3DE TECH,,,,,2025-10-02 08:23:28.191115+00:00,2025-10-02 08:23:28.191116+00:00"

ERROR 2025-10-02 08:23:29,990 migration_service ✗ Migration failed for 3DE TECH!A:M: null value in column "uid" of relation "vqc_data" violates not-null constraint
DETAIL:  Failing row contains (22619, null, null, null, null, null, null, null, null, 3DE TECH, null, null, null, null, 2025-10-02 08:23:28.191115+00, 2025-10-02 08:23:28.191116+00).
CONTEXT:  COPY vqc_data, line 2356: ",,,,,,,,3DE TECH,,,,,2025-10-02 08:23:28.191115+00:00,2025-10-02 08:23:28.191116+00:00"

